{"options":{"check_for_updates":true,"comment":null,"compatopts_for_requires":true,"compat_wrappedjsobject":false,"compat_metadata":false,"compat_foreach":false,"compat_arrayleft":false,"compat_uW_gmonkey":false,"compat_forvarin":false,"noframes":null,"awareOfChrome":false,"run_at":null,"override":{"use_includes":[],"orig_includes":["*://hentaiverse.org/*","*://alt.hentaiverse.org/*"],"merge_includes":true,"use_matches":[],"orig_matches":[],"merge_matches":true,"use_excludes":[],"orig_excludes":[],"merge_excludes":true,"use_connects":[],"merge_connects":true,"use_blockers":[],"orig_run_at":"document-idle","orig_noframes":null,"orig_connects":[]}},"settings":{"enabled":true,"position":21},"meta":{"name":"HentaiVerse汉化","uuid":"6f6ff31a-1403-4465-9f81-1840aca24fbd","modified":1599313909500,"file_url":"https://greasyfork.org/scripts/404118-hentaiverse%E6%B1%89%E5%8C%96/code/HentaiVerse%E6%B1%89%E5%8C%96.user.js"}}