{"options":{"check_for_updates":true,"comment":null,"compatopts_for_requires":true,"compat_wrappedjsobject":false,"compat_metadata":false,"compat_foreach":false,"compat_arrayleft":false,"compat_uW_gmonkey":false,"compat_forvarin":false,"noframes":null,"awareOfChrome":false,"run_at":null,"override":{"use_includes":[],"orig_includes":["*://hentaiverse.org/*","*://alt.hentaiverse.org/*","file:///D:/Datas/Downloads/*.htm"],"merge_includes":true,"use_matches":[],"orig_matches":[],"merge_matches":true,"use_excludes":[],"orig_excludes":["*://*hentaiverse.org/equip/*","*://*hentaiverse.org/pages/showequip.php?*"],"merge_excludes":true,"use_connects":[],"merge_connects":true,"use_blockers":[],"orig_run_at":"document-idle","orig_noframes":null,"orig_connects":[]}},"settings":{"enabled":true,"position":22},"meta":{"name":"HV 战斗汉化","uuid":"b05377f1-e1af-4e90-92a2-d69d89d98a3d","modified":1599313927169,"file_url":"https://greasyfork.org/scripts/404120-hv-%E6%88%98%E6%96%97%E6%B1%89%E5%8C%96/code/HV%20%E6%88%98%E6%96%97%E6%B1%89%E5%8C%96.user.js"}}