{"options":{"check_for_updates":true,"comment":null,"compatopts_for_requires":true,"compat_wrappedjsobject":false,"compat_metadata":false,"compat_foreach":false,"compat_arrayleft":false,"compat_uW_gmonkey":false,"compat_forvarin":false,"noframes":null,"awareOfChrome":false,"run_at":null,"override":{"use_includes":[],"orig_includes":[],"merge_includes":true,"use_matches":[],"orig_matches":["*://*hentaiverse.org/?s=Bazaar&ss=is*","*://*hentaiverse.org/?s=Bazaar&ss=es*","*://*hentaiverse.org/?s=Bazaar&ss=ss*","*://*hentaiverse.org/?s=Character&ss=it*","*://forums.e-hentai.org/*showtopic=*","*://*hentaiverse.org/?s=Bazaar&ss=lt*","*://*hentaiverse.org/?s=Bazaar&ss=la*"],"merge_matches":true,"use_excludes":[],"orig_excludes":["*://*hentaiverse.org/?s=Character&ss=in*","*://*hentaiverse.org/?s=Character&ss=eq*","*://*hentaiverse.org/?s=Battle&ss=iw*","*://*hentaiverse.org/?s=Forge*","*://*hentaiverse.org/equip/*","*://*hentaiverse.org/pages/showequip.php?*"],"merge_excludes":true,"use_connects":[],"merge_connects":true,"use_blockers":[],"orig_run_at":"document-idle","orig_noframes":null,"orig_connects":[]}},"settings":{"enabled":true,"position":23},"meta":{"name":"HV 物品装备汉化","uuid":"7783a53c-3613-438f-95da-f46f11f1204d","modified":1599313937072,"file_url":"https://greasyfork.org/scripts/404119-hv-%E7%89%A9%E5%93%81%E8%A3%85%E5%A4%87%E6%B1%89%E5%8C%96/code/HV%20%E7%89%A9%E5%93%81%E8%A3%85%E5%A4%87%E6%B1%89%E5%8C%96.user.js"}}