{"data":{"historyRecommend":"s[{\"title\":\"【睡前消息152】坐牢27年只赔500万，唯有透明化能挽回信任\",\"cover\":\"https://i1.hdslb.com/bfs/archive/59a570c64b4821c5d3b9ff9115c89dc21e23c281.jpg\",\"uri\":\"bilibili://video/499205716\",\"param\":\"499205716\",\"goto\":\"av\",\"desc\":\"15967弹幕\",\"play\":728111,\"danmaku\":15967,\"reply\":6380,\"favorite\":6912,\"coin\":18508,\"share\":2147,\"like\":55056,\"duration\":1120,\"idx\":1597061029,\"cid\":222432116,\"tid\":124,\"tname\":\"社科人文\",\"tag\":{\"tag_id\":533161,\"tag_name\":\"江西\",\"count\":{\"atten\":181}},\"dislike_reasons\":[{\"reason_id\":4,\"reason_name\":\"UP主:观视频工作室\"},{\"reason_id\":2,\"reason_name\":\"分区:社科人文\"},{\"reason_id\":3,\"reason_name\":\"标签:江西\"},{\"reason_id\":1,\"reason_name\":\"不感兴趣\"}],\"ctime\":1596981614,\"autoplay\":1,\"mid\":54992199,\"name\":\"观视频工作室\",\"face\":\"http://i1.hdslb.com/bfs/face/9fde235378806dacaa4761bf32a6498a7531b55a.jpg\",\"official\":{\"role\":1,\"title\":\"bilibili 知名UP主\"},\"autoplay_card\":2},{\"title\":\"灰太狼，感受痛楚吧 ！\",\"cover\":\"https://i0.hdslb.com/bfs/archive/2fba86e9830a72553673c2cf453d5a5b488de829.jpg\",\"uri\":\"bilibili://video/244127635\",\"param\":\"244127635\",\"goto\":\"av\",\"desc\":\"398弹幕\",\"play\":316411,\"danmaku\":398,\"reply\":306,\"favorite\":2621,\"coin\":1438,\"share\":1938,\"like\":17738,\"duration\":61,\"idx\":1597061028,\"cid\":222344437,\"tid\":47,\"tname\":\"短片·手书·配音\",\"tag\":{\"tag_id\":1833,\"tag_name\":\"搞笑\",\"count\":{\"atten\":1945999}},\"dislike_reasons\":[{\"reason_id\":4,\"reason_name\":\"UP主:往来无白嫖\"},{\"reason_id\":2,\"reason_name\":\"分区:短片·手书·配音\"},{\"reason_id\":3,\"reason_name\":\"标签:搞笑\"},{\"reason_id\":1,\"reason_name\":\"不感兴趣\"}],\"ctime\":1596964910,\"autoplay\":1,\"mid\":27794597,\"name\":\"往来无白嫖\",\"face\":\"http://i2.hdslb.com/bfs/face/8a89144343433d1ca7189b5373ee92246bca3619.jpg\"},{\"title\":\"骗设计师学游戏开发 - 𝒐𝒐𝒐𝒐𝒐𝒐𝒉𝒎𝒚𝒈𝒐𝒔𝒉\",\"cover\":\"https://i0.hdslb.com/bfs/archive/638e5d8672399cc86404ce2b8fff8705a4358568.jpg\",\"uri\":\"bilibili://video/414162197\",\"param\":\"414162197\",\"goto\":\"av\",\"desc\":\"233弹幕\",\"play\":62351,\"danmaku\":233,\"reply\":261,\"favorite\":5063,\"coin\":4558,\"share\":446,\"like\":7359,\"duration\":355,\"idx\":1597061027,\"cid\":222460966,\"tid\":122,\"tname\":\"野生技术协会\",\"tag\":{\"tag_id\":66731,\"tag_name\":\"UNITY\",\"count\":{\"atten\":1008}},\"dislike_reasons\":[{\"reason_id\":4,\"reason_name\":\"UP主:oooooohmygosh\"},{\"reason_id\":2,\"reason_name\":\"分区:野生技术协会\"},{\"reason_id\":3,\"reason_name\":\"标签:UNITY\"},{\"reason_id\":1,\"reason_name\":\"不感兴趣\"}],\"ctime\":1596987359,\"autoplay\":1,\"mid\":38053181,\"name\":\"oooooohmygosh\",\"face\":\"http://i0.hdslb.com/bfs/face/a42997476c620e2b097a2e695e16586dcb117ee4.jpg\",\"official\":{\"role\":1,\"title\":\"bilibili 知名UP主\"}},{\"title\":\"史 诗 JO 响 乐\",\"cover\":\"https://i1.hdslb.com/bfs/archive/2ad0488c920f5c4daf771f711a4b4d9bfc8fc49b.jpg\",\"uri\":\"bilibili://video/541701954\",\"param\":\"541701954\",\"goto\":\"av\",\"desc\":\"6430弹幕\",\"play\":274896,\"danmaku\":6430,\"reply\":834,\"favorite\":27078,\"coin\":28688,\"share\":2988,\"like\":40536,\"duration\":1089,\"idx\":1597061026,\"cid\":221779597,\"tid\":130,\"tname\":\"音乐综合\",\"tag\":{\"tag_id\":373,\"tag_name\":\"演奏\",\"count\":{\"atten\":126501}},\"dislike_reasons\":[{\"reason_id\":4,\"reason_name\":\"UP主:JasonHuangMusic\"},{\"reason_id\":2,\"reason_name\":\"分区:音乐综合\"},{\"reason_id\":3,\"reason_name\":\"标签:演奏\"},{\"reason_id\":1,\"reason_name\":\"不感兴趣\"}],\"ctime\":1596877231,\"autoplay\":1,\"mid\":311671229,\"name\":\"JasonHuangMusic\",\"face\":\"http://i2.hdslb.com/bfs/face/1ac383d18dc8cf2900196e72d8279d12b10cb4fc.jpg\",\"official\":{\"role\":1,\"title\":\"音乐人JasonHuang\"}},{\"title\":\"邻居竟然被关起来了！你好邻居2试玩版通关！\",\"cover\":\"https://i0.hdslb.com/bfs/archive/1ab985855dd7f8f069f21b8830c6a0e46b37b1d9.jpg\",\"uri\":\"bilibili://video/456724083\",\"param\":\"456724083\",\"goto\":\"av\",\"desc\":\"19034弹幕\",\"play\":1640147,\"danmaku\":19034,\"reply\":3910,\"favorite\":20417,\"coin\":32701,\"share\":1255,\"like\":146523,\"duration\":909,\"idx\":1597061025,\"cid\":221106932,\"tid\":17,\"tname\":\"单机游戏\",\"tag\":{\"tag_id\":33450,\"tag_name\":\"独立游戏\",\"count\":{\"atten\":162010}},\"dislike_reasons\":[{\"reason_id\":4,\"reason_name\":\"UP主:中国BOY超级大猩猩\"},{\"reason_id\":2,\"reason_name\":\"分区:单机游戏\"},{\"reason_id\":3,\"reason_name\":\"标签:独立游戏\"},{\"reason_id\":1,\"reason_name\":\"不感兴趣\"}],\"ctime\":1596702317,\"autoplay\":1,\"mid\":562197,\"name\":\"中国BOY超级大猩猩\",\"face\":\"http://i2.hdslb.com/bfs/face/068939602dae190c86f6b36ca301281d7d8aa6d9.jpg\",\"official\":{\"role\":1,\"title\":\"bilibili 2019百大UP主、知名UP主\"}},{\"title\":\"【嘟督咆哮解说】游戏史上哭出鼻涕居然还吸回去的反派？！《孤岛惊魂5》（最终话）\",\"cover\":\"https://i1.hdslb.com/bfs/archive/3448085f9219393430a72d44bf342ea6cabf8d8a.jpg\",\"uri\":\"bilibili://video/371718659\",\"param\":\"371718659\",\"goto\":\"av\",\"desc\":\"11666弹幕\",\"play\":416522,\"danmaku\":11666,\"reply\":2126,\"favorite\":10766,\"coin\":29836,\"share\":941,\"like\":56655,\"duration\":903,\"idx\":1597061024,\"cid\":222015678,\"tid\":17,\"tname\":\"单机游戏\",\"tag\":{\"tag_id\":17683,\"tag_name\":\"单机游戏\",\"count\":{\"atten\":708794}},\"dislike_reasons\":[{\"reason_id\":4,\"reason_name\":\"UP主:嘟督不噶油\"},{\"reason_id\":2,\"reason_name\":\"分区:单机游戏\"},{\"reason_id\":3,\"reason_name\":\"标签:单机游戏\"},{\"reason_id\":1,\"reason_name\":\"不感兴趣\"}],\"ctime\":1596888472,\"autoplay\":1,\"mid\":2403047,\"name\":\"嘟督不噶油\",\"face\":\"http://i1.hdslb.com/bfs/face/34d7ccfe7fbfe16e2e764b7bd543d1bb566ff208.jpg\",\"official\":{\"role\":1,\"title\":\"bilibili 2019百大UP主、 知名UP主\"}},{\"title\":\"【Morty深度干货】未来十年普通人实现资产翻倍增长的秘密！\",\"cover\":\"https://i2.hdslb.com/bfs/archive/50fe7209481f02fa3300d15b716bd3f1f8491bc3.jpg\",\"uri\":\"bilibili://video/329168651\",\"param\":\"329168651\",\"goto\":\"av\",\"desc\":\"4096弹幕\",\"play\":258405,\"danmaku\":4096,\"reply\":1211,\"favorite\":18180,\"coin\":15172,\"share\":4399,\"like\":16707,\"duration\":2890,\"idx\":1597061023,\"cid\":221884848,\"tid\":207,\"tname\":\"财经\",\"tag\":{\"tag_id\":40737,\"tag_name\":\"人文\",\"count\":{\"atten\":369655}},\"dislike_reasons\":[{\"reason_id\":4,\"reason_name\":\"UP主:这是Morty\"},{\"reason_id\":2,\"reason_name\":\"分区:财经\"},{\"reason_id\":3,\"reason_name\":\"标签:人文\"},{\"reason_id\":1,\"reason_name\":\"不感兴趣\"}],\"ctime\":1596869197,\"autoplay\":1,\"mid\":393260578,\"name\":\"这是Morty\",\"face\":\"http://i2.hdslb.com/bfs/face/71c46b06c7d258ea404e44191269ce5dd3d0739d.jpg\",\"official\":{\"role\":1,\"title\":\"bilibili 知名科普UP主\"}},{\"title\":\"外卖买的披萨真的都会偷工减料吗？帅小伙一次性买五家披萨求真\",\"cover\":\"https://i0.hdslb.com/bfs/archive/c5363c4912ef55659c6c8739b0bcf83d07073492.jpg\",\"uri\":\"bilibili://video/456719094\",\"param\":\"456719094\",\"goto\":\"av\",\"desc\":\"13457弹幕\",\"play\":1740878,\"danmaku\":13457,\"reply\":4404,\"favorite\":9031,\"coin\":32666,\"share\":1414,\"like\":164919,\"duration\":319,\"idx\":1597061022,\"cid\":221612223,\"tid\":76,\"tname\":\"美食圈\",\"tag\":{\"tag_id\":1102683,\"tag_name\":\"吃播\",\"count\":{\"atten\":497271}},\"dislike_reasons\":[{\"reason_id\":4,\"reason_name\":\"UP主:记录生活的蛋黄派\"},{\"reason_id\":2,\"reason_name\":\"分区:美食圈\"},{\"reason_id\":3,\"reason_name\":\"标签:吃播\"},{\"reason_id\":1,\"reason_name\":\"不感兴趣\"}],\"ctime\":1596791911,\"autoplay\":1,\"mid\":337521240,\"name\":\"记录生活的蛋黄派\",\"face\":\"http://i1.hdslb.com/bfs/face/9ba6c7a0d3a2ebfe9db2f46219ece98e210d0269.jpg\",\"official\":{\"role\":1,\"title\":\"bilibili 2019百大UP主、知名美食UP主\",\"desc\":\"第一届“bilibili新星计划”获奖者\"}},{\"title\":\"坐稳扶好！车门焊死！50s后开始回收硬币 全程畅享极致快感！\",\"cover\":\"https://i0.hdslb.com/bfs/archive/e9812dacb54fdc0d0fed4557dfdb8c69c288db78.jpg\",\"uri\":\"bilibili://video/201722206\",\"param\":\"201722206\",\"goto\":\"av\",\"desc\":\"516弹幕\",\"play\":61508,\"danmaku\":516,\"reply\":375,\"favorite\":4939,\"coin\":5123,\"share\":225,\"like\":8823,\"duration\":217,\"idx\":1597061021,\"cid\":221998305,\"tid\":24,\"tname\":\"MAD·AMV\",\"tag\":{\"tag_id\":485740,\"tag_name\":\"MAD.AMV\",\"count\":{\"atten\":56160}},\"dislike_reasons\":[{\"reason_id\":4,\"reason_name\":\"UP主:学姐圆\"},{\"reason_id\":2,\"reason_name\":\"分区:MAD·AMV\"},{\"reason_id\":3,\"reason_name\":\"标签:MAD.AMV\"},{\"reason_id\":1,\"reason_name\":\"不感兴趣\"}],\"ctime\":1596861905,\"autoplay\":1,\"mid\":30502823,\"name\":\"学姐圆\",\"face\":\"http://i2.hdslb.com/bfs/face/2e0e47571d612323fdd1991a01d5e4fefa4dd8ad.webp\"},{\"title\":\"【互动/剧情】经典恋爱神作！穿露肩毛衣的凯尔希医生？博士的恋爱白给大作战！\",\"cover\":\"https://i1.hdslb.com/bfs/archive/9662871567aa79d6ccee30fe1b7e77b608b3d6d3.jpg\",\"uri\":\"bilibili://video/839186170\",\"param\":\"839186170\",\"goto\":\"av\",\"desc\":\"5300弹幕\",\"play\":286199,\"danmaku\":5300,\"reply\":989,\"favorite\":22909,\"coin\":27876,\"share\":1871,\"like\":31103,\"duration\":987,\"idx\":1597061020,\"cid\":220999768,\"tid\":27,\"tname\":\"综合\",\"tag\":{\"tag_id\":4610466,\"tag_name\":\"明日方舟\",\"count\":{\"atten\":239566}},\"dislike_reasons\":[{\"reason_id\":4,\"reason_name\":\"UP主:光隆Planet\"},{\"reason_id\":2,\"reason_name\":\"分区:综合\"},{\"reason_id\":3,\"reason_name\":\"标签:明日方舟\"},{\"reason_id\":1,\"reason_name\":\"不感兴趣\"}],\"ctime\":1596790973,\"mid\":13864761,\"name\":\"光隆Planet\",\"face\":\"http://i2.hdslb.com/bfs/face/738092015d2c89382450588e2d2f8c4f6cd3aa37.jpg\"}]"},"ts":1597119007293}