{"data":{"backup":"o{\"西洋剑盾\":{\"version\":\"2.90\",\"lang\":\"0\",\"buffSkillSwitch\":true,\"debuffSkillSwitch\":true,\"skillSwitch\":true,\"dropMonitor\":true,\"recordUsage\":true,\"hp1\":75,\"mp1\":75,\"sp1\":75,\"attackStatus\":0,\"pauseButton\":true,\"pauseHotkey\":true,\"pauseHotkeyStr\":\" \",\"pauseHotkeyCode\":32,\"notification\":true,\"riddleRadio\":true,\"turnOnSS\":true,\"turnOnSSCondition\":{\"0\":[\"oc,1,249\"]},\"delayAlertTime\":0,\"delayReloadTime\":0,\"riddleAnswerTime\":5,\"staminaLose\":5,\"staminaPause\":true,\"staminaWarn\":true,\"idleArenaTime\":60,\"idleArenaLevels\":\"GF\",\"idleArenaValue\":\"gr\",\"arLevel\":{\"GF\":true},\"idleArenaGrTime\":999,\"repairValue\":0,\"autoPause\":true,\"pauseCondition\":{\"0\":[\"hp,2,30\"]},\"staminaLow\":30,\"delay\":200,\"delay2\":30,\"itemOrderName\":\"Cure,FC,HP,MP,SP,ME\",\"itemOrderValue\":\"311,313,11195,11295,11395,11299\",\"itemOrder\":{\"Cure\":true,\"FC\":true,\"HP\":true,\"MP\":true,\"ME\":true,\"SP\":true},\"item\":{\"Cure\":true,\"FC\":true,\"HP\":true,\"MP\":true,\"ME\":true,\"SP\":true},\"itemCureCondition\":{\"0\":[\"hp,2,60\"]},\"itemFCCondition\":{\"0\":[\"hp,2,40\"]},\"itemHPCondition\":{\"0\":[\"hp,2,50\"]},\"itemMPCondition\":{\"0\":[\"mp,2,50\"]},\"itemMECondition\":{\"0\":[\"mp,2,10\"]},\"itemSPCondition\":{\"0\":[\"sp,2,50\"]},\"channelSkill\":{\"AF\":true,\"He\":true,\"Re\":true},\"channelSkill2\":true,\"channelSkill2OrderName\":\"Cu,FC,AF,He,Re\",\"channelSkill2OrderValue\":\"311,313,432,431,312\",\"channelSkill2Order\":{\"Cu\":true,\"FC\":true,\"AF\":true,\"He\":true,\"Re\":true},\"buffSkillOrderValue\":\"Re,He\",\"buffSkillOrder\":{\"He\":true,\"Re\":true},\"buffSkill\":{\"HD\":true,\"MD\":true,\"SD\":true,\"He\":true,\"Re\":true,\"Ab\":true},\"buffSkillHDCondition\":{\"0\":[\"hp,2,70\"]},\"buffSkillMDCondition\":{\"0\":[\"hp,2,70\"]},\"buffSkillSDCondition\":{\"0\":[\"sp,2,70\"]},\"buffSkillHeCondition\":{\"0\":[\"_buffTurn_,2,2\"]},\"buffSkillReCondition\":{\"0\":[\"hp,2,80\"]},\"buffSkillAbCondition\":{\"0\":[\"_buffTurn_,2,1\"]},\"debuffSkillOrderValue\":\"Slo,Im,Si,Dr,We,MN,Bl\",\"debuffSkillOrder\":{\"Bl\":true,\"Slo\":true,\"Im\":true,\"MN\":true,\"Si\":true,\"Dr\":true,\"We\":true},\"debuffSkill\":{\"Bl\":true,\"Slo\":true,\"Im\":true,\"MN\":true,\"Si\":true,\"Dr\":true,\"We\":true},\"debuffSkillBlCondition\":{\"0\":[\"monsterAlive,4,bossAll\",\"_buffTurn_,2,1\",\"mp,1,50\"]},\"debuffSkillWeSlondition\":{\"0\":[\"monsterAlive,4,bossAll\",\"_buffTurn_,2,1\",\"mp,1,50\"]},\"debuffSkillImCondition\":{\"0\":[\"monsterAlive,4,bossAll\",\"_buffTurn_,2,1\",\"mp,1,50\"]},\"debuffSkillMNCondition\":{\"0\":[\"monsterAlive,4,bossAll\",\"_buffTurn_,2,1\",\"mp,1,50\"]},\"debuffSkillSiCondition\":{\"0\":[\"monsterAlive,4,bossAll\",\"_buffTurn_,2,1\",\"mp,1,50\"]},\"debuffSkillDrCondition\":{\"0\":[\"monsterAlive,4,bossAll\",\"_buffTurn_,2,1\",\"mp,1,50\"]},\"debuffSkillWeCondition\":{\"0\":[\"monsterAlive,4,bossAll\",\"_buffTurn_,2,1\",\"mp,1,50\"]},\"debuffSkillTurn\":{\"Sle\":0,\"Bl\":1,\"Slo\":1,\"Im\":1,\"MN\":1,\"Si\":1,\"Dr\":1,\"We\":1,\"Co\":0},\"skillOrderValue\":\"OFC,T3,T2,T1\",\"skillOrder\":{\"OFC\":true,\"T3\":true,\"T2\":true,\"T1\":true},\"skill\":{\"OFC\":true,\"T3\":true,\"T2\":true,\"T1\":true},\"skillOFCCondition\":{\"0\":[\"oc,1,200\"]},\"fightingStyle\":\"2\",\"mercifulBlow\":true,\"skillT3Condition\":{\"0\":[\"oc,2,200\"]},\"skillT2Condition\":{\"0\":[\"oc,2,200\"]},\"skillT1Condition\":{\"0\":[\"oc,2,200\"]},\"weight\":{\"Sle\":5,\"Bl\":3,\"Slo\":3,\"Im\":-5,\"MN\":-4,\"Si\":-4,\"Dr\":-4,\"We\":-4,\"Co\":-1,\"CM\":-5,\"Stun\":-4,\"PA\":-4,\"BW\":-4},\"dropQuality\":\"5\",\"roundNow\":\"1\",\"roundAll\":\"1\"}}","drop":"o{\"#startTime\":\"2020/4/9 21:39:42\",\"#EXP\":37730508294,\"#Credit\":1214876,\"Crystal of Devotion\":2652,\"Monster Chow\":1052,\"Mana Draught\":1468,\"Crystal of Vigor\":2604,\"Crystal of Fortitude\":2604,\"Crystal of Frost\":2658,\"Mana Potion\":453,\"Health Draught\":1416,\"Crystal of Lightning\":2760,\"Scroll of Life\":48,\"Spirit Draught\":483,\"Health Potion\":453,\"Crystal of Flames\":2766,\"Hoarded Disinfecting Wipes\":9,\"Crystal of Knowledge\":2604,\"Crystal of Cunning\":2682,\"Monster Edibles\":899,\"Scroll of Absorption\":62,\"Crystal of Swiftness\":2814,\"Monster Cuisine\":611,\"Chaos Token\":82,\"Aether Shard\":4,\"Crystal of Tempest\":2526,\"Crystal of Corruption\":2514,\"Featherweight Shard\":23,\"Crystal of Finesse\":2562,\"Scroll of Shadows\":68,\"Infusion of Darkness\":31,\"Bunny-Girl Costume\":21,\"Soul Fragments\":128,\"Scroll of Protection\":53,\"Scroll of the Avatar\":15,\"Infusion of Lightning\":19,\"Infusion of Storms\":24,\"Spirit Potion\":132,\"Dalek Voicebox\":19,\"Mithra's Flower\":23,\"ManBearPig Tail\":27,\"Hoarded Hand Sanitizer\":10,\"Health Elixir\":36,\"Scroll of the Gods\":18,\"Precursor Artifact\":44,\"Mana Elixir\":46,\"Sapling\":13,\"Scroll of Swiftness\":52,\"Happy Pills\":28,\"Hinamatsuri Doll\":19,\"Infusion of Divinity\":12,\"Lock of Blue Hair\":7,\"Holy Hand Grenade of Antioch\":27,\"Voidseeker Shard\":4,\"Token of Blood\":55,\"Broken Glasses\":18,\"Noodly Appendage\":11,\"Spirit Elixir\":17,\"Infusion of Flames\":18,\"Amnesia Shard\":4,\"Equipment of Magnificent\":28,\"Infusion of Frost\":13,\"Bubble-Gum\":1,\"Big Macintosh Figurine\":1,\"Flower Vase\":3,\"Princess Celestia Figurine\":1,\"Equipment of Legendary\":1}","lastEncounter":"shttps://hentaiverse.org/?s=Battle&ss=ba&encounter=MzMyMTQ2NS0xNTg4MDY3MTU4LTJjNDRjZTY3MWJlMmUyMzVjNTQ1MDNlYWJmMGU4N2ExNDdiNWU2YmM=","monsterStatus":"o[{\"order\":0,\"id\":1,\"hp\":115594,\"isDead\":false,\"hpNow\":108852}]","option":"o{\"version\":\"2.90\",\"lang\":\"0\",\"buffSkillSwitch\":true,\"debuffSkillSwitch\":true,\"skillSwitch\":true,\"dropMonitor\":true,\"recordUsage\":true,\"hp1\":75,\"mp1\":75,\"sp1\":75,\"attackStatus\":0,\"pauseButton\":true,\"pauseHotkey\":true,\"pauseHotkeyStr\":\" \",\"pauseHotkeyCode\":32,\"notification\":true,\"riddleRadio\":true,\"turnOnSS\":true,\"turnOnSSCondition\":{\"0\":[\"oc,1,249\"]},\"delayAlertTime\":0,\"delayReloadTime\":0,\"riddleAnswerTime\":5,\"staminaLose\":5,\"staminaPause\":true,\"staminaWarn\":true,\"idleArenaTime\":60,\"idleArenaLevels\":\"GF\",\"idleArenaValue\":\"gr\",\"arLevel\":{\"GF\":true},\"idleArenaGrTime\":999,\"repairValue\":0,\"autoPause\":true,\"pauseCondition\":{\"0\":[\"hp,2,30\"]},\"staminaLow\":30,\"delay\":200,\"delay2\":30,\"itemOrderName\":\"Cure,FC,HP,MP,SP,ME\",\"itemOrderValue\":\"311,313,11195,11295,11395,11299\",\"itemOrder\":{\"Cure\":true,\"FC\":true,\"HP\":true,\"MP\":true,\"ME\":true,\"SP\":true},\"item\":{\"Cure\":true,\"FC\":true,\"HP\":true,\"MP\":true,\"ME\":true,\"SP\":true},\"itemCureCondition\":{\"0\":[\"hp,2,60\"]},\"itemFCCondition\":{\"0\":[\"hp,2,40\"]},\"itemHPCondition\":{\"0\":[\"hp,2,50\"]},\"itemMPCondition\":{\"0\":[\"mp,2,50\"]},\"itemMECondition\":{\"0\":[\"mp,2,10\"]},\"itemSPCondition\":{\"0\":[\"sp,2,50\"]},\"channelSkill\":{\"AF\":true,\"He\":true,\"Re\":true},\"channelSkill2\":true,\"channelSkill2OrderName\":\"Cu,FC,AF,He,Re\",\"channelSkill2OrderValue\":\"311,313,432,431,312\",\"channelSkill2Order\":{\"Cu\":true,\"FC\":true,\"AF\":true,\"He\":true,\"Re\":true},\"buffSkillOrderValue\":\"Re,He\",\"buffSkillOrder\":{\"He\":true,\"Re\":true},\"buffSkill\":{\"HD\":true,\"MD\":true,\"SD\":true,\"He\":true,\"Re\":true,\"Ab\":true},\"buffSkillHDCondition\":{\"0\":[\"hp,2,70\"]},\"buffSkillMDCondition\":{\"0\":[\"hp,2,70\"]},\"buffSkillSDCondition\":{\"0\":[\"sp,2,70\"]},\"buffSkillHeCondition\":{\"0\":[\"_buffTurn_,2,2\"]},\"buffSkillReCondition\":{\"0\":[\"hp,2,80\"]},\"buffSkillAbCondition\":{\"0\":[\"_buffTurn_,2,1\"]},\"debuffSkillOrderValue\":\"Slo,Im,Si,Dr,We,MN,Bl\",\"debuffSkillOrder\":{\"Bl\":true,\"Slo\":true,\"Im\":true,\"MN\":true,\"Si\":true,\"Dr\":true,\"We\":true},\"debuffSkill\":{\"Bl\":true,\"Slo\":true,\"Im\":true,\"MN\":true,\"Si\":true,\"Dr\":true,\"We\":true},\"debuffSkillBlCondition\":{\"0\":[\"monsterAlive,4,bossAll\",\"_buffTurn_,2,1\",\"mp,1,50\"]},\"debuffSkillWeSlondition\":{\"0\":[\"monsterAlive,4,bossAll\",\"_buffTurn_,2,1\",\"mp,1,50\"]},\"debuffSkillImCondition\":{\"0\":[\"monsterAlive,4,bossAll\",\"_buffTurn_,2,1\",\"mp,1,50\"]},\"debuffSkillMNCondition\":{\"0\":[\"monsterAlive,4,bossAll\",\"_buffTurn_,2,1\",\"mp,1,50\"]},\"debuffSkillSiCondition\":{\"0\":[\"monsterAlive,4,bossAll\",\"_buffTurn_,2,1\",\"mp,1,50\"]},\"debuffSkillDrCondition\":{\"0\":[\"monsterAlive,4,bossAll\",\"_buffTurn_,2,1\",\"mp,1,50\"]},\"debuffSkillWeCondition\":{\"0\":[\"monsterAlive,4,bossAll\",\"_buffTurn_,2,1\",\"mp,1,50\"]},\"debuffSkillTurn\":{\"Sle\":0,\"Bl\":1,\"Slo\":1,\"Im\":1,\"MN\":1,\"Si\":1,\"Dr\":1,\"We\":1,\"Co\":0},\"skillOrderValue\":\"OFC,T3,T2,T1\",\"skillOrder\":{\"OFC\":true,\"T3\":true,\"T2\":true,\"T1\":true},\"skill\":{\"OFC\":true,\"T3\":true,\"T2\":true,\"T1\":true},\"skillOFCCondition\":{\"0\":[\"oc,1,200\"]},\"fightingStyle\":\"2\",\"mercifulBlow\":true,\"skillT3Condition\":{\"0\":[\"oc,2,200\"]},\"skillT2Condition\":{\"0\":[\"oc,2,200\"]},\"skillT1Condition\":{\"0\":[\"oc,2,200\"]},\"weight\":{\"Sle\":5,\"Bl\":3,\"Slo\":3,\"Im\":-5,\"MN\":-4,\"Si\":-4,\"Dr\":-4,\"We\":-4,\"Co\":-1,\"CM\":-5,\"Stun\":-4,\"PA\":-4,\"BW\":-4},\"dropQuality\":\"5\",\"roundNow\":\"1\",\"roundAll\":\"1\"}","roundAll":"n7","roundNow":"n1","roundType":"sar","staminaLostLog":"o{\"2020/4/9 22:39:57\":3,\"2020/4/10 18:30:53\":3,\"2020/4/12 11:51:28\":3,\"2020/4/17 17:00:58\":1,\"2020/4/18 13:37:48\":2,\"2020/4/21 20:17:45\":1,\"2020/4/26 17:30:38\":1,\"2020/4/27 23:26:40\":2,\"2020/4/29 10:04:32\":2}","stats":"o{\"self\":{\"_startTime\":\"2020/4/9 21:38:57\",\"_turn\":376986,\"_round\":9375,\"_battle\":346,\"_monster\":47612,\"_boss\":273,\"evade\":371873,\"miss\":34827,\"focus\":0,\"attack\":302934,\"spirit\":8174},\"restore\":{\"魔力 药水\":219777,\"Regen\":173625347,\"Mana Potion\":3380753,\"Replenishment\":1244527,\"Regeneration\":17834025,\"Mana Gem\":145954,\"Health Gem\":2006908,\"Refreshment\":260844,\"Cure\":15838465,\"Spirit Gem\":51801,\"drain\":6205983,\"Mana Elixir\":27857,\"Spirit Potion\":596,\"完全治愈术\":52964,\"Full-Cure\":72323,\"Health Potion\":13779},\"items\":{\"魔力 药水\":315,\"Mana Potion\":4848,\"Health Draught\":1790,\"Mana Draught\":1809,\"Mana Gem\":314,\"Health Gem\":272,\"Spirit Draught\":454,\"Mystic Gem\":301,\"Spirit Gem\":255,\"体力 长效药\":25,\"Mana Elixir\":16,\"Spirit Potion\":1,\"灵力 长效药\":2,\"Health Potion\":1},\"magic\":{\"Heartseeker\":776,\"Slow\":33917,\"Regen\":1890,\"Orbital Friendship Cannon\":7026,\"Shield Bash\":3971,\"Merciful Blow\":2000,\"Vital Strike\":2001,\"Cure\":1536,\"Imperil\":1361,\"Silence\":385,\"Drain\":358,\"Weaken\":1645,\"MagNet\":318,\"Blind\":231,\"完全治愈术\":3,\"Full-Cure\":4},\"damage\":{\"spike shield\":13132919,\"counter\":871180668,\"Holy Strike\":497227558,\"crit\":1757990562,\"hit\":1285377009,\"Orbital Friendship Cannon\":3766639538,\"Shield Bash\":71119554,\"Merciful Blow\":270536707,\"Vital Strike\":188336961,\"Bleeding Wound\":8667012,\"Vital Theft\":785819,\"Terra\":835},\"hurt\":{\"mp\":5074219,\"oc\":72181,\"_avg\":1443,\"_count\":145640,\"_total\":210102750,\"_mavg\":2922,\"_mcount\":16967,\"_mtotal\":49584210,\"_pavg\":1247,\"_pcount\":128673,\"_ptotal\":160518540,\"crush\":72763155,\"pierc\":60841249,\"fire\":7514014,\"spirit shield_spirit\":259869,\"wind\":7112741,\"void\":16777430,\"elec\":7430922,\"slash\":28490260,\"dark\":6712469,\"cold\":5988484,\"holy\":19746940},\"proficiency\":{\"supportive magic\":3.547,\"deprecating magic\":3.56,\"heavy armor\":3.545,\"one-handed weapon\":3.545,\"forbidden magic\":5.948,\"divine magic\":5.948,\"elemental magic\":5.948,\"light armor\":5.949,\"cloth armor\":5.948,\"staff\":5.948,\"dual wielding\":5.948,\"two-handed weapon\":5.948}}","url":"shttps://hentaiverse.org"},"ts":1588126773478}