{"data":{"CatPW":"o{\"date\":\"2020/4/28\",\"sCode\":\"\",\"unPW\":\"\",\"Src\":\"https://pan.baidu.com/s/1pMYB2cz\",\"surl\":\"\",\"Hash\":\"#zo99\",\"webSrc\":\"http%3A%2F%2Fbbs.wuyou.net%2Fforum.php%3Fmod%3Dviewthread%26tid%3D419420\",\"webTitle\":\"CGI-plus%20v5.0.0.5%20-%20%E4%B8%80%E9%94%AE%E6%81%A2%E5%A4%8D%E5%8C%BA%20-%20%E6%97%A0%E5%BF%A7%E5%90%AF%E5%8A%A8%E8%AE%BA%E5%9D%9B%20-%20Powered%20by%20Discuz!\"}","CatPW_Manage":"o{\"StorageSave\":true,\"UpdataConfig\":{\"UpdataSave\":true,\"UpdataNotify\":true,\"UpdataPlugin\":true,\"UpdataVersion\":\"3.12.7\"},\"StorageExp\":365}"},"ts":1588072533087}