{"data":{"historyRecommend":"s[{\"title\":\"注视我一分钟！\",\"cover\":\"https://i1.hdslb.com/bfs/archive/cd88bcfa17f4aa2d8d7711fe3fe06da57baeec31.jpg\",\"uri\":\"bilibili://video/329386117\",\"param\":\"329386117\",\"goto\":\"av\",\"desc\":\"8470弹幕\",\"play\":279708,\"danmaku\":8470,\"reply\":1597,\"favorite\":4554,\"coin\":9033,\"share\":194,\"like\":65506,\"duration\":363,\"idx\":1598524705,\"cid\":228985941,\"tid\":21,\"tname\":\"日常\",\"tag\":{\"tag_id\":1833,\"tag_name\":\"搞笑\",\"count\":{\"atten\":2001926}},\"dislike_reasons\":[{\"reason_id\":4,\"reason_name\":\"UP主:楼上的老张\"},{\"reason_id\":2,\"reason_name\":\"分区:日常\"},{\"reason_id\":3,\"reason_name\":\"标签:搞笑\"},{\"reason_id\":1,\"reason_name\":\"不感兴趣\"}],\"ctime\":1598436048,\"autoplay\":1,\"mid\":28642491,\"name\":\"楼上的老张\",\"face\":\"http://i1.hdslb.com/bfs/face/c3c6c733120259aacffe5c4b526f0f9ee6c7ee1e.jpg\",\"official\":{\"role\":1,\"title\":\"bilibili 知名游戏UP主、高能联盟成员\",\"desc\":\"第一届“bilibili新星计划”获奖者\"},\"autoplay_card\":2},{\"title\":\"神仙新歌 听一下好不好\",\"cover\":\"https://i2.hdslb.com/bfs/archive/f89073ef41bc3eae6c79117cfc6dd96b37843c80.jpg\",\"uri\":\"bilibili://video/414310925\",\"param\":\"414310925\",\"goto\":\"av\",\"desc\":\"20449弹幕\",\"play\":2406641,\"danmaku\":20449,\"reply\":7171,\"favorite\":112363,\"coin\":211543,\"share\":14921,\"like\":268207,\"duration\":554,\"idx\":1598524704,\"cid\":226907060,\"tid\":28,\"tname\":\"原创音乐\",\"tag\":{\"tag_id\":72138,\"tag_name\":\"原创歌曲\",\"count\":{\"atten\":208982}},\"dislike_reasons\":[{\"reason_id\":4,\"reason_name\":\"UP主:老坛胡说\"},{\"reason_id\":2,\"reason_name\":\"分区:原创音乐\"},{\"reason_id\":3,\"reason_name\":\"标签:原创歌曲\"},{\"reason_id\":1,\"reason_name\":\"不感兴趣\"}],\"ctime\":1597982444,\"autoplay\":1,\"mid\":279583114,\"name\":\"老坛胡说\",\"face\":\"http://i1.hdslb.com/bfs/face/01b96e872a5b0df74e66b94126e13a78cb6f9b74.jpg\",\"official\":{\"role\":1,\"title\":\"bilibili 2019百大UP主、2019年度原创栏目奖UP主\"}},{\"title\":\"为什么直男必然接盘？\",\"cover\":\"https://i2.hdslb.com/bfs/archive/e9e897fda12e8471a4b59f593fcfb58ef851a208.jpg\",\"uri\":\"bilibili://video/884481215\",\"param\":\"884481215\",\"goto\":\"av\",\"desc\":\"1461弹幕\",\"play\":153012,\"danmaku\":1461,\"reply\":1605,\"favorite\":4242,\"coin\":3074,\"share\":1695,\"like\":9419,\"duration\":1110,\"idx\":1598524703,\"cid\":229079989,\"tid\":21,\"tname\":\"日常\",\"tag\":{\"tag_id\":17126,\"tag_name\":\"心理\",\"count\":{\"atten\":9541}},\"dislike_reasons\":[{\"reason_id\":4,\"reason_name\":\"UP主:郁清叔叔\"},{\"reason_id\":2,\"reason_name\":\"分区:日常\"},{\"reason_id\":3,\"reason_name\":\"标签:心理\"},{\"reason_id\":1,\"reason_name\":\"不感兴趣\"}],\"ctime\":1598445613,\"autoplay\":1,\"mid\":121804229,\"name\":\"郁清叔叔\",\"face\":\"http://i2.hdslb.com/bfs/face/013a78fb2866215591e1a653e19084e2cd735941.jpg\"},{\"title\":\"Just the two of us - Bill Withers (cover)\",\"cover\":\"https://i0.hdslb.com/bfs/archive/fdc26dc3fae250d0ff0c49edf89f69ac51affdc9.jpg\",\"uri\":\"bilibili://video/201781512\",\"param\":\"201781512\",\"goto\":\"av\",\"desc\":\"829弹幕\",\"play\":245029,\"danmaku\":829,\"reply\":1771,\"favorite\":7466,\"coin\":16529,\"share\":1691,\"like\":24940,\"duration\":127,\"idx\":1598524702,\"cid\":228533912,\"tid\":31,\"tname\":\"翻唱\",\"tag\":{\"tag_id\":386,\"tag_name\":\"翻唱\",\"count\":{\"atten\":305878}},\"dislike_reasons\":[{\"reason_id\":4,\"reason_name\":\"UP主:就是哈比\"},{\"reason_id\":2,\"reason_name\":\"分区:翻唱\"},{\"reason_id\":3,\"reason_name\":\"标签:翻唱\"},{\"reason_id\":1,\"reason_name\":\"不感兴趣\"}],\"ctime\":1598356816,\"autoplay\":1,\"mid\":43634508,\"name\":\"就是哈比\",\"face\":\"http://i0.hdslb.com/bfs/face/0e9a2472668c670f3c1396f86f6e4a8bac6e497b.jpg\",\"official\":{\"role\":1,\"title\":\"bilibili 知名音乐UP主、高能联盟成员\"}},{\"title\":\"【欧陆风云4】皇帝再临，第6话\",\"cover\":\"https://i0.hdslb.com/bfs/archive/6e7f1847d57e79db1d2da1821595bea8518976c0.jpg\",\"uri\":\"bilibili://video/926963949\",\"param\":\"926963949\",\"goto\":\"av\",\"desc\":\"6857弹幕\",\"play\":205991,\"danmaku\":6857,\"reply\":782,\"favorite\":3670,\"coin\":12387,\"share\":311,\"like\":15652,\"duration\":3062,\"idx\":1598524701,\"cid\":229018792,\"tid\":17,\"tname\":\"单机游戏\",\"tag\":{\"tag_id\":104370,\"tag_name\":\"拿破仑\",\"count\":{\"atten\":569}},\"dislike_reasons\":[{\"reason_id\":4,\"reason_name\":\"UP主:稚嫩的魔法师\"},{\"reason_id\":2,\"reason_name\":\"分区:单机游戏\"},{\"reason_id\":3,\"reason_name\":\"标签:拿破仑\"},{\"reason_id\":1,\"reason_name\":\"不感兴趣\"}],\"ctime\":1598422694,\"autoplay\":1,\"mid\":1276787,\"name\":\"稚嫩的魔法师\",\"face\":\"http://i1.hdslb.com/bfs/face/d10f73e58f0fb1fa1df7c2524bf92e6a7bf7be16.jpg\",\"official\":{\"role\":1,\"title\":\"bilibili 知名游戏UP主、直播签约主播\"}},{\"title\":\"给大家伙整个活\",\"cover\":\"https://i0.hdslb.com/bfs/archive/d446f8fc7287270e5bdd8296129ed46d50b7d0e1.jpg\",\"uri\":\"bilibili://video/456765649\",\"param\":\"456765649\",\"goto\":\"av\",\"desc\":\"2416弹幕\",\"play\":2356074,\"danmaku\":2416,\"reply\":4306,\"favorite\":37289,\"coin\":6445,\"share\":29487,\"like\":126291,\"duration\":15,\"idx\":1598524700,\"cid\":225777025,\"tid\":138,\"tname\":\"搞笑\",\"tag\":{\"tag_id\":517803,\"tag_name\":\"魔性\",\"count\":{\"atten\":65621}},\"dislike_reasons\":[{\"reason_id\":4,\"reason_name\":\"UP主:damon12121\"},{\"reason_id\":2,\"reason_name\":\"分区:搞笑\"},{\"reason_id\":3,\"reason_name\":\"标签:魔性\"},{\"reason_id\":1,\"reason_name\":\"不感兴趣\"}],\"ctime\":1597987323,\"autoplay\":1,\"mid\":24712675,\"name\":\"damon12121\",\"face\":\"http://i1.hdslb.com/bfs/face/afcad7aed07c61304f7b0cae47dd18cb67285401.jpg\"},{\"title\":\"【阿斗】大结局！没看过这部科幻片，童年不完整！时空穿越系列电影鼻祖《回到未来3》\",\"cover\":\"https://i1.hdslb.com/bfs/archive/6d0bab2e98bb8da91ab5341a34ac601db5c628e3.jpg\",\"uri\":\"bilibili://video/456970127\",\"param\":\"456970127\",\"goto\":\"av\",\"desc\":\"2374弹幕\",\"play\":404054,\"danmaku\":2374,\"reply\":676,\"favorite\":2603,\"coin\":7711,\"share\":196,\"like\":26628,\"duration\":1039,\"idx\":1598524699,\"cid\":228697404,\"tid\":182,\"tname\":\"影视杂谈\",\"tag\":{\"tag_id\":111377,\"tag_name\":\"影评\",\"count\":{\"atten\":798140}},\"dislike_reasons\":[{\"reason_id\":4,\"reason_name\":\"UP主:阿斗归来了\"},{\"reason_id\":2,\"reason_name\":\"分区:影视杂谈\"},{\"reason_id\":3,\"reason_name\":\"标签:影评\"},{\"reason_id\":1,\"reason_name\":\"不感兴趣\"}],\"ctime\":1598352599,\"autoplay\":1,\"mid\":21837784,\"name\":\"阿斗归来了\",\"face\":\"http://i2.hdslb.com/bfs/face/b6dad37ef0a68341b6e2f84de5e1f9ee02f8365e.jpg\",\"official\":{\"role\":1,\"title\":\"bilibili 2018百大UP主、 知名影视UP主\",\"desc\":\"代表作《阿斗带你看电影》《主角独白》系列\"}},{\"title\":\"教大家制作Unravel和Dame Dane 超简单 目前为止第一个汉化版本\",\"cover\":\"https://i0.hdslb.com/bfs/archive/e541343a4d675a00ecdf5910d8fd5a5581f1195e.jpg\",\"uri\":\"bilibili://video/669410835\",\"param\":\"669410835\",\"goto\":\"av\",\"desc\":\"47弹幕\",\"play\":48150,\"danmaku\":47,\"reply\":122,\"favorite\":4368,\"coin\":1434,\"share\":989,\"like\":3579,\"duration\":290,\"idx\":1598524698,\"cid\":228856704,\"tid\":122,\"tname\":\"野生技术协会\",\"tag\":{\"tag_id\":802163,\"tag_name\":\"野生技术协会\",\"count\":{\"atten\":151885}},\"dislike_reasons\":[{\"reason_id\":4,\"reason_name\":\"UP主:轻轻666\"},{\"reason_id\":2,\"reason_name\":\"分区:野生技术协会\"},{\"reason_id\":3,\"reason_name\":\"标签:野生技术协会\"},{\"reason_id\":1,\"reason_name\":\"不感兴趣\"}],\"ctime\":1598368977,\"autoplay\":1,\"mid\":492721684,\"name\":\"轻轻666\",\"face\":\"http://i2.hdslb.com/bfs/face/e2ddc2275df94af1cebf7028aa1bdc1bb30e78f4.jpg\"},{\"title\":\"奥迪给了我一辆车，去无人区办一场半个亿的车友聚会\",\"cover\":\"https://i1.hdslb.com/bfs/archive/cc9da0cf66132b38d3ba9b04d0c0d8a98e339224.jpg\",\"uri\":\"bilibili://video/414474192\",\"param\":\"414474192\",\"goto\":\"av\",\"desc\":\"55111弹幕\",\"play\":1426531,\"danmaku\":55111,\"reply\":2903,\"favorite\":17132,\"coin\":75000,\"share\":4360,\"like\":180125,\"duration\":441,\"idx\":1598524697,\"cid\":228737252,\"tid\":176,\"tname\":\"汽车\",\"tag\":{\"tag_id\":13760,\"tag_name\":\"汽车\",\"count\":{\"atten\":340442}},\"dislike_reasons\":[{\"reason_id\":4,\"reason_name\":\"UP主:终极小腾\"},{\"reason_id\":2,\"reason_name\":\"分区:汽车\"},{\"reason_id\":3,\"reason_name\":\"标签:汽车\"},{\"reason_id\":1,\"reason_name\":\"不感兴趣\"}],\"ctime\":1598356814,\"autoplay\":1,\"mid\":394609671,\"name\":\"终极小腾\",\"face\":\"http://i0.hdslb.com/bfs/face/4f408c5bab24eaa365610e1638f65e9272f4cf52.jpg\",\"official\":{\"role\":1,\"title\":\"bilibili 知名UP主\"}},{\"title\":\"【猿】(ˉ▽￣～) 切~七夕有啥好过的？情侣相处技巧分享！\",\"cover\":\"https://i2.hdslb.com/bfs/archive/02be68007a98c1fad525cd27bda3472c7e5d5fb0.jpg\",\"uri\":\"bilibili://video/584384275\",\"param\":\"584384275\",\"goto\":\"av\",\"desc\":\"1702弹幕\",\"play\":166015,\"danmaku\":1702,\"reply\":767,\"favorite\":2092,\"coin\":5684,\"share\":2225,\"like\":15921,\"duration\":194,\"idx\":1598524696,\"cid\":229112917,\"tid\":21,\"tname\":\"日常\",\"tag\":{\"tag_id\":66605,\"tag_name\":\"情感\",\"count\":{\"atten\":7288}},\"dislike_reasons\":[{\"reason_id\":4,\"reason_name\":\"UP主:远古时代装机猿\"},{\"reason_id\":2,\"reason_name\":\"分区:日常\"},{\"reason_id\":3,\"reason_name\":\"标签:情感\"},{\"reason_id\":1,\"reason_name\":\"不感兴趣\"}],\"ctime\":1598436747,\"autoplay\":1,\"mid\":35359510,\"name\":\"远古时代装机猿\",\"face\":\"http://i0.hdslb.com/bfs/face/ec008e32064705c576f3ffd73d20288e441d945f.jpg\",\"official\":{\"role\":1,\"title\":\"bilibili 2019百大UP主、高能联盟成员\"}}]"},"ts":1598524701034}