{"data":{"CatPW":"o{\"date\":\"2020/7/24\",\"sCode\":\"\",\"unPW\":\"\",\"Src\":\"https://gentlemansolo.lanzous.com/b0sfuli\",\"surl\":\"\",\"Hash\":\"\",\"webSrc\":\"https%3A%2F%2Fgithub.com%2Fgentlemansolo%2FJavRocket%2Freleases%2Ftag%2F3.6.1\",\"webTitle\":\"Release%20JavRocket%203.6.1%20%C2%B7%20gentlemansolo%2FJavRocket\"}","CatPW_Manage":"o{\"StorageSave\":true,\"UpdataConfig\":{\"UpdataSave\":true,\"UpdataNotify\":true,\"UpdataPlugin\":true,\"UpdataVersion\":\"3.12.7\"},\"StorageExp\":\"999\"}"},"ts":1595557949334}