{"data":{"historyRecommend":"s[{\"title\":\"【电竞星快报】大人！LPL的时代变啦！（第二季27期）\",\"cover\":\"https://i0.hdslb.com/bfs/archive/12e322aa0e003d7a9b33ea982e2e164520ab2467.jpg\",\"uri\":\"bilibili://video/371518310\",\"param\":\"371518310\",\"goto\":\"av\",\"desc\":\"3912弹幕\",\"play\":170167,\"danmaku\":3912,\"reply\":665,\"favorite\":3968,\"coin\":20149,\"share\":172,\"like\":24532,\"duration\":1038,\"idx\":1596337681,\"cid\":219238464,\"tid\":171,\"tname\":\"电子竞技\",\"tag\":{\"tag_id\":62526,\"tag_name\":\"电子竞技\",\"count\":{\"atten\":109249}},\"dislike_reasons\":[{\"reason_id\":4,\"reason_name\":\"UP主:银河电竞\"},{\"reason_id\":2,\"reason_name\":\"分区:电子竞技\"},{\"reason_id\":3,\"reason_name\":\"标签:电子竞技\"},{\"reason_id\":1,\"reason_name\":\"不感兴趣\"}],\"ctime\":1596287072,\"autoplay\":1,\"mid\":472753524,\"name\":\"银河电竞\",\"face\":\"http://i1.hdslb.com/bfs/face/5d6a91f778636d10a808197ef0bcf08f318ff890.jpg\",\"official\":{\"role\":1,\"title\":\"bilibili 知名游戏UP主\"},\"autoplay_card\":2},{\"title\":\"螃蟹：请把我做成一般人不敢吃的样子！\",\"cover\":\"https://i0.hdslb.com/bfs/archive/6a27b9fe96b469a39e711e1345b1bb96b9429632.jpg\",\"uri\":\"bilibili://video/796614275\",\"param\":\"796614275\",\"goto\":\"av\",\"desc\":\"743弹幕\",\"play\":102501,\"danmaku\":743,\"reply\":582,\"favorite\":995,\"coin\":2998,\"share\":231,\"like\":9725,\"duration\":444,\"idx\":1596337680,\"cid\":219113182,\"tid\":201,\"tname\":\"科学科普\",\"tag\":{\"tag_id\":11265,\"tag_name\":\"手工\",\"count\":{\"atten\":560471}},\"dislike_reasons\":[{\"reason_id\":4,\"reason_name\":\"UP主:修一j\"},{\"reason_id\":2,\"reason_name\":\"分区:科学科普\"},{\"reason_id\":3,\"reason_name\":\"标签:手工\"},{\"reason_id\":1,\"reason_name\":\"不感兴趣\"}],\"ctime\":1596297645,\"autoplay\":1,\"mid\":9030440,\"name\":\"修一j\",\"face\":\"http://i0.hdslb.com/bfs/face/6b20ece9a251eff0d12625f02258d370c52e7fe3.jpg\",\"official\":{\"role\":1,\"title\":\"bilibili 知名科技UP主\"}},{\"title\":\"2020全球总决赛全程落地上海，2021再次回到中国\",\"cover\":\"https://i1.hdslb.com/bfs/archive/8b7075cd99f01aee978082908e039697907d98f2.jpg\",\"uri\":\"bilibili://video/584116292\",\"param\":\"584116292\",\"goto\":\"av\",\"desc\":\"786弹幕\",\"play\":196504,\"danmaku\":786,\"reply\":1387,\"favorite\":816,\"coin\":934,\"share\":3002,\"like\":9044,\"duration\":176,\"idx\":1596337679,\"cid\":218878954,\"tid\":171,\"tname\":\"电子竞技\",\"tag\":{\"tag_id\":9222,\"tag_name\":\"英雄联盟\",\"count\":{\"atten\":1390132}},\"dislike_reasons\":[{\"reason_id\":4,\"reason_name\":\"UP主:英雄联盟赛事\"},{\"reason_id\":2,\"reason_name\":\"分区:电子竞技\"},{\"reason_id\":3,\"reason_name\":\"标签:英雄联盟\"},{\"reason_id\":1,\"reason_name\":\"不感兴趣\"}],\"ctime\":1596249945,\"autoplay\":1,\"mid\":108532523,\"name\":\"英雄联盟赛事\",\"face\":\"http://i0.hdslb.com/bfs/face/ee1251c4b0f87695774476428ff1cc5d233a11f4.jpg\",\"official\":{\"role\":3,\"title\":\"英雄联盟赛事官方账号\"}},{\"title\":\"DIO:是不是玩不起？？？\",\"cover\":\"https://i1.hdslb.com/bfs/archive/6475d45c94906d9bb04c79fcd69dc85b2cbfdcc9.jpg\",\"uri\":\"bilibili://video/839016605\",\"param\":\"839016605\",\"goto\":\"av\",\"desc\":\"68弹幕\",\"play\":116751,\"danmaku\":68,\"reply\":112,\"favorite\":5549,\"coin\":2490,\"share\":1338,\"like\":12468,\"duration\":36,\"idx\":1596337678,\"cid\":218568410,\"tid\":27,\"tname\":\"综合\",\"tag\":{\"tag_id\":7520816,\"tag_name\":\"bilibili新星计划\",\"count\":{\"atten\":82582}},\"dislike_reasons\":[{\"reason_id\":4,\"reason_name\":\"UP主:哦→桑\"},{\"reason_id\":2,\"reason_name\":\"分区:综合\"},{\"reason_id\":3,\"reason_name\":\"标签:bilibili新星计划\"},{\"reason_id\":1,\"reason_name\":\"不感兴趣\"}],\"ctime\":1596164417,\"autoplay\":1,\"mid\":25011599,\"name\":\"哦→桑\",\"face\":\"http://i0.hdslb.com/bfs/face/4c7b295b877e04648f89113627fa94d62e7a472e.jpg\"},{\"title\":\"【仙声】第95期：人类的视野并不相通\",\"cover\":\"https://i1.hdslb.com/bfs/archive/cd0fe4e6a6c40cd95630906583a35413b471003d.jpg\",\"uri\":\"bilibili://video/969043327\",\"param\":\"969043327\",\"goto\":\"av\",\"desc\":\"2703弹幕\",\"play\":506401,\"danmaku\":2703,\"reply\":1034,\"favorite\":2530,\"coin\":4894,\"share\":394,\"like\":48042,\"duration\":325,\"idx\":1596337677,\"cid\":218813078,\"tid\":171,\"tname\":\"电子竞技\",\"tag\":{\"tag_id\":3007,\"tag_name\":\"手机游戏\",\"count\":{\"atten\":171285}},\"dislike_reasons\":[{\"reason_id\":4,\"reason_name\":\"UP主:指法芬芳张大仙\"},{\"reason_id\":2,\"reason_name\":\"分区:电子竞技\"},{\"reason_id\":3,\"reason_name\":\"标签:手机游戏\"},{\"reason_id\":1,\"reason_name\":\"不感兴趣\"}],\"ctime\":1596254437,\"autoplay\":1,\"mid\":1935882,\"name\":\"指法芬芳张大仙\",\"face\":\"http://i0.hdslb.com/bfs/face/6426336744dd49a744eca32855808073988bd2ce.jpg\",\"official\":{\"role\":2,\"title\":\"知名游戏主播张大仙\"}},{\"title\":\"鳄鱼：没有谁能比我更懂啪啪啪！\",\"cover\":\"https://i1.hdslb.com/bfs/archive/44ee376dc43cb067f4bf6dc7eea1e2ab51827205.jpg\",\"uri\":\"bilibili://video/541500343\",\"param\":\"541500343\",\"goto\":\"av\",\"desc\":\"225弹幕\",\"play\":125984,\"danmaku\":225,\"reply\":443,\"favorite\":1239,\"coin\":998,\"share\":149,\"like\":6936,\"duration\":122,\"idx\":1596337676,\"cid\":218678134,\"tid\":75,\"tname\":\"动物圈\",\"tag\":{\"tag_id\":1629656,\"tag_name\":\"踩点\",\"count\":{\"atten\":8457}},\"dislike_reasons\":[{\"reason_id\":4,\"reason_name\":\"UP主:幸运猎手\"},{\"reason_id\":2,\"reason_name\":\"分区:动物圈\"},{\"reason_id\":3,\"reason_name\":\"标签:踩点\"},{\"reason_id\":1,\"reason_name\":\"不感兴趣\"}],\"ctime\":1596173419,\"autoplay\":1,\"mid\":496783876,\"name\":\"幸运猎手\",\"face\":\"http://i1.hdslb.com/bfs/face/3d935e9ad166e858a97dd8077e77107be3d85a84.jpg\"},{\"title\":\"关于我和我的动物园\",\"cover\":\"https://i0.hdslb.com/bfs/archive/3af36f5448bf35ed9a6ad53c01069b34f7ee2a1d.jpg\",\"uri\":\"bilibili://video/541523658\",\"param\":\"541523658\",\"goto\":\"av\",\"desc\":\"2914弹幕\",\"play\":206496,\"danmaku\":2914,\"reply\":1499,\"favorite\":4770,\"coin\":26768,\"share\":689,\"like\":40468,\"duration\":626,\"idx\":1596337675,\"cid\":219056394,\"tid\":75,\"tname\":\"动物圈\",\"tag\":{\"tag_id\":14830408,\"tag_name\":\"克里米亚野生动物园\",\"count\":{\"atten\":4600}},\"dislike_reasons\":[{\"reason_id\":4,\"reason_name\":\"UP主:克里米亚野生动物园\"},{\"reason_id\":2,\"reason_name\":\"分区:动物圈\"},{\"reason_id\":3,\"reason_name\":\"标签:克里米亚野生动物园\"},{\"reason_id\":1,\"reason_name\":\"不感兴趣\"}],\"ctime\":1596257701,\"autoplay\":1,\"mid\":590490400,\"name\":\"克里米亚野生动物园\",\"face\":\"http://i2.hdslb.com/bfs/face/8ed24d53939fad1b707416c5c3d2b084d92aa638.jpg\",\"official\":{\"role\":2,\"title\":\"克里米亚野生动物园官方账号，萌宠UP主\"}},{\"title\":\"“祖国的蓝天，由我们守护！”\",\"cover\":\"https://i2.hdslb.com/bfs/archive/f15b604b99fb3d914e0edfe69d18ac88cfc84d87.jpg\",\"uri\":\"bilibili://video/754056563\",\"param\":\"754056563\",\"goto\":\"av\",\"desc\":\"604弹幕\",\"play\":105356,\"danmaku\":604,\"reply\":647,\"favorite\":1606,\"coin\":3376,\"share\":551,\"like\":26497,\"duration\":145,\"idx\":1596337674,\"cid\":218832880,\"tid\":85,\"tname\":\"短片\",\"tag\":{\"tag_id\":857,\"tag_name\":\"短片\",\"count\":{\"atten\":172372}},\"dislike_reasons\":[{\"reason_id\":4,\"reason_name\":\"UP主:共青团中央\"},{\"reason_id\":2,\"reason_name\":\"分区:短片\"},{\"reason_id\":3,\"reason_name\":\"标签:短片\"},{\"reason_id\":1,\"reason_name\":\"不感兴趣\"}],\"ctime\":1596255033,\"autoplay\":1,\"mid\":20165629,\"name\":\"共青团中央\",\"face\":\"http://i2.hdslb.com/bfs/face/2bb27602ede08bc063630711678da524928f5957.jpg\",\"official\":{\"role\":4,\"title\":\"共青团中央 官方账号\"}},{\"title\":\"翻墙看黄片违法，明星发ins也都要处罚吗？【法山叔】\",\"cover\":\"https://i1.hdslb.com/bfs/archive/5d7175cd61a9601d2fe7bb2a88c874abfbf90837.jpg\",\"uri\":\"bilibili://video/541508321\",\"param\":\"541508321\",\"goto\":\"av\",\"desc\":\"8855弹幕\",\"play\":887649,\"danmaku\":8855,\"reply\":7550,\"favorite\":12297,\"coin\":16281,\"share\":12270,\"like\":43180,\"duration\":393,\"idx\":1596337673,\"cid\":218716012,\"tid\":124,\"tname\":\"社科人文\",\"tag\":{\"tag_id\":5590,\"tag_name\":\"法律\",\"count\":{\"atten\":31303}},\"dislike_reasons\":[{\"reason_id\":4,\"reason_name\":\"UP主:法山叔\"},{\"reason_id\":2,\"reason_name\":\"分区:社科人文\"},{\"reason_id\":3,\"reason_name\":\"标签:法律\"},{\"reason_id\":1,\"reason_name\":\"不感兴趣\"}],\"ctime\":1596186693,\"autoplay\":1,\"mid\":369287008,\"name\":\"法山叔\",\"face\":\"http://i1.hdslb.com/bfs/face/e8104677622a908741baeeb8c4e926d83c310b8e.jpg\",\"official\":{\"role\":2,\"title\":\"律师法山叔\",\"desc\":\"《进击的律师》作者，《案中观察》主持人\"}},{\"title\":\"[科普]游戏中这些简单的事情有多难吗你知道吗？为什么游戏公司总是卖BUG送游戏？\",\"cover\":\"https://i0.hdslb.com/bfs/archive/d9bf279413cc3547cd8e5bddf7636e18c0fdbfaa.jpg\",\"uri\":\"bilibili://video/711513789\",\"param\":\"711513789\",\"goto\":\"av\",\"desc\":\"358弹幕\",\"play\":42743,\"danmaku\":358,\"reply\":374,\"favorite\":1580,\"coin\":2187,\"share\":274,\"like\":4460,\"duration\":537,\"idx\":1596337672,\"cid\":219219230,\"tid\":122,\"tname\":\"野生技术协会\",\"tag\":{\"tag_id\":368,\"tag_name\":\"技术宅\",\"count\":{\"atten\":814322}},\"dislike_reasons\":[{\"reason_id\":4,\"reason_name\":\"UP主:日常科技EverydayTech\"},{\"reason_id\":2,\"reason_name\":\"分区:野生技术协会\"},{\"reason_id\":3,\"reason_name\":\"标签:技术宅\"},{\"reason_id\":1,\"reason_name\":\"不感兴趣\"}],\"ctime\":1596286631,\"autoplay\":1,\"mid\":248582596,\"name\":\"日常科技EverydayTech\",\"face\":\"http://i2.hdslb.com/bfs/face/65a83ab6577ec43f61f7d65e74a86302dcf8bedc.jpg\"}]"},"ts":1596337677740}