{"data":{"historyRecommend":"s[{\"title\":\"你买不起的爱马仕包包都是他设计的！带你看懂【Jean Paul Gaultier让保罗高缇耶2020春夏高定秀】\",\"cover\":\"https://i2.hdslb.com/bfs/archive/a6edddc998f9fcc7736a7f911b10b1eeb004b404.jpg\",\"uri\":\"bilibili://video/329087073\",\"param\":\"329087073\",\"goto\":\"av\",\"desc\":\"1733弹幕\",\"play\":55242,\"danmaku\":1733,\"reply\":1012,\"favorite\":2043,\"coin\":8697,\"share\":160,\"like\":9745,\"duration\":1041,\"idx\":1596262892,\"cid\":218607643,\"tid\":192,\"tname\":\"风尚标\",\"tag\":{\"tag_id\":516500,\"tag_name\":\"秀场\",\"count\":{\"atten\":190646}},\"dislike_reasons\":[{\"reason_id\":4,\"reason_name\":\"UP主:AHALOLO\"},{\"reason_id\":2,\"reason_name\":\"分区:风尚标\"},{\"reason_id\":3,\"reason_name\":\"标签:秀场\"},{\"reason_id\":1,\"reason_name\":\"不感兴趣\"}],\"ctime\":1596194079,\"autoplay\":1,\"mid\":353368172,\"name\":\"AHALOLO\",\"face\":\"http://i1.hdslb.com/bfs/face/f89dcc63eb33680fa365b83813e803ea27057c39.jpg\",\"official\":{\"role\":1,\"title\":\"时尚领域优质UP主\"},\"autoplay_card\":2},{\"title\":\"不到半年涨粉30万，屡试不爽的爆款套路究竟是什么？\",\"cover\":\"https://i2.hdslb.com/bfs/archive/326cd60cf4d2c4bc6702eed90d2115a0a065ffd1.jpg\",\"uri\":\"bilibili://video/841519187\",\"param\":\"841519187\",\"goto\":\"av\",\"desc\":\"918弹幕\",\"play\":81935,\"danmaku\":918,\"reply\":420,\"favorite\":2420,\"coin\":4674,\"share\":162,\"like\":8432,\"duration\":991,\"idx\":1596262891,\"cid\":218852668,\"tid\":124,\"tname\":\"社科人文\",\"tag\":{\"tag_id\":295610,\"tag_name\":\"老番茄\",\"count\":{\"atten\":51896}},\"dislike_reasons\":[{\"reason_id\":4,\"reason_name\":\"UP主:阿扶frits\"},{\"reason_id\":2,\"reason_name\":\"分区:社科人文\"},{\"reason_id\":3,\"reason_name\":\"标签:老番茄\"},{\"reason_id\":1,\"reason_name\":\"不感兴趣\"}],\"ctime\":1596208281,\"autoplay\":1,\"mid\":27880221,\"name\":\"阿扶frits\",\"face\":\"http://i1.hdslb.com/bfs/face/a783271c045d455194f747d59433a0d9d49f1b39.jpg\",\"official\":{\"role\":1,\"title\":\"bilibili 高能联盟成员\"}},{\"title\":\"【狗君】全网最黑？绝美冷黑皮！乌漆麻黑金·诱攻·蛇总妆…\",\"cover\":\"https://i0.hdslb.com/bfs/archive/8d92d78a8c59f4e1df2acd6ad5ba27f0c5da26e5.jpg\",\"uri\":\"bilibili://video/839081570\",\"param\":\"839081570\",\"goto\":\"av\",\"desc\":\"605弹幕\",\"play\":81992,\"danmaku\":605,\"reply\":494,\"favorite\":2569,\"coin\":6598,\"share\":494,\"like\":11060,\"duration\":310,\"idx\":1596262890,\"cid\":218809337,\"tid\":157,\"tname\":\"美妆\",\"tag\":{\"tag_id\":832569,\"tag_name\":\"美妆\",\"count\":{\"atten\":960564}},\"dislike_reasons\":[{\"reason_id\":4,\"reason_name\":\"UP主:狗君_\"},{\"reason_id\":2,\"reason_name\":\"分区:美妆\"},{\"reason_id\":3,\"reason_name\":\"标签:美妆\"},{\"reason_id\":1,\"reason_name\":\"不感兴趣\"}],\"ctime\":1596166240,\"autoplay\":1,\"mid\":72627987,\"name\":\"狗君_\",\"face\":\"http://i0.hdslb.com/bfs/face/032784b4d9fc6d3a53c64deead7df3e09dca16b6.jpg\"},{\"title\":\"高 地 保 安 专 业 团 队\",\"cover\":\"https://i0.hdslb.com/bfs/archive/e2f2bda1f2d25855306ab7686a0d804ae178e5f5.jpg\",\"uri\":\"bilibili://video/584112505\",\"param\":\"584112505\",\"goto\":\"av\",\"desc\":\"216弹幕\",\"play\":21324,\"danmaku\":216,\"reply\":332,\"favorite\":1566,\"coin\":659,\"share\":168,\"like\":3462,\"duration\":418,\"idx\":1596262889,\"cid\":218712593,\"tid\":25,\"tname\":\"MMD·3D\",\"tag\":{\"tag_id\":62526,\"tag_name\":\"电子竞技\",\"count\":{\"atten\":109230}},\"dislike_reasons\":[{\"reason_id\":4,\"reason_name\":\"UP主:-卿词-\"},{\"reason_id\":2,\"reason_name\":\"分区:MMD·3D\"},{\"reason_id\":3,\"reason_name\":\"标签:电子竞技\"},{\"reason_id\":1,\"reason_name\":\"不感兴趣\"}],\"ctime\":1596240055,\"autoplay\":1,\"mid\":105248051,\"name\":\"-卿词-\",\"face\":\"http://i1.hdslb.com/bfs/face/1c02d3e987801e30ac1dc37f329df2c639a2f8d5.jpg\",\"official\":{\"role\":1,\"title\":\"bilibili 知名动漫UP主\"}},{\"title\":\"【搞大系列】一碗汤600块！熬制三天三夜，还原火影忍者鸣人最爱的一乐拉面！超大版！\",\"cover\":\"https://i2.hdslb.com/bfs/archive/fe14aaa154691fd2ddb4af8d635204f6c97e115e.jpg\",\"uri\":\"bilibili://video/201524622\",\"param\":\"201524622\",\"goto\":\"av\",\"desc\":\"2518弹幕\",\"play\":383265,\"danmaku\":2518,\"reply\":570,\"favorite\":4115,\"coin\":16061,\"share\":537,\"like\":37858,\"duration\":368,\"idx\":1596262888,\"cid\":218304484,\"tid\":76,\"tname\":\"美食圈\",\"tag\":{\"tag_id\":1102683,\"tag_name\":\"吃播\",\"count\":{\"atten\":486012}},\"dislike_reasons\":[{\"reason_id\":4,\"reason_name\":\"UP主:溅本尊\"},{\"reason_id\":2,\"reason_name\":\"分区:美食圈\"},{\"reason_id\":3,\"reason_name\":\"标签:吃播\"},{\"reason_id\":1,\"reason_name\":\"不感兴趣\"}],\"ctime\":1596096879,\"autoplay\":1,\"mid\":394071338,\"name\":\"溅本尊\",\"face\":\"http://i2.hdslb.com/bfs/face/6ba8ce4794abc720fed378323347e2d13fa2ebb8.jpg\",\"official\":{\"role\":1,\"title\":\"bilibili 知名美食UP主\"}},{\"title\":\"铁甲小宝主演集体“下海”还被禁播下架，这些传言属实吗？来看看被禁的第50集做了啥。\",\"cover\":\"https://i1.hdslb.com/bfs/archive/069bea9a7b1579541a08d8ce8f173d04ebf2d1de.jpg\",\"uri\":\"bilibili://video/456470311\",\"param\":\"456470311\",\"goto\":\"av\",\"desc\":\"3606弹幕\",\"play\":2640447,\"danmaku\":3606,\"reply\":2523,\"favorite\":6625,\"coin\":2395,\"share\":1856,\"like\":47627,\"duration\":325,\"idx\":1596262887,\"cid\":216579544,\"tid\":27,\"tname\":\"综合\",\"tag\":{\"tag_id\":530918,\"tag_name\":\"动漫杂谈\",\"count\":{\"atten\":416397}},\"dislike_reasons\":[{\"reason_id\":4,\"reason_name\":\"UP主:燚病毒\"},{\"reason_id\":2,\"reason_name\":\"分区:综合\"},{\"reason_id\":3,\"reason_name\":\"标签:动漫杂谈\"},{\"reason_id\":1,\"reason_name\":\"不感兴趣\"}],\"ctime\":1595725224,\"autoplay\":1,\"mid\":382667094,\"name\":\"燚病毒\",\"face\":\"http://i2.hdslb.com/bfs/face/5c926f8b7685659b9897e7b44bcb459cd875b568.jpg\"},{\"title\":\"大海退潮后，大庆在沙滩上发现一片泥螺的小球球，看见一定不要踩\",\"cover\":\"https://i2.hdslb.com/bfs/archive/14b5f39ebaae96bc25f60f174b6a3b57e78febd9.jpg\",\"uri\":\"bilibili://video/884073784\",\"param\":\"884073784\",\"goto\":\"av\",\"desc\":\"2488弹幕\",\"play\":684241,\"danmaku\":2488,\"reply\":732,\"favorite\":3257,\"coin\":12197,\"share\":705,\"like\":52823,\"duration\":340,\"idx\":1596262886,\"cid\":218268773,\"tid\":21,\"tname\":\"日常\",\"tag\":{\"tag_id\":8494646,\"tag_name\":\"毛蛤蜊\",\"count\":{}},\"dislike_reasons\":[{\"reason_id\":4,\"reason_name\":\"UP主:大庆赶海\"},{\"reason_id\":2,\"reason_name\":\"分区:日常\"},{\"reason_id\":3,\"reason_name\":\"标签:毛蛤蜊\"},{\"reason_id\":1,\"reason_name\":\"不感兴趣\"}],\"ctime\":1596084494,\"autoplay\":1,\"mid\":524704055,\"name\":\"大庆赶海\",\"face\":\"http://i2.hdslb.com/bfs/face/f119348814f30c6bbbcc60bd63c12b8215d19d2f.jpg\"},{\"title\":\"最 强 赘 婿\",\"cover\":\"https://i1.hdslb.com/bfs/archive/dcfec17bb9ef90b84e66bbf740e858502b3f8100.jpg\",\"uri\":\"bilibili://video/753938922\",\"param\":\"753938922\",\"goto\":\"av\",\"desc\":\"1058弹幕\",\"play\":1248756,\"danmaku\":1058,\"reply\":1725,\"favorite\":13296,\"coin\":12033,\"share\":11836,\"like\":57635,\"duration\":134,\"idx\":1596262885,\"cid\":216635241,\"tid\":22,\"tname\":\"鬼畜调教\",\"tag\":{\"tag_id\":68,\"tag_name\":\"鬼畜\",\"count\":{\"atten\":1685471}},\"dislike_reasons\":[{\"reason_id\":4,\"reason_name\":\"UP主:李子alt\"},{\"reason_id\":2,\"reason_name\":\"分区:鬼畜调教\"},{\"reason_id\":3,\"reason_name\":\"标签:鬼畜\"},{\"reason_id\":1,\"reason_name\":\"不感兴趣\"}],\"ctime\":1595731808,\"autoplay\":1,\"mid\":3201,\"name\":\"李子alt\",\"face\":\"http://i0.hdslb.com/bfs/face/26459e71d3690be2ca05d02f4d9c3a37dac0f9f7.jpg\"},{\"title\":\"【卓叔】引体向上拉不动？四个步骤，帮你从0到1，越做越多！\",\"cover\":\"https://i1.hdslb.com/bfs/archive/22d712d0d04b4f203659bef5cd7cb894d891795d.jpg\",\"uri\":\"bilibili://video/796605838\",\"param\":\"796605838\",\"goto\":\"av\",\"desc\":\"1752弹幕\",\"play\":69597,\"danmaku\":1752,\"reply\":347,\"favorite\":3892,\"coin\":4891,\"share\":387,\"like\":7465,\"duration\":567,\"idx\":1596262884,\"cid\":218548524,\"tid\":164,\"tname\":\"健身\",\"tag\":{\"tag_id\":1513253,\"tag_name\":\"瘦身塑形\",\"count\":{\"atten\":296165}},\"dislike_reasons\":[{\"reason_id\":4,\"reason_name\":\"UP主:卓叔增重\"},{\"reason_id\":2,\"reason_name\":\"分区:健身\"},{\"reason_id\":3,\"reason_name\":\"标签:瘦身塑形\"},{\"reason_id\":1,\"reason_name\":\"不感兴趣\"}],\"ctime\":1596190526,\"autoplay\":1,\"mid\":22423090,\"name\":\"卓叔增重\",\"face\":\"http://i1.hdslb.com/bfs/face/d5370dda7a7221d664ecf7726e2154c57963e193.jpg\",\"official\":{\"role\":1,\"title\":\"bilibili 知名运动UP主\"}},{\"title\":\"魔性加倍版【地狱把妹王】一定是全站最嗨改版的BGM【Helltaker】\",\"cover\":\"https://i0.hdslb.com/bfs/archive/0c8a067cf30bc0575699d7c6336b58be4d7ac3bb.jpg\",\"uri\":\"bilibili://video/626413055\",\"param\":\"626413055\",\"goto\":\"av\",\"desc\":\"312弹幕\",\"play\":273468,\"danmaku\":312,\"reply\":557,\"favorite\":10992,\"coin\":3906,\"share\":433,\"like\":18312,\"duration\":165,\"idx\":1596262883,\"cid\":216805055,\"tid\":28,\"tname\":\"原创音乐\",\"tag\":{\"tag_id\":72138,\"tag_name\":\"原创歌曲\",\"count\":{\"atten\":203959}},\"dislike_reasons\":[{\"reason_id\":4,\"reason_name\":\"UP主:TSAR-\"},{\"reason_id\":2,\"reason_name\":\"分区:原创音乐\"},{\"reason_id\":3,\"reason_name\":\"标签:原创歌曲\"},{\"reason_id\":1,\"reason_name\":\"不感兴趣\"}],\"ctime\":1595755506,\"autoplay\":1,\"mid\":8132059,\"name\":\"TSAR-\",\"face\":\"http://i1.hdslb.com/bfs/face/e75a6c9a53f972d616ed6e9026fbb021ed5007ee.jpg\"}]"},"ts":1596267877488}