{"data":{"about":"btrue","activityImageSaver":"bfalse","ajaxHook":"bfalse","allNavbarFill":"bfalse","allowJumpContinue":"bfalse","applyPlayerModeOnPlay":"btrue","aria2RpcOption":"o{\"secretKey\":\"\",\"dir\":\"\",\"host\":\"127.0.0.1\",\"port\":\"6800\",\"method\":\"get\",\"skipByDefault\":false,\"maxDownloadLimit\":\"\",\"baseDir\":\"\"}","aria2RpcOptionProfiles":"o[]","aria2RpcOptionSelectedProfile":"s","autoContinue":"bfalse","autoDraw":"bfalse","autoHideSideBar":"bfalse","autoLightOff":"bfalse","autoMatchMedal":"bfalse","autoPlay":"bfalse","autoSeedsToCoins":"btrue","batchFilenameFormat":"s[n - ][ep]","bilibiliSimpleNewHomeCompatible":"bfalse","biliplusRedirect":"bfalse","blurBackgroundOpacity":"n0.382","blurVideoControl":"bfalse","bvidConvert":"btrue","cache":"o{}","clearCache":"btrue","collapseLiveSideBar":"bfalse","comboLike":"bfalse","compactLayout":"bfalse","currentVersion":"s745.28","customControlBackground":"bfalse","customControlBackgroundOpacity":"n0.64","customNavbar":"btrue","customNavbarBlur":"bfalse","customNavbarBlurOpacity":"n0.7","customNavbarBoundsPadding":"n10","customNavbarCompact":"bfalse","customNavbarFill":"bfalse","customNavbarGlobalFixed":"bfalse","customNavbarHidden":"o[\"drawingLink\",\"musicLink\",\"blank1\",\"darkMode\"]","customNavbarOrder":"o{\"blank1\":0,\"logo\":1,\"category\":2,\"rankingLink\":3,\"drawingLink\":4,\"musicLink\":5,\"gamesIframe\":6,\"livesIframe\":7,\"shopLink\":8,\"mangaLink\":9,\"blank2\":10,\"search\":11,\"blank3\":12,\"userInfo\":13,\"messages\":14,\"activities\":15,\"bangumi\":16,\"watchlaterList\":17,\"favoritesList\":18,\"historyList\":19,\"upload\":20,\"darkMode\":21}","customNavbarSeasonLogo":"bfalse","customNavbarShadow":"btrue","customNavbarTransparent":"btrue","customStyleColor":"s#00A0D8","customStyles":"o[]","danmakuSendBar":"btrue","danmakuSettings":"o{\"subtitlesPreserve\":false,\"smartMask\":false}","darkColorScheme":"bfalse","darkSchedule":"bfalse","darkScheduleEnd":"s6:00","darkScheduleStart":"s18:00","deadVideoTitleProvider":"s稍后再看","defaultBangumiLayout":"s新版","defaultLiveQuality":"s原画","defaultMedalID":"n0","defaultPlayerLayout":"s新版","defaultPlayerMode":"s宽屏","defaultVideoQuality":"s自动","defaultVideoSpeed":"s1.0","disableFeedsDetails":"bfalse","doubleClickFullscreen":"bfalse","doubleClickFullscreenPreventSingleClick":"bfalse","downloadAudio":"btrue","downloadDanmaku":"btrue","downloadLiveRecords":"btrue","downloadSubtitle":"btrue","downloadVideo":"btrue","downloadVideoDashCodec":"sAVC/H.264","downloadVideoDefaultDanmaku":"s无","downloadVideoDefaultSubtitle":"s无","downloadVideoFormat":"sflv","downloadVideoQuality":"n120","elegantScrollbar":"btrue","enableDanmaku":"btrue","enableDashDownload":"btrue","expandDanmakuList":"bfalse","expandDescription":"bfalse","extendFeedsLive":"bfalse","favoritesRedirect":"bfalse","feedsFilter":"bfalse","feedsFilterPatterns":"o[]","feedsFilterSideCards":"o[]","feedsFilterTypes":"o[]","feedsSpecialFilterTypes":"o[]","feedsTranslate":"bfalse","feedsTranslateLanguage":"s","feedsTranslateProvider":"sBing","filenameFormat":"s[title][ - ep]","fixedSidebars":"bfalse","foldComment":"btrue","forceWide":"bfalse","foregroundColorMode":"s自动","framePlayback":"btrue","fullActivityContent":"bfalse","fullPageTitle":"bfalse","fullTweetsTitle":"bfalse","guiSettings":"btrue","guiSettingsDockSide":"s左侧","harunaScale":"bfalse","hideBangumiReviews":"bfalse","hideBangumiSponsors":"bfalse","hideBanner":"bfalse","hideCategory":"bfalse","hideHomeLive":"bfalse","hideOldEntry":"bfalse","hideRecommendLive":"bfalse","hideRelatedVideos":"bfalse","hideTopSearch":"bfalse","i18n":"bfalse","i18nLanguage":"s日本語","imageResolution":"bfalse","imageResolutionScale":"sauto","keymap":"bfalse","keymapJumpSeconds":"n85","lastNewVersionCheck":"n0","lastSeedsToCoinsDate":"n0","latestVersionLink":"shttps://cdn.jsdelivr.net/gh/the1812/Bilibili-Evolved@master/bilibili-evolved.offline.user.js","livePip":"btrue","medalHelper":"btrue","miniPlayerTouchMove":"bfalse","minimalHomeSettings":"o{\"showSearch\":true,\"backgroundImage\":\"\"}","narrowDanmaku":"btrue","newVersionCheckInterval":"n21600000","noDarkOnMember":"btrue","noLiveAutoplay":"btrue","noMiniVideoAutoplay":"bfalse","notifyNewVersion":"btrue","oldTweets":"bfalse","outerWatchlater":"bfalse","overrideNavBar":"bfalse","playerFocus":"bfalse","playerFocusOffset":"n-10","playerLayout":"bfalse","playerOnTop":"bfalse","playerShadow":"bfalse","preferAvUrl":"bfalse","preserveEventBanner":"bfalse","preserveRank":"btrue","quickFavorite":"bfalse","quickFavoriteID":"n0","recordLiveDanmaku":"bfalse","rememberDanmakuSettings":"bfalse","removeAds":"bfalse","removeGameMatchModule":"bfalse","removeLiveWatermark":"bfalse","removeVideoTopMask":"bfalse","restoreFloors":"bfalse","scriptBlockPatterns":"o[]","scriptDownloadMode":"sbundle","scriptLoadingMode":"s延后(自动)","searchHistory":"o[]","seedsToCoins":"bfalse","selectableColumnText":"btrue","seoJump":"bfalse","showBlockedAdsTip":"bfalse","showCoverBeforePlay":"btrue","showDeadVideoTitle":"bfalse","sideBarOffset":"n0","simpleHomeBangumiLayout":"s时间表","simpleHomeCategoryOrders":"o{\"anime\":0,\"bangumi\":1,\"china\":2,\"manga\":3,\"music\":4,\"dance\":5,\"game\":6,\"tech\":7,\"digital\":8,\"life\":9,\"kichiku\":10,\"fashion\":11,\"information\":12,\"entertainment\":13,\"column\":14,\"movie\":15,\"tv\":16,\"film\":17,\"documentary\":18}","simpleHomeWheelScroll":"btrue","simplifyHome":"bfalse","simplifyHomeStyle":"s清爽","simplifyLiveroom":"btrue","simplifyLiveroomSettings":"o{\"vip\":true,\"fansMedal\":false,\"title\":false,\"userLevel\":true,\"guard\":true,\"systemMessage\":true,\"welcomeMessage\":true,\"giftMessage\":false,\"guardPurchase\":false,\"giftPanel\":false,\"kanban\":true,\"userEffect\":true,\"eventsBanner\":true,\"rankList\":false,\"popup\":false,\"skin\":false}","skipChargeList":"bfalse","superchatTranslate":"bfalse","toast":"btrue","toastInternalError":"bfalse","touchNavBar":"bfalse","touchVideoPlayer":"bfalse","touchVideoPlayerAnimation":"bfalse","touchVideoPlayerDoubleTapControl":"bfalse","updateCdn":"sjsDelivr","urlParamsClean":"btrue","useBiliplusRedirect":"bfalse","useCache":"btrue","useCommentStyle":"bfalse","useDarkStyle":"btrue","useDarkStyleAsUserStyle":"bfalse","useDefaultDanmakuSettings":"bfalse","useDefaultLiveQuality":"bfalse","useDefaultPlayerMode":"bfalse","useDefaultVideoQuality":"bfalse","useDefaultVideoSpeed":"bfalse","useNewStyle":"bfalse","userImages":"o[]","videoScreenshot":"btrue","viewCover":"btrue","volumeOverdrive":"bfalse","watchLaterRedirect":"bfalse","watchLaterRedirectNavbar":"btrue","watchLaterRedirectPage":"btrue","watchlaterExpireWarningDays":"n14","watchlaterExpireWarnings":"bfalse"},"ts":1596267969678}