{"options":{"awareOfChrome":false,"check_for_updates":true,"comment":null,"compat_arrayleft":false,"compat_foreach":false,"compat_forvarin":false,"compat_metadata":false,"compat_uW_gmonkey":false,"compat_wrappedjsobject":false,"compatopts_for_requires":true,"noframes":null,"override":{"merge_connects":true,"merge_excludes":true,"merge_includes":true,"merge_matches":true,"orig_connects":[],"orig_excludes":[],"orig_includes":[],"orig_matches":["*://www.zhihu.com/question/*","*://www.zhihu.com/tardis/*","*://blog.csdn.net/*/article/details/*","*://bbs.csdn.net/topics/*","*://www.bilibili.com/video/av*","*://www.bilibili.com/video/BV*","*://m.bilibili.com/video/av*","*://www.youtube.com/watch?v=*","*://m.youtube.com/watch?v=*","*://www.acfun.cn/v/ac*","*://m.acfun.cn/v/?ac=*","*://www.ipaperclip.net/doku.php?id=*","*://ipaperclip.net/doku.php?id=*","*://zhidao.baidu.com/question/*","*://wap.peopleapp.com/article/*","*://*.ifeng.com/*","*://www.javascriptcn.com/*","*://www.360doc.com/content/*","*://www.360doc.cn/article/*","*://www.iteye.com/blog/*","*://sports.sina.cn/*","*://3g.163.com/*","*://c.m.163.com/news/a/*","*://xw.qq.com/*","*://kandianshare.html5.qq.com/v*","*://m.toutiao.com/*","*://chejiahao.m.autohome.com.cn/i*","*://post.m.smzdm.com/p/*","*://m.smzdm.com/p/*","*://m.iask.sina.com.cn/b/*","*://m.tiexue.net/touch/thread_*","*://baijiahao.baidu.com/s?id=*","*://www.bandbbs.cn/threads/*","*://cloud.tencent.com/developer/article/*","*://book.douban.com/subject/*","*://m.douban.com/note/*","*://m.douban.com/group/topic/*","*://www.jianshu.com/p/*","*://www.chinaz.com/*","*://www.pinlue.com/article/*","*://m.jiemian.com/article/*","*://www.bilibili.com/read/mobile/*","*://kuaibao.qq.com/s/*","*://yq.aliyun.com/articles/*","*://jingyan.baidu.com/article/*","*://m.huxiu.com/article/*","*://*.sina.cn/*","*://www.xiaohongshu.com/*","*://m.sohu.com/a/*","*://www.hao123.com/*","*://www.baiven.com/*","*://www.yuque.com/*","*://m.thepaper.cn/newsDetail_forward_*","*://m.guancha.cn/*","*://upage.html5.qq.com/*","*://m.guokr.com/article/*","*://www.xjishu.com/*","*://mbd.baidu.com/*","*://xiaozhuanlan.com/topic/*","*://ddrv.cn/a/*","*://www.reddit.com/*","*://www.meipian.cn/*","https://c.statcounter.com/*"],"orig_noframes":null,"orig_run_at":"document-idle","use_blockers":[],"use_connects":[],"use_excludes":[],"use_includes":[],"use_matches":[]},"run_at":null},"settings":{"enabled":true,"position":19},"meta":{"name":"自动展开全文","uuid":"07561979-bd8b-4fb4-86be-20f637cb0c08","modified":1596188414178,"file_url":"https://greasyfork.org/scripts/397476-%E8%87%AA%E5%8A%A8%E5%B1%95%E5%BC%80%E5%85%A8%E6%96%87/code/%E8%87%AA%E5%8A%A8%E5%B1%95%E5%BC%80%E5%85%A8%E6%96%87.user.js"}}