{"data":{"historyRecommend":"s[{\"title\":\"炉石传说：【天天素材库】 第209期\",\"cover\":\"https://i2.hdslb.com/bfs/archive/0f77a24e413ed42873ccc0988fce9f5330d38539.jpg\",\"uri\":\"bilibili://video/286750218\",\"param\":\"286750218\",\"goto\":\"av\",\"desc\":\"4052弹幕\",\"play\":864216,\"danmaku\":4052,\"reply\":1113,\"favorite\":1803,\"coin\":7700,\"share\":666,\"like\":33909,\"duration\":505,\"idx\":1597803584,\"cid\":225365576,\"tid\":171,\"tname\":\"电子竞技\",\"tag\":{\"tag_id\":318756,\"tag_name\":\"炉石传说\",\"count\":{\"atten\":183137}},\"dislike_reasons\":[{\"reason_id\":4,\"reason_name\":\"UP主:天天卡牌\"},{\"reason_id\":2,\"reason_name\":\"分区:电子竞技\"},{\"reason_id\":3,\"reason_name\":\"标签:炉石传说\"},{\"reason_id\":1,\"reason_name\":\"不感兴趣\"}],\"ctime\":1597636237,\"autoplay\":1,\"mid\":10462362,\"name\":\"天天卡牌\",\"face\":\"http://i2.hdslb.com/bfs/face/d073dbd50b729138f7253f3258ac6ef67bddd741.jpg\",\"official\":{\"role\":1,\"title\":\"bilibili 2019百大UP主、知名游戏UP主\",\"desc\":\"代表作：逗鱼时刻、煮鸡时刻、天天吃鸡、天天素材库、午时已到\"},\"autoplay_card\":2},{\"title\":\"来自70年代的鬼畜！\",\"cover\":\"https://i2.hdslb.com/bfs/archive/79e247df65f25aded31516f9f975a86a6b331357.jpg\",\"uri\":\"bilibili://video/754206315\",\"param\":\"754206315\",\"goto\":\"av\",\"desc\":\"5405弹幕\",\"play\":1211885,\"danmaku\":5405,\"reply\":2092,\"favorite\":54225,\"coin\":97236,\"share\":5190,\"like\":135022,\"duration\":132,\"idx\":1597803583,\"cid\":224169038,\"tid\":22,\"tname\":\"鬼畜调教\",\"tag\":{\"tag_id\":68,\"tag_name\":\"鬼畜\",\"count\":{\"atten\":1738884}},\"dislike_reasons\":[{\"reason_id\":4,\"reason_name\":\"UP主:OELoop\"},{\"reason_id\":2,\"reason_name\":\"分区:鬼畜调教\"},{\"reason_id\":3,\"reason_name\":\"标签:鬼畜\"},{\"reason_id\":1,\"reason_name\":\"不感兴趣\"}],\"ctime\":1597390241,\"autoplay\":1,\"mid\":6171645,\"name\":\"OELoop\",\"face\":\"http://i1.hdslb.com/bfs/face/6ed036381a0d0a86714816ac393dd9bf1b0bef21.jpg\",\"official\":{\"role\":1,\"title\":\"bilibili 2019百大UP主、高能联盟成员\"}},{\"title\":\"猛 男 生 存 18\",\"cover\":\"https://i2.hdslb.com/bfs/archive/09e773606589dad7f2eecd72d3e038d6b9c3d26a.jpg\",\"uri\":\"bilibili://video/969268280\",\"param\":\"969268280\",\"goto\":\"av\",\"desc\":\"8673弹幕\",\"play\":640037,\"danmaku\":8673,\"reply\":2934,\"favorite\":8395,\"coin\":23717,\"share\":597,\"like\":131154,\"duration\":828,\"idx\":1597803582,\"cid\":225596798,\"tid\":17,\"tname\":\"单机游戏\",\"tag\":{\"tag_id\":47988,\"tag_name\":\"我的世界\",\"count\":{\"atten\":467394}},\"dislike_reasons\":[{\"reason_id\":4,\"reason_name\":\"UP主:籽岷\"},{\"reason_id\":2,\"reason_name\":\"分区:单机游戏\"},{\"reason_id\":3,\"reason_name\":\"标签:我的世界\"},{\"reason_id\":1,\"reason_name\":\"不感兴趣\"}],\"ctime\":1597673528,\"autoplay\":1,\"mid\":686127,\"name\":\"籽岷\",\"face\":\"http://i1.hdslb.com/bfs/face/7efb679569b2faeff38fa08f6f992fa1ada5e948.webp\",\"official\":{\"role\":1,\"title\":\"bilibili 知名游戏UP主\"}},{\"title\":\"把IPhone手机用砂纸打磨成一面镜子，真的有可能做到吗\",\"cover\":\"https://i0.hdslb.com/bfs/archive/22de165a78fd8ceb30d8ec85690de882071241a2.jpg\",\"uri\":\"bilibili://video/841812399\",\"param\":\"841812399\",\"goto\":\"av\",\"desc\":\"1157弹幕\",\"play\":104050,\"danmaku\":1157,\"reply\":582,\"favorite\":1527,\"coin\":7077,\"share\":55,\"like\":13826,\"duration\":308,\"idx\":1597803581,\"cid\":225897615,\"tid\":21,\"tname\":\"日常\",\"tag\":{\"tag_id\":1833,\"tag_name\":\"搞笑\",\"count\":{\"atten\":1976501}},\"dislike_reasons\":[{\"reason_id\":4,\"reason_name\":\"UP主:开箱晏\"},{\"reason_id\":2,\"reason_name\":\"分区:日常\"},{\"reason_id\":3,\"reason_name\":\"标签:搞笑\"},{\"reason_id\":1,\"reason_name\":\"不感兴趣\"}],\"ctime\":1597745455,\"autoplay\":1,\"mid\":486978000,\"name\":\"开箱晏\",\"face\":\"http://i2.hdslb.com/bfs/face/b5b4cbb2b247311a8df29ccf69e2121cbd3eb8f7.jpg\",\"official\":{\"role\":1,\"title\":\"bilibili 知名UP主\"}},{\"title\":\"用最柔和的语气说最狠的话\",\"cover\":\"https://i2.hdslb.com/bfs/archive/ba69ab27267eebe03d435b265322e32c229d5c76.jpg\",\"uri\":\"bilibili://video/711658018\",\"param\":\"711658018\",\"goto\":\"av\",\"desc\":\"226弹幕\",\"play\":660741,\"danmaku\":226,\"reply\":593,\"favorite\":6213,\"coin\":761,\"share\":7351,\"like\":42050,\"duration\":20,\"idx\":1597803580,\"cid\":224646203,\"tid\":138,\"tname\":\"搞笑\",\"tag\":{\"tag_id\":792,\"tag_name\":\"吐槽\",\"count\":{\"atten\":335236}},\"dislike_reasons\":[{\"reason_id\":4,\"reason_name\":\"UP主:天空中的污云\"},{\"reason_id\":2,\"reason_name\":\"分区:搞笑\"},{\"reason_id\":3,\"reason_name\":\"标签:吐槽\"},{\"reason_id\":1,\"reason_name\":\"不感兴趣\"}],\"ctime\":1597470256,\"autoplay\":1,\"mid\":357598071,\"name\":\"天空中的污云\",\"face\":\"http://i0.hdslb.com/bfs/face/63d9ecc494261cc141d980e81ca1de4a450e396d.jpg\"},{\"title\":\"1分34秒开始高能！用笔挑战全网最燃《囍》-葛东琪 Chinese Wedding Penbeat cover\",\"cover\":\"https://i0.hdslb.com/bfs/archive/45cace4cb3330fc7129f6cc3126686d9540ab60e.jpg\",\"uri\":\"bilibili://video/541784121\",\"param\":\"541784121\",\"goto\":\"av\",\"desc\":\"1790弹幕\",\"play\":226044,\"danmaku\":1790,\"reply\":1180,\"favorite\":11046,\"coin\":17767,\"share\":2194,\"like\":30333,\"duration\":220,\"idx\":1597803579,\"cid\":225689373,\"tid\":59,\"tname\":\"演奏\",\"tag\":{\"tag_id\":373,\"tag_name\":\"演奏\",\"count\":{\"atten\":127661}},\"dislike_reasons\":[{\"reason_id\":4,\"reason_name\":\"UP主:PB阿星儿\"},{\"reason_id\":2,\"reason_name\":\"分区:演奏\"},{\"reason_id\":3,\"reason_name\":\"标签:演奏\"},{\"reason_id\":1,\"reason_name\":\"不感兴趣\"}],\"ctime\":1597712125,\"autoplay\":1,\"mid\":13733433,\"name\":\"PB阿星儿\",\"face\":\"http://i2.hdslb.com/bfs/face/344619ecb205d00692ea302b2fd94e5ac626e1b6.jpg\",\"official\":{\"role\":1,\"title\":\"bilibili 知名音乐UP主\"}},{\"title\":\"越拉越细！还能长高！开学前抓紧变瘦｜跟模特学拉腿｜瘦腿干货｜睡前拉伸\",\"cover\":\"https://i0.hdslb.com/bfs/archive/f478e059c46a209cc783d909e02249ef7eaf96e9.jpg\",\"uri\":\"bilibili://video/329189982\",\"param\":\"329189982\",\"goto\":\"av\",\"desc\":\"193弹幕\",\"play\":59354,\"danmaku\":193,\"reply\":128,\"favorite\":9820,\"coin\":811,\"share\":232,\"like\":3952,\"duration\":285,\"idx\":1597803578,\"cid\":224383840,\"tid\":164,\"tname\":\"健身\",\"tag\":{\"tag_id\":7969573,\"tag_name\":\"瘦身挑战\",\"count\":{\"atten\":47912}},\"dislike_reasons\":[{\"reason_id\":4,\"reason_name\":\"UP主:Betty我就爱sunny\"},{\"reason_id\":2,\"reason_name\":\"分区:健身\"},{\"reason_id\":3,\"reason_name\":\"标签:瘦身挑战\"},{\"reason_id\":1,\"reason_name\":\"不感兴趣\"}],\"ctime\":1597478423,\"autoplay\":1,\"mid\":85667615,\"name\":\"Betty我就爱sunny\",\"face\":\"http://i2.hdslb.com/bfs/face/7781c43cee7820b8d52af8ba6ca7e6dd0c73a2b3.jpg\"},{\"title\":\"【酒栗】证件照诈骗妆！抬头挺胸过安检！！\",\"cover\":\"https://i1.hdslb.com/bfs/archive/5b1c92fc63aa3c777f258514a15475287eaf69c8.jpg\",\"uri\":\"bilibili://video/669257857\",\"param\":\"669257857\",\"goto\":\"av\",\"desc\":\"653弹幕\",\"play\":26571,\"danmaku\":653,\"reply\":242,\"favorite\":1861,\"coin\":1535,\"share\":100,\"like\":4461,\"duration\":670,\"idx\":1597803577,\"cid\":225970739,\"tid\":157,\"tname\":\"美妆\",\"tag\":{\"tag_id\":832569,\"tag_name\":\"美妆\",\"count\":{\"atten\":985658}},\"dislike_reasons\":[{\"reason_id\":4,\"reason_name\":\"UP主:小酒栗Joly\"},{\"reason_id\":2,\"reason_name\":\"分区:美妆\"},{\"reason_id\":3,\"reason_name\":\"标签:美妆\"},{\"reason_id\":1,\"reason_name\":\"不感兴趣\"}],\"ctime\":1597760552,\"autoplay\":1,\"mid\":291780438,\"name\":\"小酒栗Joly\",\"face\":\"http://i0.hdslb.com/bfs/face/3a34c58eca6fd25cd5f6f6da70eedea4a1fe7883.jpg\",\"official\":{\"role\":2,\"title\":\"bilibili 新星UP主\",\"desc\":\"第二届“bilibili 新星计划”获奖者\"}},{\"title\":\"【男团成员小学生级别原创rap】《WULEI》\",\"cover\":\"https://i0.hdslb.com/bfs/archive/8966ebaca4ab5e2e3d239f54c10e0ae145dffa07.jpg\",\"uri\":\"bilibili://video/754252657\",\"param\":\"754252657\",\"goto\":\"av\",\"desc\":\"17848弹幕\",\"play\":380089,\"danmaku\":17848,\"reply\":12308,\"favorite\":25321,\"coin\":54994,\"share\":12998,\"like\":47667,\"duration\":146,\"idx\":1597803576,\"cid\":225508881,\"tid\":28,\"tname\":\"原创音乐\",\"tag\":{\"tag_id\":72138,\"tag_name\":\"原创歌曲\",\"count\":{\"atten\":207410}},\"dislike_reasons\":[{\"reason_id\":4,\"reason_name\":\"UP主:R1SE-张颜齐\"},{\"reason_id\":2,\"reason_name\":\"分区:原创音乐\"},{\"reason_id\":3,\"reason_name\":\"标签:原创歌曲\"},{\"reason_id\":1,\"reason_name\":\"不感兴趣\"}],\"ctime\":1597669959,\"autoplay\":1,\"mid\":492835573,\"name\":\"R1SE-张颜齐\",\"face\":\"http://i1.hdslb.com/bfs/face/c955aac0bcfb34a71fff6dc1adac1efbb6fbb6df.jpg\",\"official\":{\"role\":2,\"title\":\"R1SE-张颜齐\"}},{\"title\":\"家藏两亿现金，重3吨！现实版《人民的名义》！这样的巨贪企业怎么防？！【山哥话财务】\",\"cover\":\"https://i2.hdslb.com/bfs/archive/ba58353f1f1433f2d2f3017ed9cff9597401e3b3.jpg\",\"uri\":\"bilibili://video/541868039\",\"param\":\"541868039\",\"goto\":\"av\",\"desc\":\"1357弹幕\",\"play\":210821,\"danmaku\":1357,\"reply\":1264,\"favorite\":1136,\"coin\":1313,\"share\":485,\"like\":7433,\"duration\":519,\"idx\":1597803575,\"cid\":225269708,\"tid\":207,\"tname\":\"财经\",\"tag\":{\"tag_id\":39107,\"tag_name\":\"金融\",\"count\":{\"atten\":8585}},\"dislike_reasons\":[{\"reason_id\":4,\"reason_name\":\"UP主:复旦山哥\"},{\"reason_id\":2,\"reason_name\":\"分区:财经\"},{\"reason_id\":3,\"reason_name\":\"标签:金融\"},{\"reason_id\":1,\"reason_name\":\"不感兴趣\"}],\"ctime\":1597596270,\"autoplay\":1,\"mid\":606276475,\"name\":\"复旦山哥\",\"face\":\"http://i0.hdslb.com/bfs/face/6ceba1647f33f05d80b10a2994d69a32f25187e9.jpg\",\"official\":{\"role\":2,\"title\":\"复旦大学管理学院会计系教授\",\"desc\":\"中国第一位审计学博士\"}}]"},"ts":1597803584424}