{"data":{"CatPW":"o{\"date\":\"2020/8/17\",\"sCode\":\"\",\"unPW\":\"\",\"Src\":\"https://pan.baidu.com/s/1KlT-0l2rJak_6eA77ZfjRAb8u4\",\"surl\":\"\",\"Hash\":\"\",\"webSrc\":\"https%3A%2F%2Fbbs.level-plus.net%2Fread.php%3Ftid-911126-keyword-%25E6%2598%259F%25E7%2586%258A.html\",\"webTitle\":\"%E6%B1%82%E6%B1%82%E8%80%81%E5%93%A5%E4%BB%AC%E6%8C%87%E6%8C%87%E8%B7%AF%E6%B1%82%E4%B8%80%E4%B8%AA%E8%88%9F%E6%B8%B8%E6%98%9F%E7%86%8A%E5%92%8C%E9%99%88%E7%9A%84%E5%8A%A8%E5%9B%BE%E5%87%BA%E5%A4%84%7C%20%E8%AF%A2%E9%97%AE%26%E6%B1%82%E7%89%A9%20-%20Lv%2B%20Level%20Plus%20-%20powered%20by%20Pu!mdHd\"}","CatPW_Manage":"o{\"StorageSave\":true,\"UpdataConfig\":{\"UpdataSave\":true,\"UpdataNotify\":true,\"UpdataPlugin\":true,\"UpdataVersion\":\"3.12.7\"},\"StorageExp\":\"999\"}"},"ts":1597657768307}