{"data":{"historyRecommend":"s[{\"title\":\"校 园 暴 力 ！\",\"cover\":\"https://i2.hdslb.com/bfs/archive/ccdfc1940611e0ec37ffd01aa2c1cbfd4b2a5296.jpg\",\"uri\":\"bilibili://video/884394224\",\"param\":\"884394224\",\"goto\":\"av\",\"desc\":\"320弹幕\",\"play\":372538,\"danmaku\":320,\"reply\":345,\"favorite\":4008,\"coin\":1603,\"share\":1742,\"like\":19722,\"duration\":88,\"idx\":1599185476,\"cid\":231089613,\"tid\":22,\"tname\":\"鬼畜调教\",\"tag\":{\"tag_id\":68,\"tag_name\":\"鬼畜\",\"count\":{\"atten\":1770387}},\"dislike_reasons\":[{\"reason_id\":4,\"reason_name\":\"UP主:卑鄙的南瓜骨头\"},{\"reason_id\":2,\"reason_name\":\"分区:鬼畜调教\"},{\"reason_id\":3,\"reason_name\":\"标签:鬼畜\"},{\"reason_id\":1,\"reason_name\":\"不感兴趣\"}],\"ctime\":1598931347,\"autoplay\":1,\"mid\":2047074,\"name\":\"卑鄙的南瓜骨头\",\"face\":\"http://i1.hdslb.com/bfs/face/1027e44c87173ccc32bf4069244315ad7025c985.jpg\",\"official\":{\"role\":1,\"title\":\"bilibili 知名鬼畜UP主\"},\"autoplay_card\":2},{\"title\":\"马歇尔为“阿廖沙”跳起了舞【动物园摄影师】\",\"cover\":\"https://i2.hdslb.com/bfs/archive/ef2b2443fdcceb2fc84a0c762e88be2aa6d338dd.jpg\",\"uri\":\"bilibili://video/626959584\",\"param\":\"626959584\",\"goto\":\"av\",\"desc\":\"1433弹幕\",\"play\":202721,\"danmaku\":1433,\"reply\":1241,\"favorite\":4028,\"coin\":26252,\"share\":448,\"like\":36493,\"duration\":170,\"idx\":1599185475,\"cid\":231572468,\"tid\":75,\"tname\":\"动物圈\",\"tag\":{\"tag_id\":6943,\"tag_name\":\"萌宠\",\"count\":{\"atten\":414971}},\"dislike_reasons\":[{\"reason_id\":4,\"reason_name\":\"UP主:克里米亚野生动物园\"},{\"reason_id\":2,\"reason_name\":\"分区:动物圈\"},{\"reason_id\":3,\"reason_name\":\"标签:萌宠\"},{\"reason_id\":1,\"reason_name\":\"不感兴趣\"}],\"ctime\":1599042693,\"autoplay\":1,\"mid\":590490400,\"name\":\"克里米亚野生动物园\",\"face\":\"http://i1.hdslb.com/bfs/face/8ed24d53939fad1b707416c5c3d2b084d92aa638.jpg\",\"official\":{\"role\":2,\"title\":\"克里米亚野生动物园官方账号，萌宠UP主\"}},{\"title\":\"【食瓜】全B站最暴力！一学就废的装机教程【前传】\",\"cover\":\"https://i0.hdslb.com/bfs/archive/6672fdb74a387346bd12902f466b9f92c6a2c5ed.jpg\",\"uri\":\"bilibili://video/244477971\",\"param\":\"244477971\",\"goto\":\"av\",\"desc\":\"1085弹幕\",\"play\":186769,\"danmaku\":1085,\"reply\":622,\"favorite\":2042,\"coin\":2522,\"share\":736,\"like\":11353,\"duration\":268,\"idx\":1599185474,\"cid\":231856897,\"tid\":189,\"tname\":\"电脑装机\",\"tag\":{\"tag_id\":16906,\"tag_name\":\"数码\",\"count\":{\"atten\":286418}},\"dislike_reasons\":[{\"reason_id\":4,\"reason_name\":\"UP主:远古时代装机猿\"},{\"reason_id\":2,\"reason_name\":\"分区:电脑装机\"},{\"reason_id\":3,\"reason_name\":\"标签:数码\"},{\"reason_id\":1,\"reason_name\":\"不感兴趣\"}],\"ctime\":1599131601,\"autoplay\":1,\"mid\":35359510,\"name\":\"远古时代装机猿\",\"face\":\"http://i0.hdslb.com/bfs/face/ec008e32064705c576f3ffd73d20288e441d945f.jpg\",\"official\":{\"role\":1,\"title\":\"bilibili 2019百大UP主、高能联盟成员\"}},{\"title\":\"【脱口秀大会3】呼兰：都是真事儿，抄底原油惨被割韭菜...\",\"cover\":\"https://i2.hdslb.com/bfs/archive/ac1ba7c637a8d812b913b26dad92b0f03bbfcad9.jpg\",\"uri\":\"bilibili://video/329459275\",\"param\":\"329459275\",\"goto\":\"av\",\"desc\":\"678弹幕\",\"play\":250874,\"danmaku\":678,\"reply\":592,\"favorite\":1134,\"coin\":1743,\"share\":707,\"like\":7055,\"duration\":412,\"idx\":1599185473,\"cid\":230917114,\"tid\":138,\"tname\":\"搞笑\",\"tag\":{\"tag_id\":1833,\"tag_name\":\"搞笑\",\"count\":{\"atten\":2019152}},\"dislike_reasons\":[{\"reason_id\":4,\"reason_name\":\"UP主:呼兰hooligan\"},{\"reason_id\":2,\"reason_name\":\"分区:搞笑\"},{\"reason_id\":3,\"reason_name\":\"标签:搞笑\"},{\"reason_id\":1,\"reason_name\":\"不感兴趣\"}],\"ctime\":1598868894,\"autoplay\":1,\"mid\":158647239,\"name\":\"呼兰hooligan\",\"face\":\"http://i2.hdslb.com/bfs/face/7bcb54931eb26e29cd75bc8059dd74647fcfe2c3.jpg\",\"official\":{\"role\":2,\"title\":\"脱口秀演员\"}},{\"title\":\"525买一只菱鳍乌贼，尝试全新做法，出锅后色香味俱全，看着就馋\",\"cover\":\"https://i1.hdslb.com/bfs/archive/4120a083e2660014f9aa7e71902130a891fd9eba.jpg\",\"uri\":\"bilibili://video/414469648\",\"param\":\"414469648\",\"goto\":\"av\",\"desc\":\"4413弹幕\",\"play\":427945,\"danmaku\":4413,\"reply\":1085,\"favorite\":2228,\"coin\":11731,\"share\":599,\"like\":40910,\"duration\":620,\"idx\":1599185472,\"cid\":230672153,\"tid\":76,\"tname\":\"美食制作\",\"tag\":{\"tag_id\":20215,\"tag_name\":\"美食\",\"count\":{\"atten\":1538853}},\"dislike_reasons\":[{\"reason_id\":4,\"reason_name\":\"UP主:小文哥吃吃吃\"},{\"reason_id\":2,\"reason_name\":\"分区:美食制作\"},{\"reason_id\":3,\"reason_name\":\"标签:美食\"},{\"reason_id\":1,\"reason_name\":\"不感兴趣\"}],\"ctime\":1599120050,\"autoplay\":1,\"mid\":476704454,\"name\":\"小文哥吃吃吃\",\"face\":\"http://i0.hdslb.com/bfs/face/859e0f1338f3496ad380ba3879645a1ba24629bb.jpg\",\"official\":{\"role\":1,\"title\":\"bilibili 知名美食UP主\"}},{\"title\":\"【才浅手工】挑战两个月从零手工打造一把伞中剑，油纸伞竟有这么多零件？\",\"cover\":\"https://i1.hdslb.com/bfs/archive/a03f16b9ea068789ffdd6709dc144f4c1fe5c689.jpg\",\"uri\":\"bilibili://video/711943615\",\"param\":\"711943615\",\"goto\":\"av\",\"desc\":\"10593弹幕\",\"play\":1118960,\"danmaku\":10593,\"reply\":8023,\"favorite\":54864,\"coin\":239279,\"share\":7282,\"like\":216133,\"duration\":632,\"idx\":1599185471,\"cid\":231209027,\"tid\":122,\"tname\":\"野生技术协会\",\"tag\":{\"tag_id\":368,\"tag_name\":\"技术宅\",\"count\":{\"atten\":829051}},\"dislike_reasons\":[{\"reason_id\":4,\"reason_name\":\"UP主:才疏学浅的才浅\"},{\"reason_id\":2,\"reason_name\":\"分区:野生技术协会\"},{\"reason_id\":3,\"reason_name\":\"标签:技术宅\"},{\"reason_id\":1,\"reason_name\":\"不感兴趣\"}],\"ctime\":1598956851,\"autoplay\":1,\"mid\":2200736,\"name\":\"才疏学浅的才浅\",\"face\":\"http://i2.hdslb.com/bfs/face/1f4819b224cd882025a9a6a5f2c6680c332f37bc.jpg\",\"official\":{\"role\":1,\"title\":\"bilibili 知名UP主、高能联盟成员\"}},{\"title\":\"【央视专访】得知是中国记者 遭警察枪击非裔男子父亲接受采访\",\"cover\":\"https://i1.hdslb.com/bfs/archive/87afc44c1005e11ca2e6a0241faa43e04b263ea5.jpg\",\"uri\":\"bilibili://video/796887521\",\"param\":\"796887521\",\"goto\":\"av\",\"desc\":\"3239弹幕\",\"play\":1053736,\"danmaku\":3239,\"reply\":2700,\"favorite\":5169,\"coin\":3209,\"share\":1487,\"like\":63412,\"duration\":154,\"idx\":1599185470,\"cid\":230800970,\"tid\":204,\"tname\":\"环球\",\"tag\":{\"tag_id\":148784,\"tag_name\":\"种族歧视\",\"count\":{\"atten\":564}},\"dislike_reasons\":[{\"reason_id\":4,\"reason_name\":\"UP主:央视新闻\"},{\"reason_id\":2,\"reason_name\":\"分区:环球\"},{\"reason_id\":3,\"reason_name\":\"标签:种族歧视\"},{\"reason_id\":1,\"reason_name\":\"不感兴趣\"}],\"ctime\":1598844326,\"autoplay\":1,\"mid\":456664753,\"name\":\"央视新闻\",\"face\":\"http://i1.hdslb.com/bfs/face/5a6808606bf1f7a2390b77e14df8d0d1d04680d9.jpg\",\"official\":{\"role\":5,\"title\":\"央视新闻官方账号\"}},{\"title\":\"【森下下士】S代表什么？\",\"cover\":\"https://i0.hdslb.com/bfs/archive/02736cbbd74ddacf4a9ecf085bbe10ae25ae31e6.jpg\",\"uri\":\"bilibili://video/926942784\",\"param\":\"926942784\",\"goto\":\"av\",\"desc\":\"72弹幕\",\"play\":54790,\"danmaku\":72,\"reply\":245,\"favorite\":1790,\"coin\":1367,\"share\":1305,\"like\":3716,\"duration\":28,\"idx\":1599185469,\"cid\":231654417,\"tid\":22,\"tname\":\"鬼畜调教\",\"tag\":{\"tag_id\":68,\"tag_name\":\"鬼畜\",\"count\":{\"atten\":1770387}},\"dislike_reasons\":[{\"reason_id\":4,\"reason_name\":\"UP主:张羽之鹏\"},{\"reason_id\":2,\"reason_name\":\"分区:鬼畜调教\"},{\"reason_id\":3,\"reason_name\":\"标签:鬼畜\"},{\"reason_id\":1,\"reason_name\":\"不感兴趣\"}],\"ctime\":1599061762,\"autoplay\":1,\"mid\":162949035,\"name\":\"张羽之鹏\",\"face\":\"http://i0.hdslb.com/bfs/face/86e06ed3052f358adcd3d3536e919505c40a434e.jpg\",\"official\":{\"role\":1,\"title\":\"音乐人张羽之鹏\"}},{\"title\":\"愿你归来仍是少年\",\"cover\":\"https://i2.hdslb.com/bfs/archive/714fb7be99758bbda5ca38482a4646c79b8ffb09.jpg\",\"uri\":\"bilibili://video/541996920\",\"param\":\"541996920\",\"goto\":\"av\",\"desc\":\"1611弹幕\",\"play\":277834,\"danmaku\":1611,\"reply\":1819,\"favorite\":5839,\"coin\":19925,\"share\":1163,\"like\":34272,\"duration\":215,\"idx\":1599185468,\"cid\":231548893,\"tid\":27,\"tname\":\"综合\",\"tag\":{\"tag_id\":857,\"tag_name\":\"短片\",\"count\":{\"atten\":179792}},\"dislike_reasons\":[{\"reason_id\":4,\"reason_name\":\"UP主:进击的金厂长\"},{\"reason_id\":2,\"reason_name\":\"分区:综合\"},{\"reason_id\":3,\"reason_name\":\"标签:短片\"},{\"reason_id\":1,\"reason_name\":\"不感兴趣\"}],\"ctime\":1599041330,\"autoplay\":1,\"mid\":321422126,\"name\":\"进击的金厂长\",\"face\":\"http://i1.hdslb.com/bfs/face/a34eddc74f7bffb96f77b37b4f27b793d892863b.jpg\",\"official\":{\"role\":1,\"title\":\"bilibili 知名UP主\"}},{\"title\":\"饭堂梗百科#9:现在的黑粉已经会下毒和作法了owQ\",\"cover\":\"https://i0.hdslb.com/bfs/archive/f7193a1ccb95dec0ac628e6b9d934ac815fda90c.jpg\",\"uri\":\"bilibili://video/329443238\",\"param\":\"329443238\",\"goto\":\"av\",\"desc\":\"423弹幕\",\"play\":46745,\"danmaku\":423,\"reply\":279,\"favorite\":615,\"coin\":2581,\"share\":31,\"like\":4421,\"duration\":513,\"idx\":1599185467,\"cid\":231835624,\"tid\":171,\"tname\":\"电子竞技\",\"tag\":{\"tag_id\":1538509,\"tag_name\":\"游戏赛事\",\"count\":{\"atten\":20756}},\"dislike_reasons\":[{\"reason_id\":4,\"reason_name\":\"UP主:九品丸子\"},{\"reason_id\":2,\"reason_name\":\"分区:电子竞技\"},{\"reason_id\":3,\"reason_name\":\"标签:游戏赛事\"},{\"reason_id\":1,\"reason_name\":\"不感兴趣\"}],\"ctime\":1599126828,\"autoplay\":1,\"mid\":208599773,\"name\":\"九品丸子\",\"face\":\"http://i1.hdslb.com/bfs/face/36f4c99f4be594a6c299a0657be2c13bc2eed54b.jpg\"}]"},"ts":1599185473717}