{"data":{"historyRecommend":"s[{\"title\":\"给面条找了点乐子\",\"cover\":\"https://i1.hdslb.com/bfs/archive/4d6534433f861e5766be88f66b84dea9160eeab4.jpg\",\"uri\":\"bilibili://video/329097391\",\"param\":\"329097391\",\"goto\":\"av\",\"desc\":\"2839弹幕\",\"play\":256224,\"danmaku\":2839,\"reply\":1264,\"favorite\":2350,\"coin\":8678,\"share\":464,\"like\":37716,\"duration\":292,\"idx\":1596024764,\"cid\":217577003,\"tid\":76,\"tname\":\"美食圈\",\"tag\":{\"tag_id\":20215,\"tag_name\":\"美食\",\"count\":{\"atten\":1450110}},\"dislike_reasons\":[{\"reason_id\":4,\"reason_name\":\"UP主:巫托邦\"},{\"reason_id\":2,\"reason_name\":\"分区:美食圈\"},{\"reason_id\":3,\"reason_name\":\"标签:美食\"},{\"reason_id\":1,\"reason_name\":\"不感兴趣\"}],\"ctime\":1595928742,\"autoplay\":1,\"mid\":382193067,\"name\":\"巫托邦\",\"face\":\"http://i0.hdslb.com/bfs/face/80945db142e5b2b64ab390e61b3ed61e7b1ba175.jpg\",\"autoplay_card\":2},{\"title\":\"【PUBG】求饶就能吃鸡！？和温柔韩国小哥的奇迹匹配！\",\"cover\":\"https://i2.hdslb.com/bfs/archive/f107f60b07b608f2a9b5723beb256046e9aed304.jpg\",\"uri\":\"bilibili://video/286527178\",\"param\":\"286527178\",\"goto\":\"av\",\"desc\":\"966弹幕\",\"play\":38271,\"danmaku\":966,\"reply\":370,\"favorite\":861,\"coin\":1392,\"share\":166,\"like\":6850,\"duration\":659,\"idx\":1596024763,\"cid\":217852849,\"tid\":65,\"tname\":\"网络游戏\",\"tag\":{\"tag_id\":3232987,\"tag_name\":\"A.I.Channel\",\"count\":{\"atten\":186961}},\"dislike_reasons\":[{\"reason_id\":4,\"reason_name\":\"UP主:AIChannel官方\"},{\"reason_id\":2,\"reason_name\":\"分区:网络游戏\"},{\"reason_id\":3,\"reason_name\":\"标签:A.I.Channel\"},{\"reason_id\":1,\"reason_name\":\"不感兴趣\"}],\"ctime\":1595994884,\"autoplay\":1,\"mid\":1473830,\"name\":\"AIChannel官方\",\"face\":\"http://i2.hdslb.com/bfs/face/37b13e471ca6f9419350e897b5ff6a18ef29b440.jpg\",\"official\":{\"role\":1,\"title\":\"bilibili直播签约主播，KizunaAI绊爱官方账号\",\"desc\":\"代表作有《AIAIAI》、《Sky High》等\"}},{\"title\":\"不 要 害 怕 挑 战\",\"cover\":\"https://i0.hdslb.com/bfs/archive/8555f5b9fb39e1670ba30b048bc4e18a508da94b.jpg\",\"uri\":\"bilibili://video/884073085\",\"param\":\"884073085\",\"goto\":\"av\",\"desc\":\"2343弹幕\",\"play\":139624,\"danmaku\":2343,\"reply\":619,\"favorite\":870,\"coin\":971,\"share\":311,\"like\":15532,\"duration\":458,\"idx\":1596024762,\"cid\":217750764,\"tid\":138,\"tname\":\"搞笑\",\"tag\":{\"tag_id\":1833,\"tag_name\":\"搞笑\",\"count\":{\"atten\":1903861}},\"dislike_reasons\":[{\"reason_id\":4,\"reason_name\":\"UP主:蜡笔和小勋\"},{\"reason_id\":2,\"reason_name\":\"分区:搞笑\"},{\"reason_id\":3,\"reason_name\":\"标签:搞笑\"},{\"reason_id\":1,\"reason_name\":\"不感兴趣\"}],\"ctime\":1595988026,\"autoplay\":1,\"mid\":250111460,\"name\":\"蜡笔和小勋\",\"face\":\"http://i0.hdslb.com/bfs/face/8a8812e0a9bb3adda90044ef48830584e1efe7a2.jpg\",\"official\":{\"role\":1,\"title\":\"bilibili 2019百大UP主、高能联盟成员\"}},{\"title\":\"河北官员酒驾交警不敢当场测酒？官员被开除党籍 取消退休待遇\",\"cover\":\"https://i1.hdslb.com/bfs/archive/fadba0f4bb1c7e8123d4e89bbfef897ecde0e448.jpg\",\"uri\":\"bilibili://video/329006472\",\"param\":\"329006472\",\"goto\":\"av\",\"desc\":\"1501弹幕\",\"play\":537087,\"danmaku\":1501,\"reply\":6214,\"favorite\":3315,\"coin\":7042,\"share\":2991,\"like\":35532,\"duration\":61,\"idx\":1596024761,\"cid\":217541420,\"tid\":203,\"tname\":\"热点\",\"tag\":{\"tag_id\":646205,\"tag_name\":\"网易新闻\",\"count\":{\"atten\":2}},\"dislike_reasons\":[{\"reason_id\":4,\"reason_name\":\"UP主:网易新闻\"},{\"reason_id\":2,\"reason_name\":\"分区:热点\"},{\"reason_id\":3,\"reason_name\":\"标签:网易新闻\"},{\"reason_id\":1,\"reason_name\":\"不感兴趣\"}],\"ctime\":1595924033,\"autoplay\":1,\"mid\":31283043,\"name\":\"网易新闻\",\"face\":\"http://i1.hdslb.com/bfs/face/607c37305ac34c5fd5ca796e158c579c0afee27d.jpg\",\"official\":{\"role\":5,\"title\":\"网易新闻官方账号\"}},{\"title\":\"牛气冲天\",\"cover\":\"https://i1.hdslb.com/bfs/archive/a60f71cbb8f07e573b9e87623d3c2b842993e485.jpg\",\"uri\":\"bilibili://video/884115575\",\"param\":\"884115575\",\"goto\":\"av\",\"desc\":\"313弹幕\",\"play\":33201,\"danmaku\":313,\"reply\":188,\"favorite\":593,\"coin\":2195,\"share\":163,\"like\":4608,\"duration\":256,\"idx\":1596024760,\"cid\":217797464,\"tid\":17,\"tname\":\"单机游戏\",\"tag\":{\"tag_id\":421428,\"tag_name\":\"沙雕\",\"count\":{\"atten\":24126}},\"dislike_reasons\":[{\"reason_id\":4,\"reason_name\":\"UP主:穿上拖鞋爬珠穆朗玛\"},{\"reason_id\":2,\"reason_name\":\"分区:单机游戏\"},{\"reason_id\":3,\"reason_name\":\"标签:沙雕\"},{\"reason_id\":1,\"reason_name\":\"不感兴趣\"}],\"ctime\":1595993439,\"autoplay\":1,\"mid\":89977656,\"name\":\"穿上拖鞋爬珠穆朗玛\",\"face\":\"http://i2.hdslb.com/bfs/face/5cace837dc7e5b153be5f6640a75481893a8b580.jpg\"},{\"title\":\"注意！你看的都是别人的妻子！\",\"cover\":\"https://i2.hdslb.com/bfs/archive/00e9df5bc49068a02ed51f352b03354d7e14ed5f.jpg\",\"uri\":\"bilibili://video/841392336\",\"param\":\"841392336\",\"goto\":\"av\",\"desc\":\"1348弹幕\",\"play\":367122,\"danmaku\":1348,\"reply\":1984,\"favorite\":9264,\"coin\":4144,\"share\":484,\"like\":15826,\"duration\":234,\"idx\":1596024759,\"cid\":215193238,\"tid\":168,\"tname\":\"国产原创相关\",\"tag\":{\"tag_id\":281,\"tag_name\":\"MAD\",\"count\":{\"atten\":198940}},\"dislike_reasons\":[{\"reason_id\":4,\"reason_name\":\"UP主:玖紫星\"},{\"reason_id\":2,\"reason_name\":\"分区:国产原创相关\"},{\"reason_id\":3,\"reason_name\":\"标签:MAD\"},{\"reason_id\":1,\"reason_name\":\"不感兴趣\"}],\"ctime\":1595433623,\"autoplay\":1,\"mid\":481099232,\"name\":\"玖紫星\",\"face\":\"http://i2.hdslb.com/bfs/face/cd57e4e828ad133685ecea7a6e174a3d3adbf514.jpg\"},{\"title\":\"【明日之子4】哭了！田鸿杰《让我留在你身边》舞台感染力十足，胡宇桐打鼓画面太上头\",\"cover\":\"https://i0.hdslb.com/bfs/archive/ad89ebf8f993058f556cd35755a67f849b3f1f14.jpg\",\"uri\":\"bilibili://video/626485686\",\"param\":\"626485686\",\"goto\":\"av\",\"desc\":\"3792弹幕\",\"play\":320304,\"danmaku\":3792,\"reply\":2321,\"favorite\":11384,\"coin\":7347,\"share\":4883,\"like\":15569,\"duration\":166,\"idx\":1596024758,\"cid\":216502153,\"tid\":29,\"tname\":\"音乐现场\",\"tag\":{\"tag_id\":11687,\"tag_name\":\"综艺\",\"count\":{\"atten\":327907}},\"dislike_reasons\":[{\"reason_id\":4,\"reason_name\":\"UP主:追光情报鹅\"},{\"reason_id\":2,\"reason_name\":\"分区:音乐现场\"},{\"reason_id\":3,\"reason_name\":\"标签:综艺\"},{\"reason_id\":1,\"reason_name\":\"不感兴趣\"}],\"ctime\":1595678244,\"autoplay\":1,\"mid\":515563920,\"name\":\"追光情报鹅\",\"face\":\"http://i2.hdslb.com/bfs/face/880c503084c313c6673fd7d80e935788bb23df45.jpg\",\"official\":{\"role\":3,\"title\":\"腾讯科技北京有限公司\"}},{\"title\":\"【虫哥】女警卧底选美比赛的爆笑电影《美丽密令》，泳装秀秒变军训~~\",\"cover\":\"https://i1.hdslb.com/bfs/archive/28e5984836d04c781c4146621e8fca81ee9c8d13.jpg\",\"uri\":\"bilibili://video/796530252\",\"param\":\"796530252\",\"goto\":\"av\",\"desc\":\"3922弹幕\",\"play\":469710,\"danmaku\":3922,\"reply\":875,\"favorite\":2856,\"coin\":11223,\"share\":482,\"like\":43589,\"duration\":773,\"idx\":1596024757,\"cid\":217225309,\"tid\":182,\"tname\":\"影视杂谈\",\"tag\":{\"tag_id\":111377,\"tag_name\":\"影评\",\"count\":{\"atten\":777837}},\"dislike_reasons\":[{\"reason_id\":4,\"reason_name\":\"UP主:虫哥说电影\"},{\"reason_id\":2,\"reason_name\":\"分区:影视杂谈\"},{\"reason_id\":3,\"reason_name\":\"标签:影评\"},{\"reason_id\":1,\"reason_name\":\"不感兴趣\"}],\"ctime\":1595848817,\"autoplay\":1,\"mid\":29296192,\"name\":\"虫哥说电影\",\"face\":\"http://i1.hdslb.com/bfs/face/b830989d9b8af6001da511a8a95b0ea806c11b60.jpg\",\"official\":{\"role\":1,\"title\":\"bilibili 知名影视UP主\"}},{\"title\":\"鬼畜区up人均代打？自己填的词也能忘？【鬼畜高手01】\",\"cover\":\"https://i1.hdslb.com/bfs/archive/1fca489446faac62951ecf6d97a1f39da74d3392.jpg\",\"uri\":\"bilibili://video/244098775\",\"param\":\"244098775\",\"goto\":\"av\",\"desc\":\"10168弹幕\",\"play\":728082,\"danmaku\":10168,\"reply\":3262,\"favorite\":11116,\"coin\":22426,\"share\":1801,\"like\":118540,\"duration\":887,\"idx\":1596024756,\"cid\":217522720,\"tid\":22,\"tname\":\"鬼畜调教\",\"tag\":{\"tag_id\":68,\"tag_name\":\"鬼畜\",\"count\":{\"atten\":1677265}},\"dislike_reasons\":[{\"reason_id\":4,\"reason_name\":\"UP主:吃素的狮子\"},{\"reason_id\":2,\"reason_name\":\"分区:鬼畜调教\"},{\"reason_id\":3,\"reason_name\":\"标签:鬼畜\"},{\"reason_id\":1,\"reason_name\":\"不感兴趣\"}],\"ctime\":1595996745,\"autoplay\":1,\"mid\":808171,\"name\":\"吃素的狮子\",\"face\":\"http://i2.hdslb.com/bfs/face/249bfa1b3d3e0932f533bc5364964b132fe9c6c2.jpg\",\"official\":{\"role\":1,\"title\":\"bilibili 2018百大UP主、 知名UP主\"}},{\"title\":\"【戴建业】选兴趣还是选前景？文学专业赚钱吗？\",\"cover\":\"https://i0.hdslb.com/bfs/archive/3f27489ed5c36c7da09fbe1ecc9d721403f6f2be.jpg\",\"uri\":\"bilibili://video/926609466\",\"param\":\"926609466\",\"goto\":\"av\",\"desc\":\"1033弹幕\",\"play\":43107,\"danmaku\":1033,\"reply\":568,\"favorite\":812,\"coin\":1609,\"share\":451,\"like\":6978,\"duration\":699,\"idx\":1596024755,\"cid\":217869145,\"tid\":124,\"tname\":\"社科人文\",\"tag\":{\"tag_id\":40737,\"tag_name\":\"人文\",\"count\":{\"atten\":359740}},\"dislike_reasons\":[{\"reason_id\":4,\"reason_name\":\"UP主:戴建业老师\"},{\"reason_id\":2,\"reason_name\":\"分区:社科人文\"},{\"reason_id\":3,\"reason_name\":\"标签:人文\"},{\"reason_id\":1,\"reason_name\":\"不感兴趣\"}],\"ctime\":1596013208,\"autoplay\":1,\"mid\":532741557,\"name\":\"戴建业老师\",\"face\":\"http://i1.hdslb.com/bfs/face/aa1285817e741dac834daafe963780cf75b5ae5b.jpg\",\"official\":{\"role\":2,\"title\":\"华中师范大学教授\"}}]"},"ts":1596024862596}