{"options":{"awareOfChrome":false,"check_for_updates":true,"comment":null,"compat_arrayleft":false,"compat_foreach":false,"compat_forvarin":false,"compat_metadata":false,"compat_uW_gmonkey":false,"compat_wrappedjsobject":false,"compatopts_for_requires":true,"noframes":null,"override":{"merge_connects":true,"merge_excludes":true,"merge_includes":true,"merge_matches":true,"orig_connects":["e-hentai.org"],"orig_excludes":["https://hentaiverse.org/?s=Battle","http://hentaiverse.org/?s=Battle","http://alt.hentaiverse.org/?s=Battle","https://hentaiverse.org/equip/*","http://hentaiverse.org/equip/*","http://alt.hentaiverse.org/equip/*","https://hentaiverse.org/pages/showequip*","http://hentaiverse.org/pages/showequip*","http://alt.hentaiverse.org/pages/showequip*"],"orig_includes":["https://hentaiverse.org/*","http://hentaiverse.org/*","http://alt.hentaiverse.org/*","https://e-hentai.org/*"],"orig_matches":[],"orig_noframes":null,"orig_run_at":"document-end","use_blockers":[],"use_connects":[],"use_excludes":[],"use_includes":[],"use_matches":[]},"run_at":null},"settings":{"enabled":true,"position":10},"meta":{"name":"HV Utils","uuid":"118dbaae-b110-4f30-80af-9b9d850c3624","modified":1586437591548}}