{"data":{"CatPW":"o{\"date\":\"2020/7/26\",\"sCode\":\"\",\"unPW\":\"\",\"Src\":\"https://cloud.189.cn/t/3qUFbueyeiA3\",\"surl\":\"\",\"Hash\":\"#pxw6\",\"webSrc\":\"http%3A%2F%2Fbbs.wuyou.net%2Fforum.php%3Fmod%3Dviewthread%26tid%3D414659%26extra%3Dpage%253D1\",\"webTitle\":\"(2020.7.26%20%E6%9B%B4%E6%96%B0)%20%E8%87%AA%E7%94%A8%E5%BE%AEPE%20v2.0%20Win10x64%E7%BB%B4%E6%8A%A4%E7%9B%98%E5%A2%9E%E5%BC%BA%E7%89%88%E4%B8%87%E8%83%BD%E5%90%AF%E5%8A%A8%E7%9B%98%20-%20PE%E4%BD%9C%E5%93%81%E5%8F%91%E5%B8%83%E5%8C%BA%20-%20%E6%97%A0%E5%BF%A7%E5%90%AF%E5%8A%A8%E8%AE%BA%E5%9D%9B%20-%20Powered%20by%20Discuz!\"}","CatPW_Manage":"o{\"StorageSave\":true,\"UpdataConfig\":{\"UpdataSave\":true,\"UpdataNotify\":true,\"UpdataPlugin\":true,\"UpdataVersion\":\"3.12.7\"},\"StorageExp\":\"999\"}"},"ts":1595773896353}