{"data":{"historyRecommend":"s[{\"title\":\"祖传《雾山图》！求鉴定，是东周还是西周的？【雾山五行】\",\"cover\":\"https://i0.hdslb.com/bfs/archive/fc4f72148aa6124aaa4bb7d774a5b2c9ccde5664.jpg\",\"uri\":\"bilibili://video/626856907\",\"param\":\"626856907\",\"goto\":\"av\",\"desc\":\"280弹幕\",\"play\":60053,\"danmaku\":280,\"reply\":486,\"favorite\":692,\"coin\":2388,\"share\":154,\"like\":8978,\"duration\":99,\"idx\":1598333097,\"cid\":228206268,\"tid\":162,\"tname\":\"绘画\",\"tag\":{\"tag_id\":2800,\"tag_name\":\"绘画\",\"count\":{\"atten\":599572}},\"dislike_reasons\":[{\"reason_id\":4,\"reason_name\":\"UP主:李青仪\"},{\"reason_id\":2,\"reason_name\":\"分区:绘画\"},{\"reason_id\":3,\"reason_name\":\"标签:绘画\"},{\"reason_id\":1,\"reason_name\":\"不感兴趣\"}],\"ctime\":1598251198,\"autoplay\":1,\"mid\":4379633,\"name\":\"李青仪\",\"face\":\"http://i1.hdslb.com/bfs/face/27127f273b61956b9af16391b99de23c904da5c0.jpg\",\"official\":{\"role\":1,\"title\":\"bilibili 知名UP主\"},\"autoplay_card\":2},{\"title\":\"我找到了世界上最无痛的起床方式！！！\",\"cover\":\"https://i2.hdslb.com/bfs/archive/68defccc4b4b5fc8f167bee1fc30ca69d54811e8.jpg\",\"uri\":\"bilibili://video/626761590\",\"param\":\"626761590\",\"goto\":\"av\",\"desc\":\"9856弹幕\",\"play\":947467,\"danmaku\":9856,\"reply\":2620,\"favorite\":28933,\"coin\":32190,\"share\":3493,\"like\":93807,\"duration\":339,\"idx\":1598333096,\"cid\":227116760,\"tid\":138,\"tname\":\"搞笑\",\"tag\":{\"tag_id\":1833,\"tag_name\":\"搞笑\",\"count\":{\"atten\":1995579}},\"dislike_reasons\":[{\"reason_id\":4,\"reason_name\":\"UP主:喜逸郎\"},{\"reason_id\":2,\"reason_name\":\"分区:搞笑\"},{\"reason_id\":3,\"reason_name\":\"标签:搞笑\"},{\"reason_id\":1,\"reason_name\":\"不感兴趣\"}],\"ctime\":1598010857,\"autoplay\":1,\"mid\":17241,\"name\":\"喜逸郎\",\"face\":\"http://i0.hdslb.com/bfs/face/5b56d2a799c0b0db8845ac4bf0ab5c062d8a9ed2.jpg\"},{\"title\":\"【初投稿】身为女主角！！                                 ———清律\",\"cover\":\"https://i0.hdslb.com/bfs/archive/fcf1c2425dde91a76f9205371020b1dcd7b0fa53.jpg\",\"uri\":\"bilibili://video/584295766\",\"param\":\"584295766\",\"goto\":\"av\",\"desc\":\"86弹幕\",\"play\":23914,\"danmaku\":86,\"reply\":961,\"favorite\":1296,\"coin\":1243,\"share\":64,\"like\":2313,\"duration\":210,\"idx\":1598333095,\"cid\":228021883,\"tid\":20,\"tname\":\"宅舞\",\"tag\":{\"tag_id\":9500,\"tag_name\":\"宅舞\",\"count\":{\"atten\":453494}},\"dislike_reasons\":[{\"reason_id\":4,\"reason_name\":\"UP主:junk清律\"},{\"reason_id\":2,\"reason_name\":\"分区:宅舞\"},{\"reason_id\":3,\"reason_name\":\"标签:宅舞\"},{\"reason_id\":1,\"reason_name\":\"不感兴趣\"}],\"ctime\":1598192375,\"autoplay\":1,\"mid\":214606458,\"name\":\"junk清律\",\"face\":\"http://i2.hdslb.com/bfs/face/cb9d5ce40434fd3f0a48ca0b56ddf338a602d878.jpg\"},{\"title\":\"【云宫迅音】黑暗版\",\"cover\":\"https://i1.hdslb.com/bfs/archive/f055dabfb89b580254e82cc112577bbb0e12ecce.jpg\",\"uri\":\"bilibili://video/329303656\",\"param\":\"329303656\",\"goto\":\"av\",\"desc\":\"979弹幕\",\"play\":505795,\"danmaku\":979,\"reply\":1225,\"favorite\":12369,\"coin\":14741,\"share\":1258,\"like\":27667,\"duration\":220,\"idx\":1598333094,\"cid\":227594840,\"tid\":194,\"tname\":\"电音\",\"tag\":{\"tag_id\":2525429,\"tag_name\":\"Trap\",\"count\":{\"atten\":2944}},\"dislike_reasons\":[{\"reason_id\":4,\"reason_name\":\"UP主:theiaの阿旋酱\"},{\"reason_id\":2,\"reason_name\":\"分区:电音\"},{\"reason_id\":3,\"reason_name\":\"标签:Trap\"},{\"reason_id\":1,\"reason_name\":\"不感兴趣\"}],\"ctime\":1598104624,\"autoplay\":1,\"mid\":30279665,\"name\":\"theiaの阿旋酱\",\"face\":\"http://i0.hdslb.com/bfs/face/9004150ebb94a95ef8c86454715d1559dfba4a57.jpg\",\"official\":{\"role\":1,\"title\":\"音乐人theiaの阿旋酱\"}},{\"title\":\"你的七夕一日小女友上线~【阿呆】有点甜\",\"cover\":\"https://i2.hdslb.com/bfs/archive/7c202488075519557ec80b7093175359db166797.jpg\",\"uri\":\"bilibili://video/541757150\",\"param\":\"541757150\",\"goto\":\"av\",\"desc\":\"124弹幕\",\"play\":63515,\"danmaku\":124,\"reply\":207,\"favorite\":3958,\"coin\":1916,\"share\":145,\"like\":5122,\"duration\":111,\"idx\":1598333093,\"cid\":228081543,\"tid\":199,\"tname\":\"明星舞蹈\",\"tag\":{\"tag_id\":376,\"tag_name\":\"舞蹈\",\"count\":{\"atten\":135845}},\"dislike_reasons\":[{\"reason_id\":4,\"reason_name\":\"UP主:阿呆每天都不想动\"},{\"reason_id\":2,\"reason_name\":\"分区:明星舞蹈\"},{\"reason_id\":3,\"reason_name\":\"标签:舞蹈\"},{\"reason_id\":1,\"reason_name\":\"不感兴趣\"}],\"ctime\":1598261435,\"autoplay\":1,\"mid\":49676,\"name\":\"阿呆每天都不想动\",\"face\":\"http://i0.hdslb.com/bfs/face/330a6fcbad0c8383645efd6d18c5ed6522508a06.jpg\",\"official\":{\"role\":1,\"title\":\"bilibili 知名舞蹈UP主\"}},{\"title\":\"【管云鹏】歪嘴战神的另一面，甜不甜你说了算！\",\"cover\":\"https://i0.hdslb.com/bfs/archive/1c2d57b22e6c17e85ee94644030303118628cb52.jpg\",\"uri\":\"bilibili://video/841753090\",\"param\":\"841753090\",\"goto\":\"av\",\"desc\":\"18802弹幕\",\"play\":1033814,\"danmaku\":18802,\"reply\":8362,\"favorite\":6845,\"coin\":15386,\"share\":6513,\"like\":92374,\"duration\":311,\"idx\":1598333092,\"cid\":228272601,\"tid\":21,\"tname\":\"日常\",\"tag\":{\"tag_id\":8590540,\"tag_name\":\"管云鹏\",\"count\":{\"atten\":73}},\"dislike_reasons\":[{\"reason_id\":4,\"reason_name\":\"UP主:演员管云鹏\"},{\"reason_id\":2,\"reason_name\":\"分区:日常\"},{\"reason_id\":3,\"reason_name\":\"标签:管云鹏\"},{\"reason_id\":1,\"reason_name\":\"不感兴趣\"}],\"ctime\":1598258882,\"autoplay\":1,\"mid\":310702549,\"name\":\"演员管云鹏\",\"face\":\"http://i2.hdslb.com/bfs/face/bde37fdf2d7e1ba06400765d0cd41c484d947173.jpg\",\"official\":{\"role\":2,\"title\":\"演员管云鹏 \",\"desc\":\"代表作《战天狼》《浴血十四年》\"}},{\"title\":\"【王俊凯】好一个周年！让我看看三字弟弟是什么神仙！\",\"cover\":\"https://i2.hdslb.com/bfs/archive/bd77e25354d3a31eb47cf401dc76283cb47f1cbb.jpg\",\"uri\":\"bilibili://video/626819301\",\"param\":\"626819301\",\"goto\":\"av\",\"desc\":\"748弹幕\",\"play\":28402,\"danmaku\":748,\"reply\":330,\"favorite\":3413,\"coin\":4780,\"share\":243,\"like\":6151,\"duration\":42,\"idx\":1598333091,\"cid\":227902006,\"tid\":137,\"tname\":\"明星\",\"tag\":{\"tag_id\":376,\"tag_name\":\"舞蹈\",\"count\":{\"atten\":135845}},\"dislike_reasons\":[{\"reason_id\":4,\"reason_name\":\"UP主:请叫我蔓攻\"},{\"reason_id\":2,\"reason_name\":\"分区:明星\"},{\"reason_id\":3,\"reason_name\":\"标签:舞蹈\"},{\"reason_id\":1,\"reason_name\":\"不感兴趣\"}],\"ctime\":1598173573,\"autoplay\":1,\"mid\":3760711,\"name\":\"请叫我蔓攻\",\"face\":\"http://i1.hdslb.com/bfs/face/535446e564e53a037f639269c70558002bdfabfa.jpg\"},{\"title\":\"8月狮子座 B4法刀ub无暴82w 不易暴毙稳定轴【BearBin】【公主连结】\",\"cover\":\"https://i0.hdslb.com/bfs/archive/0c31e9c2b152a8bb0977c82cd92d185c0aae4757.jpg\",\"uri\":\"bilibili://video/884326815\",\"param\":\"884326815\",\"goto\":\"av\",\"desc\":\"16弹幕\",\"play\":44922,\"danmaku\":16,\"reply\":157,\"favorite\":2008,\"coin\":840,\"share\":2250,\"like\":1553,\"duration\":131,\"idx\":1598333090,\"cid\":228391940,\"tid\":172,\"tname\":\"手机游戏\",\"tag\":{\"tag_id\":3007,\"tag_name\":\"手机游戏\",\"count\":{\"atten\":171674}},\"dislike_reasons\":[{\"reason_id\":4,\"reason_name\":\"UP主:Bear_Bin\"},{\"reason_id\":2,\"reason_name\":\"分区:手机游戏\"},{\"reason_id\":3,\"reason_name\":\"标签:手机游戏\"},{\"reason_id\":1,\"reason_name\":\"不感兴趣\"}],\"ctime\":1598276666,\"autoplay\":1,\"mid\":7928053,\"name\":\"Bear_Bin\",\"face\":\"http://i1.hdslb.com/bfs/face/ab9771c63a4c1c35b1cd6f3e7b423efa172ea4c0.jpg\"},{\"title\":\"《狄仁杰封神榜》第十三期：Blue、德华双双被演？亚狄专案组出击！\",\"cover\":\"https://i2.hdslb.com/bfs/archive/a0de30ef2db056857edce391fba422e36f95d7c7.jpg\",\"uri\":\"bilibili://video/669316561\",\"param\":\"669316561\",\"goto\":\"av\",\"desc\":\"7039弹幕\",\"play\":974100,\"danmaku\":7039,\"reply\":6254,\"favorite\":6507,\"coin\":12151,\"share\":6434,\"like\":78734,\"duration\":396,\"idx\":1598333089,\"cid\":227459196,\"tid\":171,\"tname\":\"电子竞技\",\"tag\":{\"tag_id\":62526,\"tag_name\":\"电子竞技\",\"count\":{\"atten\":109617}},\"dislike_reasons\":[{\"reason_id\":4,\"reason_name\":\"UP主:王者荣耀\"},{\"reason_id\":2,\"reason_name\":\"分区:电子竞技\"},{\"reason_id\":3,\"reason_name\":\"标签:电子竞技\"},{\"reason_id\":1,\"reason_name\":\"不感兴趣\"}],\"ctime\":1598074226,\"autoplay\":1,\"mid\":57863910,\"name\":\"王者荣耀\",\"face\":\"http://i1.hdslb.com/bfs/face/effbafff589a27f02148d15bca7e97031a31d772.jpg\",\"official\":{\"role\":3,\"title\":\"王者荣耀官方\"}},{\"title\":\"关羽：我这五关过完怕是要500年！\",\"cover\":\"https://i2.hdslb.com/bfs/archive/2eb6408448477593eea72a803763e535054c0a87.jpg\",\"uri\":\"bilibili://video/839344620\",\"param\":\"839344620\",\"goto\":\"av\",\"desc\":\"1424弹幕\",\"play\":1171711,\"danmaku\":1424,\"reply\":1931,\"favorite\":11112,\"coin\":17506,\"share\":6989,\"like\":76914,\"duration\":160,\"idx\":1598333088,\"cid\":225804777,\"tid\":47,\"tname\":\"短片·手书·配音\",\"tag\":{\"tag_id\":8061,\"tag_name\":\"三国\",\"count\":{\"atten\":10561}},\"dislike_reasons\":[{\"reason_id\":4,\"reason_name\":\"UP主:冷淡熊\"},{\"reason_id\":2,\"reason_name\":\"分区:短片·手书·配音\"},{\"reason_id\":3,\"reason_name\":\"标签:三国\"},{\"reason_id\":1,\"reason_name\":\"不感兴趣\"}],\"ctime\":1597735537,\"autoplay\":1,\"mid\":448039667,\"name\":\"冷淡熊\",\"face\":\"http://i2.hdslb.com/bfs/face/afe334d673fda9bd834923aa0a67f207120e5eee.jpg\",\"official\":{\"role\":1,\"title\":\"bilibili 知名搞笑UP主、高能联盟成员\"}}]"},"ts":1598333099528}