{"data":{"historyRecommend":"s[{\"title\":\"日本游戏废人的家里蹲生活，你羡慕吗？【日本奇妙物语】\",\"cover\":\"https://i1.hdslb.com/bfs/archive/d8fc16c3b9d1494eca0eaaf976f756b9bd72805b.jpg\",\"uri\":\"bilibili://video/329597507\",\"param\":\"329597507\",\"goto\":\"av\",\"desc\":\"3514弹幕\",\"play\":184814,\"danmaku\":3514,\"reply\":909,\"favorite\":1452,\"coin\":2631,\"share\":394,\"like\":13630,\"duration\":911,\"idx\":1599962931,\"cid\":234424869,\"tid\":21,\"tname\":\"日常\",\"tag\":{\"tag_id\":367609,\"tag_name\":\"山下智博\",\"count\":{\"atten\":13943}},\"dislike_reasons\":[{\"reason_id\":4,\"reason_name\":\"UP主:山下智博\"},{\"reason_id\":2,\"reason_name\":\"分区:日常\"},{\"reason_id\":3,\"reason_name\":\"标签:山下智博\"},{\"reason_id\":1,\"reason_name\":\"不感兴趣\"}],\"ctime\":1599879636,\"autoplay\":1,\"mid\":1643718,\"name\":\"山下智博\",\"face\":\"http://i0.hdslb.com/bfs/face/b4b829bce2bb01c89a62a85e4d422e3d3abd0ae3.jpg\",\"official\":{\"role\":1,\"title\":\"bilibili 2019百大UP主\"},\"autoplay_card\":2},{\"title\":\"【健屋花那3D先行】「Tulip」＆「蝶々結び」\",\"cover\":\"https://i2.hdslb.com/bfs/archive/9cde47e0b4260864ca0794f30a6506c36a931598.jpg\",\"uri\":\"bilibili://video/372069143\",\"param\":\"372069143\",\"goto\":\"av\",\"desc\":\"136弹幕\",\"play\":10762,\"danmaku\":136,\"reply\":186,\"favorite\":1294,\"coin\":1341,\"share\":291,\"like\":2071,\"duration\":561,\"idx\":1599962930,\"cid\":234740776,\"tid\":27,\"tname\":\"综合\",\"tag\":{\"tag_id\":14895444,\"tag_name\":\"登乐V计划\",\"count\":{\"atten\":1213}},\"dislike_reasons\":[{\"reason_id\":4,\"reason_name\":\"UP主:健屋花那_Official\"},{\"reason_id\":2,\"reason_name\":\"分区:综合\"},{\"reason_id\":3,\"reason_name\":\"标签:登乐V计划\"},{\"reason_id\":1,\"reason_name\":\"不感兴趣\"}],\"ctime\":1599925568,\"autoplay\":1,\"mid\":666726798,\"name\":\"健屋花那_Official\",\"face\":\"http://i2.hdslb.com/bfs/face/03e9834ce24b15d3e276f685f04654cf08a0dbe5.jpg\",\"official\":{\"role\":1,\"title\":\"bilibili 直播签约主播\"}},{\"title\":\"花了2万多买的Python教程全套，现在分享给大家，入门到精通(Python全栈开发教程)\",\"cover\":\"https://i0.hdslb.com/bfs/archive/9974b552950679b49c0e73d10bd55c29fcec35b9.png\",\"uri\":\"bilibili://video/712020469\",\"param\":\"712020469\",\"goto\":\"av\",\"desc\":\"1811弹幕\",\"play\":763106,\"danmaku\":1811,\"reply\":2022,\"favorite\":316912,\"coin\":121501,\"share\":6404,\"like\":107192,\"duration\":81906,\"idx\":1599962929,\"cid\":234725733,\"tid\":122,\"tname\":\"野生技术协会\",\"tag\":{\"tag_id\":16906,\"tag_name\":\"数码\",\"count\":{\"atten\":286487}},\"dislike_reasons\":[{\"reason_id\":4,\"reason_name\":\"UP主:Python_子木\"},{\"reason_id\":2,\"reason_name\":\"分区:野生技术协会\"},{\"reason_id\":3,\"reason_name\":\"标签:数码\"},{\"reason_id\":1,\"reason_name\":\"不感兴趣\"}],\"ctime\":1599479659,\"autoplay\":1,\"mid\":612593877,\"name\":\"Python_子木\",\"face\":\"http://i1.hdslb.com/bfs/face/9e3b4415824c1058e4a1c427a3c4cfb62b3b8476.jpg\"},{\"title\":\"【BLACKPINK】每次看这场开场总是有一种黑酸看好了老娘是如何嗨全场的感觉 真的又帅又爽\",\"cover\":\"https://i1.hdslb.com/bfs/archive/a0f0fe7fa0374e125aea448dcf7c799512dd27a1.jpg\",\"uri\":\"bilibili://video/754533132\",\"param\":\"754533132\",\"goto\":\"av\",\"desc\":\"539弹幕\",\"play\":103721,\"danmaku\":539,\"reply\":186,\"favorite\":6705,\"coin\":755,\"share\":360,\"like\":9152,\"duration\":205,\"idx\":1599962928,\"cid\":234025490,\"tid\":137,\"tname\":\"明星\",\"tag\":{\"tag_id\":5761,\"tag_name\":\"明星\",\"count\":{\"atten\":117096}},\"dislike_reasons\":[{\"reason_id\":4,\"reason_name\":\"UP主:jennie-恩星\"},{\"reason_id\":2,\"reason_name\":\"分区:明星\"},{\"reason_id\":3,\"reason_name\":\"标签:明星\"},{\"reason_id\":1,\"reason_name\":\"不感兴趣\"}],\"ctime\":1599734277,\"autoplay\":1,\"mid\":155950499,\"name\":\"jennie-恩星\",\"face\":\"http://i0.hdslb.com/bfs/face/214edad6a217f4c496177bf306f6726a39ba9518.jpg\"},{\"title\":\"盲僧新皮肤【雷电龙拳】：4款皮肤原画曝光！终极皮肤即将登场！\",\"cover\":\"https://i0.hdslb.com/bfs/archive/81721615655787235e76cad29d3017c366e61491.jpg\",\"uri\":\"bilibili://video/244531403\",\"param\":\"244531403\",\"goto\":\"av\",\"desc\":\"1612弹幕\",\"play\":811150,\"danmaku\":1612,\"reply\":2419,\"favorite\":1228,\"coin\":1504,\"share\":6713,\"like\":23216,\"duration\":124,\"idx\":1599962927,\"cid\":234138344,\"tid\":171,\"tname\":\"电子竞技\",\"tag\":{\"tag_id\":9222,\"tag_name\":\"英雄联盟\",\"count\":{\"atten\":1423185}},\"dislike_reasons\":[{\"reason_id\":4,\"reason_name\":\"UP主:LOL小绿毛资讯\"},{\"reason_id\":2,\"reason_name\":\"分区:电子竞技\"},{\"reason_id\":3,\"reason_name\":\"标签:英雄联盟\"},{\"reason_id\":1,\"reason_name\":\"不感兴趣\"}],\"ctime\":1599757535,\"autoplay\":1,\"mid\":91254197,\"name\":\"LOL小绿毛资讯\",\"face\":\"http://i1.hdslb.com/bfs/face/69a0cec7bc4d28ff910ce736b0878f0f56cb28a4.jpg\",\"official\":{\"role\":1,\"title\":\"bilibili 知名游戏UP主\"}},{\"title\":\"【进击的巨人】第四季11. 【地鸣】不再是威胁？人类恐将展开全面反击战？！（9月最新章）\",\"cover\":\"https://i1.hdslb.com/bfs/archive/646003e67f24bee9b001920a2cc379fcf8d08cc5.png\",\"uri\":\"bilibili://video/457047711\",\"param\":\"457047711\",\"goto\":\"av\",\"desc\":\"1456弹幕\",\"play\":120074,\"danmaku\":1456,\"reply\":661,\"favorite\":2037,\"coin\":6887,\"share\":502,\"like\":12491,\"duration\":1315,\"idx\":1599962926,\"cid\":234765214,\"tid\":27,\"tname\":\"综合\",\"tag\":{\"tag_id\":1657770,\"tag_name\":\"笔墨\",\"count\":{\"atten\":80}},\"dislike_reasons\":[{\"reason_id\":4,\"reason_name\":\"UP主:光影笔墨\"},{\"reason_id\":2,\"reason_name\":\"分区:综合\"},{\"reason_id\":3,\"reason_name\":\"标签:笔墨\"},{\"reason_id\":1,\"reason_name\":\"不感兴趣\"}],\"ctime\":1599926407,\"autoplay\":1,\"mid\":269319344,\"name\":\"光影笔墨\",\"face\":\"http://i0.hdslb.com/bfs/face/a17c13aa2b6278009821ef93abbf48a3bc1cf6b3.jpg\",\"official\":{\"role\":1,\"title\":\"bilibili 知名动漫UP主、高能联盟成员\"}},{\"title\":\"【鬼畜】天天天才月影\",\"cover\":\"https://i2.hdslb.com/bfs/archive/ef2d82554fdbc8d7a866b51a3f1caf2aa13f8d41.jpg\",\"uri\":\"bilibili://video/499617507\",\"param\":\"499617507\",\"goto\":\"av\",\"desc\":\"122弹幕\",\"play\":62215,\"danmaku\":122,\"reply\":191,\"favorite\":2015,\"coin\":1912,\"share\":134,\"like\":7458,\"duration\":116,\"idx\":1599962925,\"cid\":234132494,\"tid\":22,\"tname\":\"鬼畜调教\",\"tag\":{\"tag_id\":68,\"tag_name\":\"鬼畜\",\"count\":{\"atten\":1784649}},\"dislike_reasons\":[{\"reason_id\":4,\"reason_name\":\"UP主:通心粉丸\"},{\"reason_id\":2,\"reason_name\":\"分区:鬼畜调教\"},{\"reason_id\":3,\"reason_name\":\"标签:鬼畜\"},{\"reason_id\":1,\"reason_name\":\"不感兴趣\"}],\"ctime\":1599883222,\"autoplay\":1,\"mid\":2153533,\"name\":\"通心粉丸\",\"face\":\"http://i1.hdslb.com/bfs/face/0b71adb9c0c8681a0e721d4d87b0316d3b41668f.jpg\"},{\"title\":\"2020，我们是这样和老师见面的……\",\"cover\":\"https://i2.hdslb.com/bfs/archive/3d218d6f62bcc4b0eb6674d0bf4bcdf2885972a5.jpg\",\"uri\":\"bilibili://video/499616345\",\"param\":\"499616345\",\"goto\":\"av\",\"desc\":\"7715弹幕\",\"play\":1660986,\"danmaku\":7715,\"reply\":2134,\"favorite\":17339,\"coin\":27911,\"share\":3488,\"like\":197254,\"duration\":92,\"idx\":1599962924,\"cid\":234053256,\"tid\":203,\"tname\":\"热点\",\"tag\":{\"tag_id\":102453,\"tag_name\":\"教师节\",\"count\":{\"atten\":37}},\"dislike_reasons\":[{\"reason_id\":4,\"reason_name\":\"UP主:共青团中央\"},{\"reason_id\":2,\"reason_name\":\"分区:热点\"},{\"reason_id\":3,\"reason_name\":\"标签:教师节\"},{\"reason_id\":1,\"reason_name\":\"不感兴趣\"}],\"ctime\":1599739284,\"autoplay\":1,\"mid\":20165629,\"name\":\"共青团中央\",\"face\":\"http://i1.hdslb.com/bfs/face/2bb27602ede08bc063630711678da524928f5957.jpg\",\"official\":{\"role\":4,\"title\":\"共青团中央 官方账号\"}},{\"title\":\"【回形针PaperClip】核酸检测如何高效筛查新冠肺炎？\",\"cover\":\"https://i2.hdslb.com/bfs/archive/285ee0a94ed11a626fdffeaea9378351076e9ef5.jpg\",\"uri\":\"bilibili://video/927100651\",\"param\":\"927100651\",\"goto\":\"av\",\"desc\":\"1447弹幕\",\"play\":264044,\"danmaku\":1447,\"reply\":1520,\"favorite\":3604,\"coin\":7762,\"share\":1798,\"like\":22454,\"duration\":350,\"idx\":1599962923,\"cid\":234382745,\"tid\":201,\"tname\":\"科学科普\",\"tag\":{\"tag_id\":5417,\"tag_name\":\"科普\",\"count\":{\"atten\":1299348}},\"dislike_reasons\":[{\"reason_id\":4,\"reason_name\":\"UP主:回形针PaperClip\"},{\"reason_id\":2,\"reason_name\":\"分区:科学科普\"},{\"reason_id\":3,\"reason_name\":\"标签:科普\"},{\"reason_id\":1,\"reason_name\":\"不感兴趣\"}],\"ctime\":1599831381,\"autoplay\":1,\"mid\":258150656,\"name\":\"回形针PaperClip\",\"face\":\"http://i0.hdslb.com/bfs/face/6f1364b43acd594d457f489eda6989e2f5927cb3.jpg\",\"official\":{\"role\":1,\"title\":\"bilibili 知名科技UP主\"}},{\"title\":\"这是我去过上海最牛的地方了！\",\"cover\":\"https://i2.hdslb.com/bfs/archive/f24a77be38f53834a26814508c974625623384a2.jpg\",\"uri\":\"bilibili://video/372004778\",\"param\":\"372004778\",\"goto\":\"av\",\"desc\":\"12136弹幕\",\"play\":1261359,\"danmaku\":12136,\"reply\":2734,\"favorite\":25679,\"coin\":57484,\"share\":2493,\"like\":164405,\"duration\":781,\"idx\":1599962922,\"cid\":233647087,\"tid\":21,\"tname\":\"日常\",\"tag\":{\"tag_id\":1742,\"tag_name\":\"生活\",\"count\":{\"atten\":200227}},\"dislike_reasons\":[{\"reason_id\":4,\"reason_name\":\"UP主:中国BOY超级大猩猩\"},{\"reason_id\":2,\"reason_name\":\"分区:日常\"},{\"reason_id\":3,\"reason_name\":\"标签:生活\"},{\"reason_id\":1,\"reason_name\":\"不感兴趣\"}],\"ctime\":1599653110,\"autoplay\":1,\"mid\":562197,\"name\":\"中国BOY超级大猩猩\",\"face\":\"http://i2.hdslb.com/bfs/face/068939602dae190c86f6b36ca301281d7d8aa6d9.jpg\",\"official\":{\"role\":1,\"title\":\"bilibili 2019百大UP主、知名UP主\"}}]"},"ts":1599962948905}