{"options":{"awareOfChrome":false,"check_for_updates":true,"comment":null,"compat_arrayleft":false,"compat_foreach":false,"compat_forvarin":false,"compat_metadata":false,"compat_prototypes":true,"compat_uW_gmonkey":false,"compat_wrappedjsobject":false,"compatopts_for_requires":true,"noframes":null,"override":{"merge_connects":true,"merge_excludes":true,"merge_includes":true,"merge_matches":true,"orig_connects":["raw.githubusercontent.com","cdn.jsdelivr.net","cn.bing.com","www.bing.com","translate.google.cn","translate.google.com","*"],"orig_excludes":["*://api.bilibili.com/*","*://api.*.bilibili.com/*","*://*.bilibili.com/api/*","*://member.bilibili.com/studio/bs-editor/*"],"orig_includes":[],"orig_matches":["*://*.bilibili.com/*"],"orig_noframes":null,"orig_run_at":"document-start","use_blockers":[],"use_connects":[],"use_excludes":[],"use_includes":[],"use_matches":[]},"run_at":null},"settings":{"enabled":true,"position":8},"meta":{"name":"Bilibili Evolved","uuid":"b38e6b63-8c8d-4168-af88-f328c0a5baa2","modified":1599277572392,"file_url":"https://cdn.jsdelivr.net/gh/the1812/Bilibili-Evolved@master/bilibili-evolved.user.js"}}