{"options":{"awareOfChrome":false,"check_for_updates":true,"comment":null,"compat_arrayleft":false,"compat_foreach":false,"compat_forvarin":false,"compat_metadata":false,"compat_uW_gmonkey":false,"compat_wrappedjsobject":false,"compatopts_for_requires":true,"noframes":null,"override":{"merge_connects":true,"merge_excludes":true,"merge_includes":true,"merge_matches":true,"orig_connects":[],"orig_excludes":[],"orig_includes":["*://hentaiverse.org/*","*://alt.hentaiverse.org/*"],"orig_matches":[],"orig_noframes":null,"orig_run_at":"document-idle","use_blockers":[],"use_connects":[],"use_excludes":[],"use_includes":[],"use_matches":[]},"run_at":null},"settings":{"enabled":true,"position":18},"meta":{"name":"HentaiVerse汉化","uuid":"6f6ff31a-1403-4465-9f81-1840aca24fbd","modified":1599313909500,"file_url":"https://greasyfork.org/scripts/404118-hentaiverse%E6%B1%89%E5%8C%96/code/HentaiVerse%E6%B1%89%E5%8C%96.user.js"}}