{"options":{"check_for_updates":true,"comment":null,"compatopts_for_requires":true,"compat_wrappedjsobject":false,"compat_metadata":false,"compat_foreach":false,"compat_arrayleft":false,"compat_uW_gmonkey":false,"compat_forvarin":false,"noframes":null,"awareOfChrome":false,"run_at":null,"override":{"use_includes":[],"orig_includes":[],"merge_includes":true,"use_matches":[],"orig_matches":["*://www.bilibili.com/*"],"merge_matches":true,"use_excludes":[],"orig_excludes":[],"merge_excludes":true,"use_connects":[],"merge_connects":true,"use_blockers":[],"orig_run_at":"document-idle","orig_noframes":null,"orig_connects":["app.bilibili.com","api.bilibili.com","passport.bilibili.com","link.acg.tv","www.mcbbs.net"]}},"settings":{"enabled":true,"position":24},"meta":{"name":"bilibili网页端添加APP首页推荐","uuid":"a9fa3d19-7a61-4bf0-95e1-cc3d5dad24d6","modified":1595844788509,"file_url":"https://greasyfork.org/scripts/368446-bilibili%E7%BD%91%E9%A1%B5%E7%AB%AF%E6%B7%BB%E5%8A%A0app%E9%A6%96%E9%A1%B5%E6%8E%A8%E8%8D%90/code/bilibili%E7%BD%91%E9%A1%B5%E7%AB%AF%E6%B7%BB%E5%8A%A0APP%E9%A6%96%E9%A1%B5%E6%8E%A8%E8%8D%90.user.js"}}