{"ts":1595845305297,"data":{"historyRecommend":"s[{\"title\":\"【Drum尊】为拍摄视频做了纹身-Lauv-Tattoos Together Drum Cover.\",\"cover\":\"https://i2.hdslb.com/bfs/archive/d284c764a9a6117e26a41a60977c54ee76fe8492.jpg\",\"uri\":\"bilibili://video/541486962\",\"param\":\"541486962\",\"goto\":\"av\",\"desc\":\"502弹幕\",\"play\":72139,\"danmaku\":502,\"reply\":1404,\"favorite\":1470,\"coin\":4763,\"share\":398,\"like\":11989,\"duration\":208,\"idx\":1595845270,\"cid\":216885477,\"tid\":59,\"tname\":\"演奏\",\"tag\":{\"tag_id\":373,\"tag_name\":\"演奏\",\"count\":{\"atten\":124518}},\"dislike_reasons\":[{\"reason_id\":4,\"reason_name\":\"UP主:Drum尊_Victor\"},{\"reason_id\":2,\"reason_name\":\"分区:演奏\"},{\"reason_id\":3,\"reason_name\":\"标签:演奏\"},{\"reason_id\":1,\"reason_name\":\"不感兴趣\"}],\"ctime\":1595765971,\"autoplay\":1,\"mid\":605516884,\"name\":\"Drum尊_Victor\",\"face\":\"http://i0.hdslb.com/bfs/face/63fa1e37cf76e91caad639227565d08eb809b860.jpg\",\"autoplay_card\":2},{\"title\":\"改造直男街舞老师！到成都太古里逛街疯狂被偷拍...【片尾有彩蛋】\",\"cover\":\"https://i0.hdslb.com/bfs/archive/171877335814df81848d25d8dfe3b4259e5b6511.jpg\",\"uri\":\"bilibili://video/841449209\",\"param\":\"841449209\",\"goto\":\"av\",\"desc\":\"10806弹幕\",\"play\":500424,\"danmaku\":10806,\"reply\":4020,\"favorite\":12150,\"coin\":22382,\"share\":12364,\"like\":45235,\"duration\":449,\"idx\":1595845269,\"cid\":216042376,\"tid\":157,\"tname\":\"美妆\",\"tag\":{\"tag_id\":832569,\"tag_name\":\"美妆\",\"count\":{\"atten\":953798}},\"dislike_reasons\":[{\"reason_id\":4,\"reason_name\":\"UP主:田逾欢sirius\"},{\"reason_id\":2,\"reason_name\":\"分区:美妆\"},{\"reason_id\":3,\"reason_name\":\"标签:美妆\"},{\"reason_id\":1,\"reason_name\":\"不感兴趣\"}],\"ctime\":1595578378,\"autoplay\":1,\"mid\":13826185,\"name\":\"田逾欢sirius\",\"face\":\"http://i0.hdslb.com/bfs/face/feb63ecf893e82da91a5c01e4ef640fe7f157403.jpg\",\"official\":{\"role\":1,\"title\":\"bilibili 知名UP主\"}},{\"title\":\"【张艺兴|这就是街舞3】队长battle第一！帽子戏法，暴力krump，绵羊之锤，重拳出击！\",\"cover\":\"https://i2.hdslb.com/bfs/archive/980f7a98372aa530db46e43287277cae1a93ae65.jpg\",\"uri\":\"bilibili://video/541424057\",\"param\":\"541424057\",\"goto\":\"av\",\"desc\":\"27981弹幕\",\"play\":639483,\"danmaku\":27981,\"reply\":10339,\"favorite\":20860,\"coin\":19669,\"share\":6059,\"like\":36219,\"duration\":702,\"idx\":1595845268,\"cid\":216577078,\"tid\":199,\"tname\":\"明星舞蹈\",\"tag\":{\"tag_id\":376,\"tag_name\":\"舞蹈\",\"count\":{\"atten\":135062}},\"dislike_reasons\":[{\"reason_id\":4,\"reason_name\":\"UP主:张艺兴B站投喂总支部\"},{\"reason_id\":2,\"reason_name\":\"分区:明星舞蹈\"},{\"reason_id\":3,\"reason_name\":\"标签:舞蹈\"},{\"reason_id\":1,\"reason_name\":\"不感兴趣\"}],\"ctime\":1595685174,\"autoplay\":1,\"mid\":16968953,\"name\":\"张艺兴B站投喂总支部\",\"face\":\"http://i0.hdslb.com/bfs/face/3a3b41519b633fd19399f99e566b1d9227a37c82.jpg\"},{\"title\":\"眞 吥 錯\",\"cover\":\"https://i0.hdslb.com/bfs/archive/21dcd759c4ef7e0b194479a2500f8bb1ef8721c7.jpg\",\"uri\":\"bilibili://video/328985380\",\"param\":\"328985380\",\"goto\":\"av\",\"desc\":\"407弹幕\",\"play\":235941,\"danmaku\":407,\"reply\":271,\"favorite\":2985,\"coin\":1435,\"share\":1693,\"like\":15553,\"duration\":82,\"idx\":1595845267,\"cid\":216486973,\"tid\":22,\"tname\":\"鬼畜调教\",\"tag\":{\"tag_id\":62526,\"tag_name\":\"电子竞技\",\"count\":{\"atten\":109133}},\"dislike_reasons\":[{\"reason_id\":4,\"reason_name\":\"UP主:咔咔卡卡的\"},{\"reason_id\":2,\"reason_name\":\"分区:鬼畜调教\"},{\"reason_id\":3,\"reason_name\":\"标签:电子竞技\"},{\"reason_id\":1,\"reason_name\":\"不感兴趣\"}],\"ctime\":1595673797,\"autoplay\":1,\"mid\":27710445,\"name\":\"咔咔卡卡的\",\"face\":\"http://i2.hdslb.com/bfs/face/a21ee59226775aaeae301a2ffb633836b633d5a5.jpg\"},{\"title\":\"【孙子团】东方卫视惊现BTS-MIC Drop，节目名竟是《给我一个包》\",\"cover\":\"https://i2.hdslb.com/bfs/archive/6155879a154b5dbd0b2d5e9481e54516a95891f7.jpg\",\"uri\":\"bilibili://video/926444775\",\"param\":\"926444775\",\"goto\":\"av\",\"desc\":\"266弹幕\",\"play\":83093,\"danmaku\":266,\"reply\":456,\"favorite\":1367,\"coin\":3187,\"share\":677,\"like\":8240,\"duration\":81,\"idx\":1595845266,\"cid\":216865013,\"tid\":198,\"tname\":\"街舞\",\"tag\":{\"tag_id\":376,\"tag_name\":\"舞蹈\",\"count\":{\"atten\":135062}},\"dislike_reasons\":[{\"reason_id\":4,\"reason_name\":\"UP主:孙子团BTSZD\"},{\"reason_id\":2,\"reason_name\":\"分区:街舞\"},{\"reason_id\":3,\"reason_name\":\"标签:舞蹈\"},{\"reason_id\":1,\"reason_name\":\"不感兴趣\"}],\"ctime\":1595765299,\"autoplay\":1,\"mid\":32507603,\"name\":\"孙子团BTSZD\",\"face\":\"http://i1.hdslb.com/bfs/face/93b396fc6c989dea67780c5cf4fe6cd6cb9971f6.jpg\",\"official\":{\"role\":1,\"title\":\"bilibili 知名舞蹈UP主\"}},{\"title\":\"【开心嘴炮】朱一龙重聚铁三角！爆笑解说《重启之极海听雷》（第2期）\",\"cover\":\"https://i0.hdslb.com/bfs/archive/9ccb089d8744ce229001b11db7eb8648a763a28c.jpg\",\"uri\":\"bilibili://video/328881662\",\"param\":\"328881662\",\"goto\":\"av\",\"desc\":\"24132弹幕\",\"play\":444348,\"danmaku\":24132,\"reply\":3329,\"favorite\":11287,\"coin\":36133,\"share\":1288,\"like\":61471,\"duration\":815,\"idx\":1595845265,\"cid\":216111810,\"tid\":182,\"tname\":\"影视杂谈\",\"tag\":{\"tag_id\":111377,\"tag_name\":\"影评\",\"count\":{\"atten\":776320}},\"dislike_reasons\":[{\"reason_id\":4,\"reason_name\":\"UP主:开心嘴炮\"},{\"reason_id\":2,\"reason_name\":\"分区:影视杂谈\"},{\"reason_id\":3,\"reason_name\":\"标签:影评\"},{\"reason_id\":1,\"reason_name\":\"不感兴趣\"}],\"ctime\":1595587380,\"autoplay\":1,\"mid\":203337614,\"name\":\"开心嘴炮\",\"face\":\"http://i0.hdslb.com/bfs/face/5cd3053f352bc597bac3d11b824e548108423cb2.jpg\",\"official\":{\"role\":1,\"title\":\"bilibili 知名娱乐UP主\"}},{\"title\":\"纯黑《纸人2》第一期 明明是个肾虚男主却偏要搞追逐战\",\"cover\":\"https://i1.hdslb.com/bfs/archive/56effc81f01fe6c74dadd310da98a5ef9f7ad1a0.jpg\",\"uri\":\"bilibili://video/796386964\",\"param\":\"796386964\",\"goto\":\"av\",\"desc\":\"4078弹幕\",\"play\":238380,\"danmaku\":4078,\"reply\":1069,\"favorite\":3597,\"coin\":7455,\"share\":537,\"like\":20999,\"duration\":1435,\"idx\":1595845264,\"cid\":216849264,\"tid\":17,\"tname\":\"单机游戏\",\"tag\":{\"tag_id\":125158,\"tag_name\":\"纯黑\",\"count\":{\"atten\":47692}},\"dislike_reasons\":[{\"reason_id\":4,\"reason_name\":\"UP主:-纯黑-\"},{\"reason_id\":2,\"reason_name\":\"分区:单机游戏\"},{\"reason_id\":3,\"reason_name\":\"标签:纯黑\"},{\"reason_id\":1,\"reason_name\":\"不感兴趣\"}],\"ctime\":1595761255,\"autoplay\":1,\"mid\":585267,\"name\":\"-纯黑-\",\"face\":\"http://i1.hdslb.com/bfs/face/e8ab7b02d6576f4141ea857734b68b9dd35a5730.jpg\",\"official\":{\"role\":1,\"title\":\"bilibili 2019百大UP主、高能联盟成员\"}},{\"title\":\"【官方中文版】进击的海霸王【超海最终季第一集】\",\"cover\":\"https://i2.hdslb.com/bfs/archive/a0922740fea541631b8800a8cc06a59cac6d2452.jpg\",\"uri\":\"bilibili://video/668911070\",\"param\":\"668911070\",\"goto\":\"av\",\"desc\":\"2448弹幕\",\"play\":169897,\"danmaku\":2448,\"reply\":563,\"favorite\":12662,\"coin\":13781,\"share\":1630,\"like\":20657,\"duration\":868,\"idx\":1595845263,\"cid\":216814919,\"tid\":47,\"tname\":\"短片·手书·配音\",\"tag\":{\"tag_id\":1019252,\"tag_name\":\"童年回忆杀\",\"count\":{\"atten\":24015}},\"dislike_reasons\":[{\"reason_id\":4,\"reason_name\":\"UP主:JKAI杰凯\"},{\"reason_id\":2,\"reason_name\":\"分区:短片·手书·配音\"},{\"reason_id\":3,\"reason_name\":\"标签:童年回忆杀\"},{\"reason_id\":1,\"reason_name\":\"不感兴趣\"}],\"ctime\":1595755969,\"autoplay\":1,\"mid\":7295246,\"name\":\"JKAI杰凯\",\"face\":\"http://i2.hdslb.com/bfs/face/0f1d960ca6baad6c0f008cba48dfc6ba17c2738d.jpg\",\"official\":{\"role\":1,\"title\":\"bilibili 知名音乐UP主\"}},{\"title\":\"L P L 忍 界 大 战\",\"cover\":\"https://i1.hdslb.com/bfs/archive/0d08e45b590ce7d6c99e428c8c637e31c9f9035d.jpg\",\"uri\":\"bilibili://video/711487525\",\"param\":\"711487525\",\"goto\":\"av\",\"desc\":\"591弹幕\",\"play\":578351,\"danmaku\":591,\"reply\":964,\"favorite\":7982,\"coin\":19380,\"share\":8187,\"like\":35565,\"duration\":176,\"idx\":1595845262,\"cid\":216435876,\"tid\":171,\"tname\":\"电子竞技\",\"tag\":{\"tag_id\":9222,\"tag_name\":\"英雄联盟\",\"count\":{\"atten\":1384557}},\"dislike_reasons\":[{\"reason_id\":4,\"reason_name\":\"UP主:竞客马叔\"},{\"reason_id\":2,\"reason_name\":\"分区:电子竞技\"},{\"reason_id\":3,\"reason_name\":\"标签:英雄联盟\"},{\"reason_id\":1,\"reason_name\":\"不感兴趣\"}],\"ctime\":1595736054,\"autoplay\":1,\"mid\":31068357,\"name\":\"竞客马叔\",\"face\":\"http://i2.hdslb.com/bfs/face/f4b320289ebd26363de201592f1713d84de210d8.jpg\"},{\"title\":\"(萝莉版) 从零开始的异世界生活\",\"cover\":\"https://i0.hdslb.com/bfs/archive/43082e3b73ac1c63b23abb0fdafa25be407de020.png\",\"uri\":\"bilibili://video/328963371\",\"param\":\"328963371\",\"goto\":\"av\",\"desc\":\"3947弹幕\",\"play\":1019894,\"danmaku\":3947,\"reply\":2434,\"favorite\":61134,\"coin\":93480,\"share\":7056,\"like\":150958,\"duration\":91,\"idx\":1595845261,\"cid\":216318531,\"tid\":47,\"tname\":\"短片·手书·配音\",\"tag\":{\"tag_id\":608,\"tag_name\":\"手书\",\"count\":{\"atten\":228537}},\"dislike_reasons\":[{\"reason_id\":4,\"reason_name\":\"UP主:某门卫\"},{\"reason_id\":2,\"reason_name\":\"分区:短片·手书·配音\"},{\"reason_id\":3,\"reason_name\":\"标签:手书\"},{\"reason_id\":1,\"reason_name\":\"不感兴趣\"}],\"ctime\":1595646316,\"autoplay\":1,\"mid\":512193161,\"name\":\"某门卫\",\"face\":\"http://i0.hdslb.com/bfs/face/fbd9171793f61fd0a0d5ad27b97ebef6ded08f37.jpg\"}]"}}