{"ts":1595845891264,"data":{"autoPlay":"bfalse","favoritesRedirect":"bfalse","compactLayout":"bfalse","hideOldEntry":"bfalse","guiSettings":"btrue","viewCover":"btrue","notifyNewVersion":"btrue","clearCache":"btrue","downloadVideo":"btrue","enableDashDownload":"btrue","downloadDanmaku":"btrue","downloadSubtitle":"btrue","downloadAudio":"btrue","downloadLiveRecords":"btrue","medalHelper":"btrue","playerLayout":"bfalse","forceWide":"bfalse","useNewStyle":"bfalse","overrideNavBar":"bfalse","touchVideoPlayerAnimation":"bfalse","allNavbarFill":"bfalse","showDeadVideoTitle":"bfalse","blurVideoControl":"bfalse","oldTweets":"bfalse","customNavbarCompact":"bfalse","watchlaterExpireWarnings":"bfalse","latestVersionLink":"shttps://cdn.jsdelivr.net/gh/the1812/Bilibili-Evolved@master/bilibili-evolved.offline.user.js","currentVersion":"s724.22","useDarkStyle":"btrue","hideBanner":"bfalse","expandDanmakuList":"bfalse","expandDescription":"bfalse","watchLaterRedirect":"bfalse","touchNavBar":"bfalse","touchVideoPlayer":"bfalse","customControlBackgroundOpacity":"n0.64","customControlBackground":"bfalse","darkScheduleStart":"s18:00","darkScheduleEnd":"s6:00","darkSchedule":"bfalse","toast":"btrue","fullTweetsTitle":"bfalse","fullPageTitle":"bfalse","removeVideoTopMask":"bfalse","removeLiveWatermark":"bfalse","harunaScale":"bfalse","removeAds":"bfalse","showBlockedAdsTip":"bfalse","hideTopSearch":"bfalse","touchVideoPlayerDoubleTapControl":"bfalse","customStyleColor":"s#00A0D8","preserveRank":"btrue","blurBackgroundOpacity":"n0.382","useDefaultPlayerMode":"bfalse","applyPlayerModeOnPlay":"btrue","defaultPlayerMode":"s宽屏","useDefaultVideoQuality":"bfalse","defaultVideoQuality":"s自动","useDefaultDanmakuSettings":"bfalse","enableDanmaku":"btrue","rememberDanmakuSettings":"bfalse","danmakuSettings":"o{\"subtitlesPreserve\":false,\"smartMask\":false}","defaultPlayerLayout":"s新版","defaultBangumiLayout":"s新版","skipChargeList":"bfalse","comboLike":"bfalse","autoLightOff":"bfalse","useCache":"btrue","autoContinue":"bfalse","allowJumpContinue":"bfalse","deadVideoTitleProvider":"s稍后再看","useBiliplusRedirect":"bfalse","biliplusRedirect":"bfalse","framePlayback":"btrue","useCommentStyle":"bfalse","imageResolution":"bfalse","imageResolutionScale":"sauto","toastInternalError":"bfalse","i18n":"bfalse","i18nLanguage":"s日本語","playerFocus":"bfalse","playerFocusOffset":"n-10","simplifyLiveroom":"btrue","simplifyLiveroomSettings":"o{\"vip\":true,\"fansMedal\":false,\"title\":false,\"userLevel\":true,\"guard\":true,\"systemMessage\":true,\"welcomeMessage\":true,\"giftMessage\":false,\"guardPurchase\":false,\"giftPanel\":false,\"kanban\":true,\"userEffect\":true,\"eventsBanner\":true,\"rankList\":false,\"popup\":false,\"skin\":false}","customNavbar":"btrue","customNavbarFill":"bfalse","customNavbarTransparent":"btrue","customNavbarShadow":"btrue","customNavbarBlur":"bfalse","customNavbarBlurOpacity":"n0.7","customNavbarOrder":"o{\"blank1\":0,\"logo\":1,\"category\":2,\"rankingLink\":3,\"drawingLink\":4,\"musicLink\":5,\"gamesIframe\":6,\"livesIframe\":7,\"shopLink\":8,\"mangaLink\":9,\"blank2\":10,\"search\":11,\"blank3\":12,\"userInfo\":13,\"messages\":14,\"activities\":15,\"bangumi\":16,\"watchlaterList\":17,\"favoritesList\":18,\"historyList\":19,\"upload\":20,\"darkMode\":21}","customNavbarHidden":"o[\"drawingLink\",\"musicLink\",\"blank1\",\"darkMode\"]","customNavbarBoundsPadding":"n10","customNavbarGlobalFixed":"bfalse","playerShadow":"bfalse","narrowDanmaku":"btrue","outerWatchlater":"bfalse","videoScreenshot":"btrue","hideBangumiReviews":"bfalse","filenameFormat":"s[title][ - ep]","batchFilenameFormat":"s[n - ][ep]","sideBarOffset":"n0","noLiveAutoplay":"btrue","hideHomeLive":"bfalse","noMiniVideoAutoplay":"bfalse","useDefaultVideoSpeed":"bfalse","defaultVideoSpeed":"s1.0","hideCategory":"bfalse","foldComment":"btrue","downloadVideoDefaultDanmaku":"s无","downloadVideoDefaultSubtitle":"s无","aria2RpcOption":"o{\"secretKey\":\"\",\"dir\":\"\",\"host\":\"127.0.0.1\",\"port\":\"6800\",\"method\":\"get\",\"skipByDefault\":false,\"maxDownloadLimit\":\"\",\"baseDir\":\"\"}","aria2RpcOptionSelectedProfile":"s","aria2RpcOptionProfiles":"o[]","searchHistory":"o[]","seedsToCoins":"bfalse","autoSeedsToCoins":"btrue","lastSeedsToCoinsDate":"n0","autoDraw":"bfalse","keymap":"bfalse","doubleClickFullscreen":"bfalse","doubleClickFullscreenPreventSingleClick":"bfalse","simplifyHome":"bfalse","simplifyHomeStyle":"s清爽","minimalHomeSettings":"o{\"showSearch\":true,\"backgroundImage\":\"\"}","ajaxHook":"bfalse","scriptLoadingMode":"s延后(自动)","scriptDownloadMode":"sbundle","guiSettingsDockSide":"s左侧","fullActivityContent":"bfalse","feedsFilter":"bfalse","feedsFilterPatterns":"o[]","feedsFilterTypes":"o[]","feedsSpecialFilterTypes":"o[]","feedsFilterSideCards":"o[]","activityImageSaver":"bfalse","scriptBlockPatterns":"o[]","customNavbarSeasonLogo":"bfalse","selectableColumnText":"btrue","downloadVideoFormat":"sflv","downloadVideoDashCodec":"sAVC/H.264","watchlaterExpireWarningDays":"n14","superchatTranslate":"bfalse","miniPlayerTouchMove":"bfalse","hideBangumiSponsors":"bfalse","hideRecommendLive":"bfalse","hideRelatedVideos":"bfalse","defaultMedalID":"n0","autoMatchMedal":"bfalse","customStyles":"o[]","simpleHomeCategoryOrders":"o{\"anime\":0,\"bangumi\":1,\"china\":2,\"manga\":3,\"music\":4,\"dance\":5,\"game\":6,\"tech\":7,\"digital\":8,\"life\":9,\"kichiku\":10,\"fashion\":11,\"information\":12,\"entertainment\":13,\"column\":14,\"movie\":15,\"tv\":16,\"film\":17,\"documentary\":18}","simpleHomeBangumiLayout":"s时间表","keymapJumpSeconds":"n85","urlParamsClean":"btrue","collapseLiveSideBar":"bfalse","removeGameMatchModule":"bfalse","noDarkOnMember":"btrue","feedsTranslate":"bfalse","feedsTranslateProvider":"sBing","feedsTranslateLanguage":"s","downloadVideoQuality":"n120","defaultLiveQuality":"s原画","useDefaultLiveQuality":"bfalse","recordLiveDanmaku":"bfalse","foregroundColorMode":"s自动","preserveEventBanner":"bfalse","about":"btrue","bvidConvert":"btrue","fixedSidebars":"bfalse","updateCdn":"sjsDelivr","lastNewVersionCheck":"n0","newVersionCheckInterval":"n21600000","useDarkStyleAsUserStyle":"bfalse","darkColorScheme":"bfalse","autoHideSideBar":"bfalse","livePip":"btrue","extendFeedsLive":"bfalse","userImages":"o[]","playerOnTop":"bfalse","restoreFloors":"bfalse","quickFavorite":"bfalse","quickFavoriteID":"n0","bilibiliSimpleNewHomeCompatible":"bfalse","preferAvUrl":"bfalse","disableFeedsDetails":"bfalse","elegantScrollbar":"btrue","danmakuSendBar":"btrue","watchLaterRedirectNavbar":"btrue","watchLaterRedirectPage":"btrue","showCoverBeforePlay":"btrue","volumeOverdrive":"bfalse","cache":"o{}"}}