{"data":{"backup":"o{\"西洋剑盾\":{\"version\":\"2.90\",\"lang\":\"0\",\"buffSkillSwitch\":true,\"debuffSkillSwitch\":true,\"skillSwitch\":true,\"dropMonitor\":true,\"recordUsage\":true,\"hp1\":75,\"mp1\":75,\"sp1\":75,\"attackStatus\":0,\"pauseButton\":true,\"pauseHotkey\":true,\"pauseHotkeyStr\":\" \",\"pauseHotkeyCode\":32,\"notification\":true,\"riddleRadio\":true,\"turnOnSS\":true,\"turnOnSSCondition\":{\"0\":[\"oc,1,249\"]},\"delayAlertTime\":0,\"delayReloadTime\":0,\"riddleAnswerTime\":5,\"staminaLose\":5,\"staminaPause\":true,\"staminaWarn\":true,\"idleArenaTime\":60,\"idleArenaLevels\":\"GF\",\"idleArenaValue\":\"gr\",\"arLevel\":{\"GF\":true},\"idleArenaGrTime\":999,\"repairValue\":0,\"autoPause\":true,\"pauseCondition\":{\"0\":[\"hp,2,30\"]},\"staminaLow\":30,\"delay\":200,\"delay2\":30,\"itemOrderName\":\"Cure,FC,HP,MP,SP,ME\",\"itemOrderValue\":\"311,313,11195,11295,11395,11299\",\"itemOrder\":{\"Cure\":true,\"FC\":true,\"HP\":true,\"MP\":true,\"ME\":true,\"SP\":true},\"item\":{\"Cure\":true,\"FC\":true,\"HP\":true,\"MP\":true,\"ME\":true,\"SP\":true},\"itemCureCondition\":{\"0\":[\"hp,2,60\"]},\"itemFCCondition\":{\"0\":[\"hp,2,40\"]},\"itemHPCondition\":{\"0\":[\"hp,2,50\"]},\"itemMPCondition\":{\"0\":[\"mp,2,50\"]},\"itemMECondition\":{\"0\":[\"mp,2,10\"]},\"itemSPCondition\":{\"0\":[\"sp,2,50\"]},\"channelSkill\":{\"AF\":true,\"He\":true,\"Re\":true},\"channelSkill2\":true,\"channelSkill2OrderName\":\"Cu,FC,AF,He,Re\",\"channelSkill2OrderValue\":\"311,313,432,431,312\",\"channelSkill2Order\":{\"Cu\":true,\"FC\":true,\"AF\":true,\"He\":true,\"Re\":true},\"buffSkillOrderValue\":\"Re,He\",\"buffSkillOrder\":{\"He\":true,\"Re\":true},\"buffSkill\":{\"HD\":true,\"MD\":true,\"SD\":true,\"He\":true,\"Re\":true,\"Ab\":true},\"buffSkillHDCondition\":{\"0\":[\"hp,2,70\"]},\"buffSkillMDCondition\":{\"0\":[\"hp,2,70\"]},\"buffSkillSDCondition\":{\"0\":[\"sp,2,70\"]},\"buffSkillHeCondition\":{\"0\":[\"_buffTurn_,2,2\"]},\"buffSkillReCondition\":{\"0\":[\"hp,2,80\"]},\"buffSkillAbCondition\":{\"0\":[\"_buffTurn_,2,1\"]},\"debuffSkillOrderValue\":\"Slo,Im,Si,Dr,We,MN,Bl\",\"debuffSkillOrder\":{\"Bl\":true,\"Slo\":true,\"Im\":true,\"MN\":true,\"Si\":true,\"Dr\":true,\"We\":true},\"debuffSkill\":{\"Bl\":true,\"Slo\":true,\"Im\":true,\"MN\":true,\"Si\":true,\"Dr\":true,\"We\":true},\"debuffSkillBlCondition\":{\"0\":[\"monsterAlive,4,bossAll\",\"_buffTurn_,2,1\",\"mp,1,50\"]},\"debuffSkillWeSlondition\":{\"0\":[\"monsterAlive,4,bossAll\",\"_buffTurn_,2,1\",\"mp,1,50\"]},\"debuffSkillImCondition\":{\"0\":[\"monsterAlive,4,bossAll\",\"_buffTurn_,2,1\",\"mp,1,50\"]},\"debuffSkillMNCondition\":{\"0\":[\"monsterAlive,4,bossAll\",\"_buffTurn_,2,1\",\"mp,1,50\"]},\"debuffSkillSiCondition\":{\"0\":[\"monsterAlive,4,bossAll\",\"_buffTurn_,2,1\",\"mp,1,50\"]},\"debuffSkillDrCondition\":{\"0\":[\"monsterAlive,4,bossAll\",\"_buffTurn_,2,1\",\"mp,1,50\"]},\"debuffSkillWeCondition\":{\"0\":[\"monsterAlive,4,bossAll\",\"_buffTurn_,2,1\",\"mp,1,50\"]},\"debuffSkillTurn\":{\"Sle\":0,\"Bl\":1,\"Slo\":1,\"Im\":1,\"MN\":1,\"Si\":1,\"Dr\":1,\"We\":1,\"Co\":0},\"skillOrderValue\":\"OFC,T3,T2,T1\",\"skillOrder\":{\"OFC\":true,\"T3\":true,\"T2\":true,\"T1\":true},\"skill\":{\"OFC\":true,\"T3\":true,\"T2\":true,\"T1\":true},\"skillOFCCondition\":{\"0\":[\"oc,1,200\"]},\"fightingStyle\":\"2\",\"mercifulBlow\":true,\"skillT3Condition\":{\"0\":[\"oc,2,200\"]},\"skillT2Condition\":{\"0\":[\"oc,2,200\"]},\"skillT1Condition\":{\"0\":[\"oc,2,200\"]},\"weight\":{\"Sle\":5,\"Bl\":3,\"Slo\":3,\"Im\":-5,\"MN\":-4,\"Si\":-4,\"Dr\":-4,\"We\":-4,\"Co\":-1,\"CM\":-5,\"Stun\":-4,\"PA\":-4,\"BW\":-4},\"dropQuality\":\"5\",\"roundNow\":\"1\",\"roundAll\":\"1\"}}","drop":"o{\"#startTime\":\"2020/4/9 21:39:42\",\"#EXP\":56818767266,\"#Credit\":2041153,\"Crystal of Devotion\":4446,\"Monster Chow\":1721,\"Mana Draught\":2421,\"Crystal of Vigor\":4488,\"Crystal of Fortitude\":4476,\"Crystal of Frost\":4476,\"Mana Potion\":749,\"Health Draught\":2424,\"Crystal of Lightning\":4632,\"Scroll of Life\":77,\"Spirit Draught\":808,\"Health Potion\":772,\"Crystal of Flames\":4536,\"Hoarded Disinfecting Wipes\":9,\"Crystal of Knowledge\":4326,\"Crystal of Cunning\":4458,\"Monster Edibles\":1493,\"Scroll of Absorption\":98,\"Crystal of Swiftness\":4512,\"Monster Cuisine\":1042,\"Chaos Token\":143,\"Aether Shard\":7,\"Crystal of Tempest\":4320,\"Crystal of Corruption\":4284,\"Featherweight Shard\":43,\"Crystal of Finesse\":4440,\"Scroll of Shadows\":118,\"Infusion of Darkness\":46,\"Bunny-Girl Costume\":31,\"Soul Fragments\":218,\"Scroll of Protection\":72,\"Scroll of the Avatar\":25,\"Infusion of Lightning\":29,\"Infusion of Storms\":37,\"Spirit Potion\":218,\"Dalek Voicebox\":39,\"Mithra's Flower\":43,\"ManBearPig Tail\":40,\"Hoarded Hand Sanitizer\":10,\"Health Elixir\":60,\"Scroll of the Gods\":34,\"Precursor Artifact\":71,\"Mana Elixir\":70,\"Sapling\":27,\"Scroll of Swiftness\":86,\"Happy Pills\":57,\"Hinamatsuri Doll\":30,\"Infusion of Divinity\":28,\"Lock of Blue Hair\":13,\"Holy Hand Grenade of Antioch\":41,\"Voidseeker Shard\":7,\"Token of Blood\":85,\"Broken Glasses\":28,\"Noodly Appendage\":17,\"Spirit Elixir\":24,\"Infusion of Flames\":39,\"Amnesia Shard\":6,\"Equipment of Magnificent\":51,\"Infusion of Frost\":26,\"Bubble-Gum\":4,\"Big Macintosh Figurine\":1,\"Flower Vase\":5,\"Princess Celestia Figurine\":1,\"Equipment of Legendary\":3}","lastEncounter":"shttps://hentaiverse.org/?s=Battle&ss=ba&encounter=MzMyMTQ2NS0xNTg4NzU1NTczLTNlYzE3NDZjODAzN2RmYmQ4ZTE5Njk5MGJkMjM2NGI1NjQ3MWMwZjM=","option":"o{\"version\":\"2.90\",\"lang\":\"0\",\"buffSkillSwitch\":true,\"debuffSkillSwitch\":true,\"skillSwitch\":true,\"dropMonitor\":true,\"recordUsage\":true,\"hp1\":75,\"mp1\":75,\"sp1\":75,\"attackStatus\":0,\"pauseButton\":true,\"pauseHotkey\":true,\"pauseHotkeyStr\":\" \",\"pauseHotkeyCode\":32,\"notification\":true,\"riddleRadio\":true,\"turnOnSS\":true,\"turnOnSSCondition\":{\"0\":[\"oc,1,249\"]},\"delayAlertTime\":0,\"delayReloadTime\":0,\"riddleAnswerTime\":5,\"staminaLose\":5,\"staminaPause\":true,\"staminaWarn\":true,\"idleArenaTime\":60,\"idleArenaLevels\":\"GF\",\"idleArenaValue\":\"gr\",\"arLevel\":{\"GF\":true},\"idleArenaGrTime\":999,\"repairValue\":0,\"autoPause\":true,\"pauseCondition\":{\"0\":[\"hp,2,30\"]},\"staminaLow\":30,\"delay\":200,\"delay2\":30,\"itemOrderName\":\"Cure,FC,HP,MP,SP,ME\",\"itemOrderValue\":\"311,313,11195,11295,11395,11299\",\"itemOrder\":{\"Cure\":true,\"FC\":true,\"HP\":true,\"MP\":true,\"ME\":true,\"SP\":true},\"item\":{\"Cure\":true,\"FC\":true,\"HP\":true,\"MP\":true,\"ME\":true,\"SP\":true},\"itemCureCondition\":{\"0\":[\"hp,2,60\"]},\"itemFCCondition\":{\"0\":[\"hp,2,40\"]},\"itemHPCondition\":{\"0\":[\"hp,2,50\"]},\"itemMPCondition\":{\"0\":[\"mp,2,50\"]},\"itemMECondition\":{\"0\":[\"mp,2,10\"]},\"itemSPCondition\":{\"0\":[\"sp,2,50\"]},\"channelSkill\":{\"AF\":true,\"He\":true,\"Re\":true},\"channelSkill2\":true,\"channelSkill2OrderName\":\"Cu,FC,AF,He,Re\",\"channelSkill2OrderValue\":\"311,313,432,431,312\",\"channelSkill2Order\":{\"Cu\":true,\"FC\":true,\"AF\":true,\"He\":true,\"Re\":true},\"buffSkillOrderValue\":\"Re,He\",\"buffSkillOrder\":{\"He\":true,\"Re\":true},\"buffSkill\":{\"HD\":true,\"MD\":true,\"SD\":true,\"He\":true,\"Re\":true,\"Ab\":true},\"buffSkillHDCondition\":{\"0\":[\"hp,2,70\"]},\"buffSkillMDCondition\":{\"0\":[\"hp,2,70\"]},\"buffSkillSDCondition\":{\"0\":[\"sp,2,70\"]},\"buffSkillHeCondition\":{\"0\":[\"_buffTurn_,2,2\"]},\"buffSkillReCondition\":{\"0\":[\"hp,2,80\"]},\"buffSkillAbCondition\":{\"0\":[\"_buffTurn_,2,1\"]},\"debuffSkillOrderValue\":\"Slo,Im,Si,Dr,We,MN,Bl\",\"debuffSkillOrder\":{\"Bl\":true,\"Slo\":true,\"Im\":true,\"MN\":true,\"Si\":true,\"Dr\":true,\"We\":true},\"debuffSkill\":{\"Bl\":true,\"Slo\":true,\"Im\":true,\"MN\":true,\"Si\":true,\"Dr\":true,\"We\":true},\"debuffSkillBlCondition\":{\"0\":[\"monsterAlive,4,bossAll\",\"_buffTurn_,2,1\",\"mp,1,50\"]},\"debuffSkillWeSlondition\":{\"0\":[\"monsterAlive,4,bossAll\",\"_buffTurn_,2,1\",\"mp,1,50\"]},\"debuffSkillImCondition\":{\"0\":[\"monsterAlive,4,bossAll\",\"_buffTurn_,2,1\",\"mp,1,50\"]},\"debuffSkillMNCondition\":{\"0\":[\"monsterAlive,4,bossAll\",\"_buffTurn_,2,1\",\"mp,1,50\"]},\"debuffSkillSiCondition\":{\"0\":[\"monsterAlive,4,bossAll\",\"_buffTurn_,2,1\",\"mp,1,50\"]},\"debuffSkillDrCondition\":{\"0\":[\"monsterAlive,4,bossAll\",\"_buffTurn_,2,1\",\"mp,1,50\"]},\"debuffSkillWeCondition\":{\"0\":[\"monsterAlive,4,bossAll\",\"_buffTurn_,2,1\",\"mp,1,50\"]},\"debuffSkillTurn\":{\"Sle\":0,\"Bl\":1,\"Slo\":1,\"Im\":1,\"MN\":1,\"Si\":1,\"Dr\":1,\"We\":1,\"Co\":0},\"skillOrderValue\":\"OFC,T3,T2,T1\",\"skillOrder\":{\"OFC\":true,\"T3\":true,\"T2\":true,\"T1\":true},\"skill\":{\"OFC\":true,\"T3\":true,\"T2\":true,\"T1\":true},\"skillOFCCondition\":{\"0\":[\"oc,1,200\"]},\"fightingStyle\":\"2\",\"mercifulBlow\":true,\"skillT3Condition\":{\"0\":[\"oc,2,200\"]},\"skillT2Condition\":{\"0\":[\"oc,2,200\"]},\"skillT1Condition\":{\"0\":[\"oc,2,200\"]},\"weight\":{\"Sle\":5,\"Bl\":3,\"Slo\":3,\"Im\":-5,\"MN\":-4,\"Si\":-4,\"Dr\":-4,\"We\":-4,\"Co\":-1,\"CM\":-5,\"Stun\":-4,\"PA\":-4,\"BW\":-4},\"dropQuality\":\"5\",\"roundNow\":\"1\",\"roundAll\":\"1\"}","staminaLostLog":"o{\"2020/4/9 22:39:57\":3,\"2020/4/10 18:30:53\":3,\"2020/4/12 11:51:28\":3,\"2020/4/17 17:00:58\":1,\"2020/4/18 13:37:48\":2,\"2020/4/21 20:17:45\":1,\"2020/4/26 17:30:38\":1,\"2020/4/27 23:26:40\":2,\"2020/4/29 10:04:32\":2,\"2020/4/29 17:13:03\":3,\"2020/5/3 18:45:45\":1,\"2020/5/10 19:14:15\":2,\"2020/5/16 18:26:48\":1,\"2020/5/17 14:26:41\":2,\"2020/5/17 14:35:14\":3,\"2020/5/17 15:51:12\":5,\"2020/5/18 11:20:11\":5,\"2020/5/19 11:16:31\":7,\"2020/5/19 17:03:28\":3,\"2020/5/19 17:25:12\":5}","stats":"o{\"self\":{\"_startTime\":\"2020/4/9 21:38:57\",\"_turn\":629326,\"_round\":15639,\"_battle\":550,\"_monster\":79970,\"_boss\":439,\"evade\":625870,\"miss\":58411,\"focus\":0,\"attack\":506019,\"spirit\":13619},\"restore\":{\"魔力 药水\":352480,\"Regen\":291326821,\"Mana Potion\":5740427,\"Replenishment\":2040461,\"Regeneration\":28681515,\"Mana Gem\":240495,\"Health Gem\":3621655,\"Refreshment\":430046,\"Cure\":25448938,\"Spirit Gem\":86693,\"drain\":9910955,\"Mana Elixir\":50805,\"Spirit Potion\":596,\"完全治愈术\":52964,\"Full-Cure\":129797,\"Health Potion\":13779,\"undefined\":701},\"items\":{\"魔力 药水\":504,\"Mana Potion\":8208,\"Health Draught\":2853,\"Mana Draught\":2884,\"Mana Gem\":516,\"Health Gem\":479,\"Spirit Draught\":737,\"Mystic Gem\":478,\"Spirit Gem\":423,\"体力 长效药\":41,\"Mana Elixir\":29,\"Spirit Potion\":1,\"灵力 长效药\":5,\"Health Potion\":1},\"magic\":{\"Heartseeker\":1278,\"Slow\":56897,\"Regen\":3142,\"Orbital Friendship Cannon\":11736,\"Shield Bash\":6543,\"Merciful Blow\":3299,\"Vital Strike\":3280,\"Cure\":2446,\"Imperil\":2215,\"Silence\":605,\"Drain\":569,\"Weaken\":2534,\"MagNet\":486,\"Blind\":352,\"完全治愈术\":3,\"Full-Cure\":7,\"缓慢\":1},\"damage\":{\"spike shield\":21558913,\"counter\":1480560383,\"Holy Strike\":825906177,\"crit\":2997088015,\"hit\":2159162192,\"Orbital Friendship Cannon\":6336035820,\"Shield Bash\":117702820,\"Merciful Blow\":458981110,\"Vital Strike\":319994916,\"Bleeding Wound\":14327612,\"Vital Theft\":1245555,\"Terra\":835},\"hurt\":{\"mp\":8460824,\"oc\":120187,\"_avg\":1436,\"_count\":243950,\"_total\":350279046,\"_mavg\":2937,\"_mcount\":28657,\"_mtotal\":84165406,\"_pavg\":1236,\"_pcount\":215293,\"_ptotal\":266113640,\"crush\":120424075,\"pierc\":100603185,\"fire\":13224205,\"spirit shield_spirit\":423730,\"wind\":12077192,\"void\":28256174,\"elec\":13308234,\"slash\":47412161,\"dark\":10761223,\"cold\":9389043,\"holy\":32937737},\"proficiency\":{\"supportive magic\":5.248,\"deprecating magic\":5.267,\"heavy armor\":5.246,\"one-handed weapon\":5.246,\"forbidden magic\":11.046,\"divine magic\":11.046,\"elemental magic\":11.046,\"light armor\":11.047,\"cloth armor\":11.046,\"staff\":11.046,\"dual wielding\":11.046,\"two-handed weapon\":11.046}}","url":"shttps://hentaiverse.org"},"ts":1589883110464}