{"options":{"awareOfChrome":false,"check_for_updates":true,"comment":null,"compat_arrayleft":false,"compat_foreach":false,"compat_forvarin":false,"compat_metadata":false,"compat_uW_gmonkey":false,"compat_wrappedjsobject":false,"compatopts_for_requires":true,"noframes":null,"override":{"merge_connects":true,"merge_excludes":true,"merge_includes":true,"merge_matches":true,"orig_excludes":[],"orig_includes":[],"orig_matches":["*://live.bilibili.com/*","*://www.douyu.com/*","*://yuyuyzl.github.io/BiliDMFilter/*","*://localhost*BiliDMFilter/*"],"orig_noframes":null,"orig_run_at":"document-idle","use_blockers":[],"use_connects":[],"use_excludes":[],"use_includes":[],"use_matches":[]},"run_at":null},"settings":{"enabled":false,"position":6},"meta":{"name":"Bilibili Live Danmaku Filter","uuid":"8bbd018e-dfe0-4084-971c-c5791c2a5b04","modified":1580092250337,"file_url":"https://greasyfork.org/scripts/386759-bilibili-live-danmaku-filter/code/Bilibili%20Live%20Danmaku%20Filter.user.js"}}