{"data":{"CatPW":"o{\"date\":\"2020/5/20\",\"sCode\":\"\",\"unPW\":\"%22%3A%22%5Cu5bc6%5Cu7801%5Cu5fc5%5Cu987b%5Cu4e3a6~32%5Cu4e2a%5Cu5b57%5Cu7b26%22%2C%22passcheck%22%3A%22%5Cu4e24%5Cu6b21%5Cu5bc6%5Cu7801%5Cu8f93%5Cu5165%5Cu4e0d%5Cu4e00%5Cu81f4%22%2C%22phone%22%3A%22%5Cu8bf7%5Cu8f93%5Cu5165%5Cu6b63%5Cu786e%5Cu7684%5Cu624b%5Cu673a%5Cu53f7%5Cu7801%22%2C%22sms_code%22%3A%22%5Cu9a8c%5Cu8bc1%5Cu7801%5Cu9519%5Cu8bef%22%2C%22captcha_verify%22%3A%22%5Cu8bf7%5Cu70b9%5Cu51fb%5Cu6309%5Cu94ae%5Cu8fdb%5Cu884c%5Cu9a8c%5Cu8bc1%22%2C%22captcha_fail%22%3A%22%5Cu70b9%5Cu51fb%5Cu9a8c%5Cu8bc1%5Cu5931%5Cu8d25%5Cuff0c%5Cu8bf7%5Cu91cd%5Cu8bd5%22%2C%22nonce%22%3A%22%5Cu968f%5Cu673a%5Cu6570%5Cu6821%5Cu9a8c%5Cu5931%5Cu8d25%22%2C%22req_error%22%3A%22%5Cu8bf7%5Cu6c42%5Cu5931%5Cu8d25%22%7D%7D%3B\",\"Src\":\"https://lanzous.com/b00ze15ab\",\"surl\":\"\",\"Hash\":\"#y9x2\",\"webSrc\":\"https%3A%2F%2Fwww.ghpym.com%2Fyxkhj.html\",\"webTitle\":\"%E5%BE%AE%E8%BD%AF%E5%B8%B8%E7%94%A8%E8%BF%90%E8%A1%8C%E5%BA%93%E5%90%88%E9%9B%862020(5.20)%20%E4%BA%94%E6%9C%88%E7%89%88%20-%20%E6%9E%9C%E6%A0%B8%E5%89%A5%E5%A3%B3\"}","CatPW_Manage":"o{\"StorageSave\":true,\"UpdataConfig\":{\"UpdataSave\":true,\"UpdataNotify\":true,\"UpdataPlugin\":true,\"UpdataVersion\":\"3.12.7\"},\"StorageExp\":365}"},"ts":1589938197116}