{"data":{"CatPW":"o{\"date\":\"2020/6/14\",\"sCode\":\"\",\"unPW\":\"\",\"Src\":\"https://wwa.lanzous.com/iZzi2doa7ba\",\"surl\":\"\",\"Hash\":\"\",\"webSrc\":\"http%3A%2F%2Fbbs.pcbeta.com%2Fviewthread-1860764-1-1.html\",\"webTitle\":\"%E5%88%9A%E5%88%9A%E4%B8%8B%E8%BD%BD%E4%B8%8B%E6%9D%A5%E7%9A%84%E6%94%B6%E8%B4%B9%E9%BC%A0%E6%A0%87%E6%8C%87%E9%92%88paragon_v3_color%EF%BC%8C%E5%85%8D%E8%B4%B9%E6%8F%90%E4%BE%9B%E4%B8%8B%E8%BD%BD-%E8%BF%9C%E6%99%AF%E8%AE%BA%E5%9D%9B-%E5%BE%AE%E8%BD%AF%E6%9E%81%E5%AE%A2%E7%A4%BE%E5%8C%BA\"}","CatPW_Manage":"o{\"StorageSave\":true,\"UpdataConfig\":{\"UpdataSave\":true,\"UpdataNotify\":true,\"UpdataPlugin\":true,\"UpdataVersion\":\"3.12.7\"},\"StorageExp\":365}"},"ts":1592145991356}