{"data":{"CatPW":"o{\"date\":\"2020/6/24\",\"sCode\":\"\",\"unPW\":\"\",\"Src\":\"https://pan.baidu.com/s/1i2ISCovByC774AgOJMHnhQ\",\"surl\":\"\",\"Hash\":\"#nedf\",\"webSrc\":\"https%3A%2F%2Fgithub.com%2FAaronFeng753%2FWaifu2x-Extension-GUI%2Freleases\",\"webTitle\":\"Releases%20%C2%B7%20AaronFeng753%2FWaifu2x-Extension-GUI\"}","CatPW_Manage":"o{\"StorageSave\":true,\"UpdataConfig\":{\"UpdataSave\":true,\"UpdataNotify\":true,\"UpdataPlugin\":true,\"UpdataVersion\":\"3.12.7\"},\"StorageExp\":\"999\"}"},"ts":1593002664399}