{"data":{"historyRecommend":"s[{\"title\":\"贫困山区无父无母的孩子，从没吃过这样的饭，狼吞虎咽让人心酸\",\"cover\":\"https://i1.hdslb.com/bfs/archive/0c5741aa563f6dc2b242f7b5d76b4d57ea9ec340.png\",\"uri\":\"bilibili://video/499476014\",\"param\":\"499476014\",\"goto\":\"av\",\"desc\":\"1418弹幕\",\"play\":433041,\"danmaku\":1418,\"reply\":1973,\"favorite\":3675,\"coin\":27335,\"share\":578,\"like\":29644,\"duration\":298,\"idx\":1599014532,\"cid\":230774107,\"tid\":21,\"tname\":\"日常\",\"tag\":{\"tag_id\":146486,\"tag_name\":\"贫困山区\",\"count\":{\"atten\":4}},\"dislike_reasons\":[{\"reason_id\":4,\"reason_name\":\"UP主:游善二哈\"},{\"reason_id\":2,\"reason_name\":\"分区:日常\"},{\"reason_id\":3,\"reason_name\":\"标签:贫困山区\"},{\"reason_id\":1,\"reason_name\":\"不感兴趣\"}],\"ctime\":1598839416,\"autoplay\":1,\"mid\":472200038,\"name\":\"游善二哈\",\"face\":\"http://i1.hdslb.com/bfs/face/931267967a5580ba10c08ebfb723fd65a9ea6213.jpg\",\"autoplay_card\":2},{\"title\":\"【不要吐挑战】\",\"cover\":\"https://i2.hdslb.com/bfs/archive/99b1f3476445c6b85331e7e2c9c2427543a84924.jpg\",\"uri\":\"bilibili://video/541890547\",\"param\":\"541890547\",\"goto\":\"av\",\"desc\":\"13277弹幕\",\"play\":189118,\"danmaku\":13277,\"reply\":1450,\"favorite\":1943,\"coin\":4752,\"share\":4388,\"like\":25355,\"duration\":327,\"idx\":1599014531,\"cid\":231260551,\"tid\":138,\"tname\":\"搞笑\",\"tag\":{\"tag_id\":1833,\"tag_name\":\"搞笑\",\"count\":{\"atten\":2015491}},\"dislike_reasons\":[{\"reason_id\":4,\"reason_name\":\"UP主:甘子七\"},{\"reason_id\":2,\"reason_name\":\"分区:搞笑\"},{\"reason_id\":3,\"reason_name\":\"标签:搞笑\"},{\"reason_id\":1,\"reason_name\":\"不感兴趣\"}],\"ctime\":1598958044,\"autoplay\":1,\"mid\":406517693,\"name\":\"甘子七\",\"face\":\"http://i0.hdslb.com/bfs/face/581b738b2ccc842fc3f93bce3f5bc598febcd4b2.jpg\",\"official\":{\"role\":1,\"title\":\"bilibili 知名搞笑UP主\"}},{\"title\":\"疯狂被插嘴の老大哥\",\"cover\":\"https://i1.hdslb.com/bfs/archive/de267a1915c6f748432bef320a4cf0a380b2a814.jpg\",\"uri\":\"bilibili://video/244429955\",\"param\":\"244429955\",\"goto\":\"av\",\"desc\":\"282弹幕\",\"play\":345268,\"danmaku\":282,\"reply\":611,\"favorite\":9649,\"coin\":6381,\"share\":4726,\"like\":19642,\"duration\":52,\"idx\":1599014530,\"cid\":230386753,\"tid\":138,\"tname\":\"搞笑\",\"tag\":{\"tag_id\":38920,\"tag_name\":\"海军\",\"count\":{\"atten\":37025}},\"dislike_reasons\":[{\"reason_id\":4,\"reason_name\":\"UP主:小猪要吃好果子\"},{\"reason_id\":2,\"reason_name\":\"分区:搞笑\"},{\"reason_id\":3,\"reason_name\":\"标签:海军\"},{\"reason_id\":1,\"reason_name\":\"不感兴趣\"}],\"ctime\":1598752859,\"autoplay\":1,\"mid\":445423006,\"name\":\"小猪要吃好果子\",\"face\":\"http://i2.hdslb.com/bfs/face/7c894914d2db62466e6c0da2cad66f73c23e7e86.jpg\"},{\"title\":\"188cm乌克兰女孩\\\"唱双簧\\\"？拉上中国老公解说自画像\",\"cover\":\"https://i2.hdslb.com/bfs/archive/7479648a3cc8ceb49a1c007ac0278b49d6df94ac.jpg\",\"uri\":\"bilibili://video/371904573\",\"param\":\"371904573\",\"goto\":\"av\",\"desc\":\"1162弹幕\",\"play\":104797,\"danmaku\":1162,\"reply\":531,\"favorite\":2968,\"coin\":12040,\"share\":113,\"like\":15194,\"duration\":285,\"idx\":1599014529,\"cid\":230887245,\"tid\":21,\"tname\":\"日常\",\"tag\":{\"tag_id\":2800,\"tag_name\":\"绘画\",\"count\":{\"atten\":605208}},\"dislike_reasons\":[{\"reason_id\":4,\"reason_name\":\"UP主:卡琳娜和揉西\"},{\"reason_id\":2,\"reason_name\":\"分区:日常\"},{\"reason_id\":3,\"reason_name\":\"标签:绘画\"},{\"reason_id\":1,\"reason_name\":\"不感兴趣\"}],\"ctime\":1598861303,\"autoplay\":1,\"mid\":212630840,\"name\":\"卡琳娜和揉西\",\"face\":\"http://i1.hdslb.com/bfs/face/0f0f42be240c26f2c07319f2147277dcaa4cc2ad.jpg\",\"official\":{\"role\":2,\"title\":\"美妆时尚UP主卡琳娜\"}},{\"title\":\"【茶茶】拜登：性骚扰，老年痴呆，和儿子一起贪污，拜登的黑点可不比川普少！\",\"cover\":\"https://i1.hdslb.com/bfs/archive/c7f053114ed3277bf4867a6cb9639e93a5b94b0b.jpg\",\"uri\":\"bilibili://video/626942630\",\"param\":\"626942630\",\"goto\":\"av\",\"desc\":\"6178弹幕\",\"play\":808817,\"danmaku\":6178,\"reply\":1862,\"favorite\":8472,\"coin\":21189,\"share\":3575,\"like\":76253,\"duration\":634,\"idx\":1599014528,\"cid\":229387692,\"tid\":124,\"tname\":\"社科人文\",\"tag\":{\"tag_id\":64141,\"tag_name\":\"希拉里\",\"count\":{\"atten\":98}},\"dislike_reasons\":[{\"reason_id\":4,\"reason_name\":\"UP主:一只姜茶茶\"},{\"reason_id\":2,\"reason_name\":\"分区:社科人文\"},{\"reason_id\":3,\"reason_name\":\"标签:希拉里\"},{\"reason_id\":1,\"reason_name\":\"不感兴趣\"}],\"ctime\":1598529646,\"autoplay\":1,\"mid\":279546736,\"name\":\"一只姜茶茶\",\"face\":\"http://i0.hdslb.com/bfs/face/73252c60a0132602e7d86f8205d116fc16ad6e72.jpg\",\"official\":{\"role\":1,\"title\":\"bilibili 知名科普UP主\"}},{\"title\":\"王者荣耀大仙，看战队打比赛，跟大家聊一下战队教练\",\"cover\":\"https://i0.hdslb.com/bfs/archive/212a7b4bc17dc9d38480e2f2004dc74b3e74ba89.jpg\",\"uri\":\"bilibili://video/286904961\",\"param\":\"286904961\",\"goto\":\"av\",\"desc\":\"4750弹幕\",\"play\":221966,\"danmaku\":4750,\"reply\":844,\"favorite\":616,\"coin\":1215,\"share\":144,\"like\":16780,\"duration\":3170,\"idx\":1599014527,\"cid\":231152473,\"tid\":171,\"tname\":\"电子竞技\",\"tag\":{\"tag_id\":1833,\"tag_name\":\"搞笑\",\"count\":{\"atten\":2015491}},\"dislike_reasons\":[{\"reason_id\":4,\"reason_name\":\"UP主:指法芬芳张大仙\"},{\"reason_id\":2,\"reason_name\":\"分区:电子竞技\"},{\"reason_id\":3,\"reason_name\":\"标签:搞笑\"},{\"reason_id\":1,\"reason_name\":\"不感兴趣\"}],\"ctime\":1598935706,\"autoplay\":1,\"mid\":1935882,\"name\":\"指法芬芳张大仙\",\"face\":\"http://i0.hdslb.com/bfs/face/6426336744dd49a744eca32855808073988bd2ce.jpg\",\"official\":{\"role\":2,\"title\":\"知名游戏主播张大仙\"}},{\"title\":\"王炳忠：大陆军机一直来只好赶快买美猪？台湾开放瘦肉精交换到什么？\",\"cover\":\"https://i2.hdslb.com/bfs/archive/267d4b248c5095c6be4b7f87869b61370414d30b.jpg\",\"uri\":\"bilibili://video/884431344\",\"param\":\"884431344\",\"goto\":\"av\",\"desc\":\"1248弹幕\",\"play\":58198,\"danmaku\":1248,\"reply\":574,\"favorite\":1020,\"coin\":5373,\"share\":128,\"like\":7217,\"duration\":1270,\"idx\":1599014526,\"cid\":231215877,\"tid\":203,\"tname\":\"热点\",\"tag\":{\"tag_id\":182518,\"tag_name\":\"马英九\",\"count\":{\"atten\":61}},\"dislike_reasons\":[{\"reason_id\":4,\"reason_name\":\"UP主:王炳忠台湾\"},{\"reason_id\":2,\"reason_name\":\"分区:热点\"},{\"reason_id\":3,\"reason_name\":\"标签:马英九\"},{\"reason_id\":1,\"reason_name\":\"不感兴趣\"}],\"ctime\":1598951949,\"autoplay\":1,\"mid\":645967389,\"name\":\"王炳忠台湾\",\"face\":\"http://i2.hdslb.com/bfs/face/9fb69fbb1c11d350338c73487c661ac753b44d0a.jpg\",\"official\":{\"role\":2,\"title\":\"台湾统派工作者，新党发言人、副秘书长\",\"desc\":\"《我是台湾人 更是中国人》作者\"}},{\"title\":\"【有栖Mana】黑白狐的回归直播~！\",\"cover\":\"https://i1.hdslb.com/bfs/archive/b84362282c0ad985801964535445a8c6d1fbcabb.jpg\",\"uri\":\"bilibili://video/884449445\",\"param\":\"884449445\",\"goto\":\"av\",\"desc\":\"1252弹幕\",\"play\":37918,\"danmaku\":1252,\"reply\":1206,\"favorite\":2477,\"coin\":4339,\"share\":1010,\"like\":6824,\"duration\":4218,\"idx\":1599014525,\"cid\":231395644,\"tid\":27,\"tname\":\"综合\",\"tag\":{\"tag_id\":6401936,\"tag_name\":\"VTuber\",\"count\":{\"atten\":26202}},\"dislike_reasons\":[{\"reason_id\":4,\"reason_name\":\"UP主:有栖Mana_Official\"},{\"reason_id\":2,\"reason_name\":\"分区:综合\"},{\"reason_id\":3,\"reason_name\":\"标签:VTuber\"},{\"reason_id\":1,\"reason_name\":\"不感兴趣\"}],\"ctime\":1599003117,\"autoplay\":1,\"mid\":3149619,\"name\":\"有栖Mana_Official\",\"face\":\"http://i1.hdslb.com/bfs/face/7cf821b9064208ca0dd4a084bb77483d313ecce2.jpg\",\"official\":{\"role\":1,\"title\":\"bilibili 知名UP主\"}},{\"title\":\"【刘老师】931亿韩元票房的神作，续集却被观众狂骂！深度分析《釜山行2:半岛》为啥就扑街了呢？\",\"cover\":\"https://i0.hdslb.com/bfs/archive/502bb41b931453199e862871182a5deda042459b.jpg\",\"uri\":\"bilibili://video/926897621\",\"param\":\"926897621\",\"goto\":\"av\",\"desc\":\"1241弹幕\",\"play\":240454,\"danmaku\":1241,\"reply\":633,\"favorite\":1161,\"coin\":1589,\"share\":367,\"like\":19170,\"duration\":553,\"idx\":1599014524,\"cid\":231161328,\"tid\":182,\"tname\":\"影视杂谈\",\"tag\":{\"tag_id\":8026640,\"tag_name\":\"釜山行2\",\"count\":{\"atten\":11}},\"dislike_reasons\":[{\"reason_id\":4,\"reason_name\":\"UP主:刘老师说电影\"},{\"reason_id\":2,\"reason_name\":\"分区:影视杂谈\"},{\"reason_id\":3,\"reason_name\":\"标签:釜山行2\"},{\"reason_id\":1,\"reason_name\":\"不感兴趣\"}],\"ctime\":1598956255,\"autoplay\":1,\"mid\":79061224,\"name\":\"刘老师说电影\",\"face\":\"http://i1.hdslb.com/bfs/face/145226ff2d32d7c99b8ea3591ffec2f38fc9d3d3.jpg\",\"official\":{\"role\":1,\"title\":\"bilibili 2019百大UP主、 知名影视UP主\"}},{\"title\":\"我就受贿六百万，我这是清官啊，还有谁比我清廉？\",\"cover\":\"https://i2.hdslb.com/bfs/archive/9802e1efbc7fecf0852ea9d18e7949aea376ffd8.jpg\",\"uri\":\"bilibili://video/754384011\",\"param\":\"754384011\",\"goto\":\"av\",\"desc\":\"5252弹幕\",\"play\":849270,\"danmaku\":5252,\"reply\":1288,\"favorite\":6690,\"coin\":19069,\"share\":970,\"like\":53038,\"duration\":165,\"idx\":1599014523,\"cid\":228808546,\"tid\":124,\"tname\":\"社科人文\",\"tag\":{\"tag_id\":1221581,\"tag_name\":\"互动视频\",\"count\":{\"atten\":278055}},\"dislike_reasons\":[{\"reason_id\":4,\"reason_name\":\"UP主:学海无涯互动君\"},{\"reason_id\":2,\"reason_name\":\"分区:社科人文\"},{\"reason_id\":3,\"reason_name\":\"标签:互动视频\"},{\"reason_id\":1,\"reason_name\":\"不感兴趣\"}],\"ctime\":1598587238,\"mid\":2864911,\"name\":\"学海无涯互动君\",\"face\":\"http://i0.hdslb.com/bfs/face/4e042e9d10c21418a509e6045f188d223346d95f.jpg\"}]"},"ts":1599014524201}