{"data":{"CatPW":"o{\"date\":\"2020/9/2\",\"sCode\":\"\",\"unPW\":\"%E5%95%A5%EF%BC%8C%E8%BF%99%E4%B8%AA%E7%BD%91%E7%9B%98%E7%9A%84%E6%96%87%E4%BB%B6%E5%88%B0%E5%BA%95%E6%98%AF%E5%93%AA%E4%B8%AA%E7%BD%91%E7%AB%99%E4%B8%8B%E8%BD%BD%E7%9A%84%EF%BC%81%EF%BC%81%EF%BC%81%EF%BC%81%EF%BC%81%0A%E4%BA%8E%E6%98%AF%E3%80%90%E5%A8%81%E5%8A%9B%E5%8A%A0%E5%BC%BA%E7%89%88%E3%80%91%E8%AF%9E%E7%94%9F%E4%BA%86%0A%0A%E5%AE%8C%E5%85%A8%E4%BD%93%E5%BF%85%E9%A1%BB%E4%BD%BF%E7%94%A8%E6%94%AF%E6%8C%81\",\"Src\":\"https://pan.baidu.com/s/1kVgPgUj\",\"surl\":\"\",\"Hash\":\"#qtr5\",\"webSrc\":\"https%3A%2F%2Fopenuserjs.org%2Fscripts%2FHKMHD%2F%25E7%25BD%2591%25E7%259B%2598%25E8%2587%25AA%25E5%258A%25A8%25E5%25A1%25AB%25E5%2586%2599%25E8%25AE%25BF%25E9%2597%25AE%25E7%25A0%2581%25E3%2580%2590%25E5%25A8%2581%25E5%258A%259B%25E5%258A%25A0%25E5%25BC%25BA%25E7%2589%2588%25E3%2580%2591\",\"webTitle\":\"About%20%7C%20%E7%BD%91%E7%9B%98%E8%87%AA%E5%8A%A8%E5%A1%AB%E5%86%99%E8%AE%BF%E9%97%AE%E7%A0%81%E3%80%90%E5%A8%81%E5%8A%9B%E5%8A%A0%E5%BC%BA%E7%89%88%E3%80%91%20%7C%20Userscripts%20%7C%20OpenUserJS\"}","CatPW_Manage":"o{\"StorageSave\":true,\"UpdataConfig\":{\"UpdataSave\":true,\"UpdataNotify\":true,\"UpdataPlugin\":true,\"UpdataVersion\":\"3.12.8\"},\"StorageExp\":\"999\"}"},"ts":1599044029249}