{"data":{"backup":"o{\"西洋剑盾\":{\"version\":\"2.90\",\"lang\":\"0\",\"buffSkillSwitch\":true,\"debuffSkillSwitch\":true,\"skillSwitch\":true,\"dropMonitor\":true,\"recordUsage\":true,\"hp1\":75,\"mp1\":75,\"sp1\":75,\"attackStatus\":0,\"pauseButton\":true,\"pauseHotkey\":true,\"pauseHotkeyStr\":\" \",\"pauseHotkeyCode\":32,\"notification\":true,\"riddleRadio\":true,\"turnOnSS\":true,\"turnOnSSCondition\":{\"0\":[\"oc,1,249\"]},\"delayAlertTime\":0,\"delayReloadTime\":0,\"riddleAnswerTime\":5,\"staminaLose\":5,\"staminaPause\":true,\"staminaWarn\":true,\"idleArenaTime\":60,\"idleArenaLevels\":\"GF\",\"idleArenaValue\":\"gr\",\"arLevel\":{\"GF\":true},\"idleArenaGrTime\":999,\"repairValue\":0,\"autoPause\":true,\"pauseCondition\":{\"0\":[\"hp,2,30\"]},\"staminaLow\":30,\"delay\":200,\"delay2\":30,\"itemOrderName\":\"Cure,FC,HP,MP,SP,ME\",\"itemOrderValue\":\"311,313,11195,11295,11395,11299\",\"itemOrder\":{\"Cure\":true,\"FC\":true,\"HP\":true,\"MP\":true,\"ME\":true,\"SP\":true},\"item\":{\"Cure\":true,\"FC\":true,\"HP\":true,\"MP\":true,\"ME\":true,\"SP\":true},\"itemCureCondition\":{\"0\":[\"hp,2,60\"]},\"itemFCCondition\":{\"0\":[\"hp,2,40\"]},\"itemHPCondition\":{\"0\":[\"hp,2,50\"]},\"itemMPCondition\":{\"0\":[\"mp,2,50\"]},\"itemMECondition\":{\"0\":[\"mp,2,10\"]},\"itemSPCondition\":{\"0\":[\"sp,2,50\"]},\"channelSkill\":{\"AF\":true,\"He\":true,\"Re\":true},\"channelSkill2\":true,\"channelSkill2OrderName\":\"Cu,FC,AF,He,Re\",\"channelSkill2OrderValue\":\"311,313,432,431,312\",\"channelSkill2Order\":{\"Cu\":true,\"FC\":true,\"AF\":true,\"He\":true,\"Re\":true},\"buffSkillOrderValue\":\"Re,He\",\"buffSkillOrder\":{\"He\":true,\"Re\":true},\"buffSkill\":{\"HD\":true,\"MD\":true,\"SD\":true,\"He\":true,\"Re\":true,\"Ab\":true},\"buffSkillHDCondition\":{\"0\":[\"hp,2,70\"]},\"buffSkillMDCondition\":{\"0\":[\"hp,2,70\"]},\"buffSkillSDCondition\":{\"0\":[\"sp,2,70\"]},\"buffSkillHeCondition\":{\"0\":[\"_buffTurn_,2,2\"]},\"buffSkillReCondition\":{\"0\":[\"hp,2,80\"]},\"buffSkillAbCondition\":{\"0\":[\"_buffTurn_,2,1\"]},\"debuffSkillOrderValue\":\"Slo,Im,Si,Dr,We,MN,Bl\",\"debuffSkillOrder\":{\"Bl\":true,\"Slo\":true,\"Im\":true,\"MN\":true,\"Si\":true,\"Dr\":true,\"We\":true},\"debuffSkill\":{\"Bl\":true,\"Slo\":true,\"Im\":true,\"MN\":true,\"Si\":true,\"Dr\":true,\"We\":true},\"debuffSkillBlCondition\":{\"0\":[\"monsterAlive,4,bossAll\",\"_buffTurn_,2,1\",\"mp,1,50\"]},\"debuffSkillWeSlondition\":{\"0\":[\"monsterAlive,4,bossAll\",\"_buffTurn_,2,1\",\"mp,1,50\"]},\"debuffSkillImCondition\":{\"0\":[\"monsterAlive,4,bossAll\",\"_buffTurn_,2,1\",\"mp,1,50\"]},\"debuffSkillMNCondition\":{\"0\":[\"monsterAlive,4,bossAll\",\"_buffTurn_,2,1\",\"mp,1,50\"]},\"debuffSkillSiCondition\":{\"0\":[\"monsterAlive,4,bossAll\",\"_buffTurn_,2,1\",\"mp,1,50\"]},\"debuffSkillDrCondition\":{\"0\":[\"monsterAlive,4,bossAll\",\"_buffTurn_,2,1\",\"mp,1,50\"]},\"debuffSkillWeCondition\":{\"0\":[\"monsterAlive,4,bossAll\",\"_buffTurn_,2,1\",\"mp,1,50\"]},\"debuffSkillTurn\":{\"Sle\":0,\"Bl\":1,\"Slo\":1,\"Im\":1,\"MN\":1,\"Si\":1,\"Dr\":1,\"We\":1,\"Co\":0},\"skillOrderValue\":\"OFC,T3,T2,T1\",\"skillOrder\":{\"OFC\":true,\"T3\":true,\"T2\":true,\"T1\":true},\"skill\":{\"OFC\":true,\"T3\":true,\"T2\":true,\"T1\":true},\"skillOFCCondition\":{\"0\":[\"oc,1,200\"]},\"fightingStyle\":\"2\",\"mercifulBlow\":true,\"skillT3Condition\":{\"0\":[\"oc,2,200\"]},\"skillT2Condition\":{\"0\":[\"oc,2,200\"]},\"skillT1Condition\":{\"0\":[\"oc,2,200\"]},\"weight\":{\"Sle\":5,\"Bl\":3,\"Slo\":3,\"Im\":-5,\"MN\":-4,\"Si\":-4,\"Dr\":-4,\"We\":-4,\"Co\":-1,\"CM\":-5,\"Stun\":-4,\"PA\":-4,\"BW\":-4},\"dropQuality\":\"5\",\"roundNow\":\"1\",\"roundAll\":\"1\"}}","drop":"o{\"#startTime\":\"2020/4/9 21:39:42\",\"#EXP\":11573669452,\"#Credit\":369359,\"Crystal of Devotion\":804,\"Monster Chow\":294,\"Mana Draught\":445,\"Crystal of Vigor\":762,\"Crystal of Fortitude\":804,\"Crystal of Frost\":762,\"Mana Potion\":135,\"Health Draught\":414,\"Crystal of Lightning\":774,\"Scroll of Life\":9,\"Spirit Draught\":157,\"Health Potion\":129,\"Crystal of Flames\":762,\"Hoarded Disinfecting Wipes\":9,\"Crystal of Knowledge\":870,\"Crystal of Cunning\":726,\"Monster Edibles\":252,\"Scroll of Absorption\":22,\"Crystal of Swiftness\":804,\"Monster Cuisine\":207,\"Chaos Token\":19,\"Aether Shard\":2,\"Crystal of Tempest\":786,\"Crystal of Corruption\":672,\"Featherweight Shard\":7,\"Crystal of Finesse\":720,\"Scroll of Shadows\":23,\"Infusion of Darkness\":12,\"Bunny-Girl Costume\":4,\"Soul Fragments\":34,\"Scroll of Protection\":13,\"Scroll of the Avatar\":6,\"Infusion of Lightning\":4,\"Infusion of Storms\":9,\"Spirit Potion\":39,\"Dalek Voicebox\":8,\"Mithra's Flower\":9,\"ManBearPig Tail\":8,\"Hoarded Hand Sanitizer\":10,\"Health Elixir\":7,\"Scroll of the Gods\":4,\"Precursor Artifact\":13,\"Mana Elixir\":14,\"Sapling\":4,\"Scroll of Swiftness\":11,\"Happy Pills\":7,\"Hinamatsuri Doll\":7,\"Infusion of Divinity\":3,\"Lock of Blue Hair\":3,\"Holy Hand Grenade of Antioch\":11,\"Voidseeker Shard\":3,\"Token of Blood\":13,\"Broken Glasses\":3,\"Noodly Appendage\":3,\"Spirit Elixir\":5,\"Infusion of Flames\":6,\"Amnesia Shard\":3,\"Equipment of Magnificent\":3,\"Infusion of Frost\":5,\"Bubble-Gum\":1,\"Big Macintosh Figurine\":1}","lastEncounter":"shttps://hentaiverse.org/?s=Battle&ss=ba&encounter=MzMyMTQ2NS0xNTg2NTE3NTk3LWEwNjg3MjFmMjc4NjZmNDJjYTIzMDBlMDFlNzY4YjRiYjRhYTA1OGM=","monsterStatus":"o[{\"order\":0,\"id\":1,\"hp\":126218,\"isDead\":false,\"hpNow\":122011},{\"order\":1,\"id\":2,\"hp\":97819,\"isDead\":false,\"hpNow\":79071},{\"order\":2,\"id\":3,\"hp\":113688,\"isDead\":false,\"hpNow\":94741},{\"order\":3,\"id\":4,\"hp\":156238,\"isDead\":false,\"hpNow\":153635},{\"order\":4,\"id\":5,\"hp\":166858,\"isDead\":false,\"hpNow\":161297}]","option":"o{\"version\":\"2.90\",\"lang\":\"0\",\"buffSkillSwitch\":true,\"debuffSkillSwitch\":true,\"skillSwitch\":true,\"dropMonitor\":true,\"recordUsage\":true,\"hp1\":75,\"mp1\":75,\"sp1\":75,\"attackStatus\":0,\"pauseButton\":true,\"pauseHotkey\":true,\"pauseHotkeyStr\":\" \",\"pauseHotkeyCode\":32,\"notification\":true,\"riddleRadio\":true,\"turnOnSS\":true,\"turnOnSSCondition\":{\"0\":[\"oc,1,249\"]},\"delayAlertTime\":0,\"delayReloadTime\":0,\"riddleAnswerTime\":5,\"staminaLose\":5,\"staminaPause\":true,\"staminaWarn\":true,\"idleArenaTime\":60,\"idleArenaLevels\":\"GF\",\"idleArenaValue\":\"gr\",\"arLevel\":{\"GF\":true},\"idleArenaGrTime\":999,\"repairValue\":0,\"autoPause\":true,\"pauseCondition\":{\"0\":[\"hp,2,30\"]},\"staminaLow\":30,\"delay\":200,\"delay2\":30,\"itemOrderName\":\"Cure,FC,HP,MP,SP,ME\",\"itemOrderValue\":\"311,313,11195,11295,11395,11299\",\"itemOrder\":{\"Cure\":true,\"FC\":true,\"HP\":true,\"MP\":true,\"ME\":true,\"SP\":true},\"item\":{\"Cure\":true,\"FC\":true,\"HP\":true,\"MP\":true,\"ME\":true,\"SP\":true},\"itemCureCondition\":{\"0\":[\"hp,2,60\"]},\"itemFCCondition\":{\"0\":[\"hp,2,40\"]},\"itemHPCondition\":{\"0\":[\"hp,2,50\"]},\"itemMPCondition\":{\"0\":[\"mp,2,50\"]},\"itemMECondition\":{\"0\":[\"mp,2,10\"]},\"itemSPCondition\":{\"0\":[\"sp,2,50\"]},\"channelSkill\":{\"AF\":true,\"He\":true,\"Re\":true},\"channelSkill2\":true,\"channelSkill2OrderName\":\"Cu,FC,AF,He,Re\",\"channelSkill2OrderValue\":\"311,313,432,431,312\",\"channelSkill2Order\":{\"Cu\":true,\"FC\":true,\"AF\":true,\"He\":true,\"Re\":true},\"buffSkillOrderValue\":\"Re,He\",\"buffSkillOrder\":{\"He\":true,\"Re\":true},\"buffSkill\":{\"HD\":true,\"MD\":true,\"SD\":true,\"He\":true,\"Re\":true,\"Ab\":true},\"buffSkillHDCondition\":{\"0\":[\"hp,2,70\"]},\"buffSkillMDCondition\":{\"0\":[\"hp,2,70\"]},\"buffSkillSDCondition\":{\"0\":[\"sp,2,70\"]},\"buffSkillHeCondition\":{\"0\":[\"_buffTurn_,2,2\"]},\"buffSkillReCondition\":{\"0\":[\"hp,2,80\"]},\"buffSkillAbCondition\":{\"0\":[\"_buffTurn_,2,1\"]},\"debuffSkillOrderValue\":\"Slo,Im,Si,Dr,We,MN,Bl\",\"debuffSkillOrder\":{\"Bl\":true,\"Slo\":true,\"Im\":true,\"MN\":true,\"Si\":true,\"Dr\":true,\"We\":true},\"debuffSkill\":{\"Bl\":true,\"Slo\":true,\"Im\":true,\"MN\":true,\"Si\":true,\"Dr\":true,\"We\":true},\"debuffSkillBlCondition\":{\"0\":[\"monsterAlive,4,bossAll\",\"_buffTurn_,2,1\",\"mp,1,50\"]},\"debuffSkillWeSlondition\":{\"0\":[\"monsterAlive,4,bossAll\",\"_buffTurn_,2,1\",\"mp,1,50\"]},\"debuffSkillImCondition\":{\"0\":[\"monsterAlive,4,bossAll\",\"_buffTurn_,2,1\",\"mp,1,50\"]},\"debuffSkillMNCondition\":{\"0\":[\"monsterAlive,4,bossAll\",\"_buffTurn_,2,1\",\"mp,1,50\"]},\"debuffSkillSiCondition\":{\"0\":[\"monsterAlive,4,bossAll\",\"_buffTurn_,2,1\",\"mp,1,50\"]},\"debuffSkillDrCondition\":{\"0\":[\"monsterAlive,4,bossAll\",\"_buffTurn_,2,1\",\"mp,1,50\"]},\"debuffSkillWeCondition\":{\"0\":[\"monsterAlive,4,bossAll\",\"_buffTurn_,2,1\",\"mp,1,50\"]},\"debuffSkillTurn\":{\"Sle\":0,\"Bl\":1,\"Slo\":1,\"Im\":1,\"MN\":1,\"Si\":1,\"Dr\":1,\"We\":1,\"Co\":0},\"skillOrderValue\":\"OFC,T3,T2,T1\",\"skillOrder\":{\"OFC\":true,\"T3\":true,\"T2\":true,\"T1\":true},\"skill\":{\"OFC\":true,\"T3\":true,\"T2\":true,\"T1\":true},\"skillOFCCondition\":{\"0\":[\"oc,1,200\"]},\"fightingStyle\":\"2\",\"mercifulBlow\":true,\"skillT3Condition\":{\"0\":[\"oc,2,200\"]},\"skillT2Condition\":{\"0\":[\"oc,2,200\"]},\"skillT1Condition\":{\"0\":[\"oc,2,200\"]},\"weight\":{\"Sle\":5,\"Bl\":3,\"Slo\":3,\"Im\":-5,\"MN\":-4,\"Si\":-4,\"Dr\":-4,\"We\":-4,\"Co\":-1,\"CM\":-5,\"Stun\":-4,\"PA\":-4,\"BW\":-4},\"dropQuality\":\"5\",\"roundNow\":\"1\",\"roundAll\":\"1\"}","roundAll":"n65","roundNow":"n33","roundType":"sar","staminaLostLog":"o{\"2020/4/9 22:39:57\":3,\"2020/4/10 18:30:53\":3,\"2020/4/12 11:51:28\":3}","stats":"o{\"self\":{\"_startTime\":\"2020/4/9 21:38:57\",\"_turn\":116002,\"_round\":2793,\"_battle\":88,\"_monster\":14309,\"_boss\":72,\"evade\":114956,\"miss\":10704,\"focus\":0,\"attack\":93338,\"spirit\":2504},\"restore\":{\"魔力 药水\":59122,\"Regen\":54126515,\"Mana Potion\":976473,\"Replenishment\":417922,\"Regeneration\":6101608,\"Mana Gem\":44943,\"Health Gem\":619818,\"Refreshment\":85741,\"Cure\":5328450,\"Spirit Gem\":17313,\"drain\":1212976,\"Mana Elixir\":1759,\"Spirit Potion\":596,\"完全治愈术\":17393,\"Full-Cure\":16662},\"items\":{\"魔力 药水\":85,\"Mana Potion\":1405,\"Health Draught\":601,\"Mana Draught\":609,\"Mana Gem\":97,\"Health Gem\":85,\"Spirit Draught\":156,\"Mystic Gem\":109,\"Spirit Gem\":87,\"体力 长效药\":9,\"Mana Elixir\":1,\"Spirit Potion\":1,\"灵力 长效药\":1},\"magic\":{\"Heartseeker\":228,\"Slow\":10319,\"Regen\":576,\"Orbital Friendship Cannon\":2156,\"Shield Bash\":1234,\"Merciful Blow\":610,\"Vital Strike\":618,\"Cure\":528,\"Imperil\":303,\"Silence\":87,\"Drain\":90,\"Weaken\":423,\"MagNet\":73,\"Blind\":56,\"完全治愈术\":1,\"Full-Cure\":1},\"damage\":{\"spike shield\":4127006,\"counter\":259781687,\"Holy Strike\":143606696,\"crit\":511764352,\"hit\":386991538,\"Orbital Friendship Cannon\":1093886062,\"Shield Bash\":21601553,\"Merciful Blow\":79527558,\"Vital Strike\":57726603,\"Bleeding Wound\":2898345,\"Vital Theft\":157686,\"Terra\":835},\"hurt\":{\"mp\":1506998,\"oc\":22158,\"_avg\":1454,\"_count\":45654,\"_total\":66378240,\"_mavg\":2905,\"_mcount\":5383,\"_mtotal\":15635192,\"_pavg\":1260,\"_pcount\":40271,\"_ptotal\":50743048,\"crush\":23219823,\"pierc\":19166604,\"fire\":2324644,\"spirit shield_spirit\":84429,\"wind\":2094942,\"void\":5475927,\"elec\":2477368,\"slash\":8943969,\"dark\":2134915,\"cold\":1935843,\"holy\":6117849},\"proficiency\":{\"supportive magic\":1.14,\"deprecating magic\":1.144,\"heavy armor\":1.139,\"one-handed weapon\":1.139,\"forbidden magic\":1.844,\"divine magic\":1.844,\"elemental magic\":1.844,\"light armor\":1.844,\"cloth armor\":1.844,\"staff\":1.844,\"dual wielding\":1.844,\"two-handed weapon\":1.844}}","url":"shttps://hentaiverse.org"},"ts":1586960435184}