{"options":{"awareOfChrome":false,"check_for_updates":true,"comment":null,"compat_arrayleft":false,"compat_foreach":false,"compat_forvarin":false,"compat_metadata":false,"compat_uW_gmonkey":false,"compat_wrappedjsobject":false,"compatopts_for_requires":true,"noframes":null,"override":{"merge_connects":true,"merge_excludes":true,"merge_includes":true,"merge_matches":true,"orig_excludes":["*://forums.e-hentai.org/index.php?act*","https://hentaiverse.org/?s=Character&ss=it"],"orig_includes":[],"orig_matches":["https://hentaiverse.org/*","http://alt.hentaiverse.org/*","*://forums.e-hentai.org/*"],"orig_noframes":null,"orig_run_at":"document-idle","use_blockers":[],"use_connects":[],"use_excludes":[],"use_includes":[],"use_matches":[]},"run_at":null},"settings":{"enabled":true,"position":8},"meta":{"name":"HV 物品汉化","uuid":"6916f0c5-874f-464b-8c30-c7cc555a9a24","modified":1565526586621}}