{"options":{"check_for_updates":true,"comment":null,"compatopts_for_requires":true,"compat_wrappedjsobject":true,"compat_metadata":false,"compat_foreach":false,"compat_arrayleft":false,"compat_uW_gmonkey":false,"compat_forvarin":false,"noframes":null,"awareOfChrome":false,"run_at":null,"override":{"use_includes":[],"orig_includes":["http*://*javlibrary.com/*","http*://*.h28o.com/*","http*://*.p42u.com/*","https://www.javbus.com/*","https://www.javbus2.com/*","https://www.javbus3.com/*","https://www.javbus5.com/*","https://www.javbus7.com/*","https://www.javbus.me/*","http*://www.javbus.com/*","http*://www.seedmm.in/*","http*://www.seedmm.us/*","http*://www.busjav.us/*","http*://www.dmmbus.us/*","http*://*avmo.pw/*","http*://*avio.pw/*","http*://*avso.pw/*","http*://*avxo.pw/*","http://115.com/*"],"merge_includes":true,"use_matches":[],"orig_matches":[],"merge_matches":true,"use_excludes":[],"orig_excludes":[],"merge_excludes":true,"use_connects":[],"merge_connects":true,"use_blockers":[],"orig_run_at":"document-idle","orig_noframes":null,"orig_connects":["blogjav.net","pixhost.to","115.com","btso.pw","btdb.to","p42u.com"]}},"settings":{"enabled":true,"position":7},"meta":{"name":"JAV老司机-完全体-改","uuid":"e8828cfc-c1ea-47c0-b352-cac82f8ac867","modified":1579275542483,"file_url":"https://sleazyfork.org/scripts/373342-jav%E8%80%81%E5%8F%B8%E6%9C%BA-%E5%AE%8C%E5%85%A8%E4%BD%93-%E6%94%B9/code/JAV%E8%80%81%E5%8F%B8%E6%9C%BA-%E5%AE%8C%E5%85%A8%E4%BD%93-%E6%94%B9.user.js"}}