{"options":{"awareOfChrome":false,"check_for_updates":true,"comment":null,"compat_arrayleft":false,"compat_foreach":false,"compat_forvarin":false,"compat_metadata":false,"compat_uW_gmonkey":false,"compat_wrappedjsobject":false,"compatopts_for_requires":true,"noframes":null,"override":{"merge_connects":true,"merge_excludes":true,"merge_includes":true,"merge_matches":true,"orig_connects":[],"orig_excludes":[],"orig_includes":[],"orig_matches":["https://store.steampowered.com/account/registerkey"],"orig_noframes":null,"orig_run_at":"document-idle","use_blockers":[],"use_connects":[],"use_excludes":[],"use_includes":[],"use_matches":[]},"run_at":null},"settings":{"enabled":true,"position":11},"meta":{"name":"Steam添加FOD","uuid":"dd7bc199-4731-4236-bd43-f9a48a2b954a","modified":1586920004979,"file_url":"https://greasyfork.org/scripts/389189-steam%E6%B7%BB%E5%8A%A0fod/code/Steam%E6%B7%BB%E5%8A%A0FOD.user.js"}}