{"data":{"historyRecommend":"s[{\"title\":\"给男友做鉴婊题，竟曝出他也曾被绿茶撩？\",\"cover\":\"https://i2.hdslb.com/bfs/archive/ffe5c3f0e984d94f878f008f8963652d160db550.jpg\",\"uri\":\"bilibili://video/884065666\",\"param\":\"884065666\",\"goto\":\"av\",\"desc\":\"2731弹幕\",\"play\":120956,\"danmaku\":2731,\"reply\":491,\"favorite\":1152,\"coin\":1933,\"share\":698,\"like\":8433,\"duration\":850,\"idx\":1596678018,\"cid\":220796652,\"tid\":21,\"tname\":\"日常\",\"tag\":{\"tag_id\":4145,\"tag_name\":\"恋爱\",\"count\":{\"atten\":39713}},\"dislike_reasons\":[{\"reason_id\":4,\"reason_name\":\"UP主:xx_Hanhan\"},{\"reason_id\":2,\"reason_name\":\"分区:日常\"},{\"reason_id\":3,\"reason_name\":\"标签:恋爱\"},{\"reason_id\":1,\"reason_name\":\"不感兴趣\"}],\"ctime\":1596628751,\"autoplay\":1,\"mid\":332545145,\"name\":\"xx_Hanhan\",\"face\":\"http://i0.hdslb.com/bfs/face/e5edca293377eee904b59e25f31d81fe0a5749c8.jpg\",\"official\":{\"role\":2,\"title\":\"bilibili 新星UP主\",\"desc\":\"第三届“bilibili 新星计划”获奖者\"},\"autoplay_card\":2},{\"title\":\"文科生对线理科生！\",\"cover\":\"https://i2.hdslb.com/bfs/archive/85cef8aa47f299b18daae2b79b12f2449b6297ac.jpg\",\"uri\":\"bilibili://video/329087747\",\"param\":\"329087747\",\"goto\":\"av\",\"desc\":\"8011弹幕\",\"play\":339896,\"danmaku\":8011,\"reply\":1878,\"favorite\":7737,\"coin\":3692,\"share\":2040,\"like\":46084,\"duration\":99,\"idx\":1596678017,\"cid\":220333398,\"tid\":138,\"tname\":\"搞笑\",\"tag\":{\"tag_id\":13160,\"tag_name\":\"学习\",\"count\":{\"atten\":1665019}},\"dislike_reasons\":[{\"reason_id\":4,\"reason_name\":\"UP主:计算机学长\"},{\"reason_id\":2,\"reason_name\":\"分区:搞笑\"},{\"reason_id\":3,\"reason_name\":\"标签:学习\"},{\"reason_id\":1,\"reason_name\":\"不感兴趣\"}],\"ctime\":1596533735,\"autoplay\":1,\"mid\":442177273,\"name\":\"计算机学长\",\"face\":\"http://i0.hdslb.com/bfs/face/973523eb7b400942bb0d9d94a4614e89bebad46c.jpg\",\"official\":{\"role\":1,\"title\":\"bilibili 知名搞笑UP主\"}},{\"title\":\"沈逸：tiktok的选择，特朗普赌的就是你“不抵抗”\",\"cover\":\"https://i0.hdslb.com/bfs/archive/a2f7fc5a6bd5c1c12a8a296a9bf20f8855bac319.jpg\",\"uri\":\"bilibili://video/499104143\",\"param\":\"499104143\",\"goto\":\"av\",\"desc\":\"62990弹幕\",\"play\":3390484,\"danmaku\":62990,\"reply\":37874,\"favorite\":73294,\"coin\":179461,\"share\":63488,\"like\":247465,\"duration\":2082,\"idx\":1596678016,\"cid\":219528999,\"tid\":124,\"tname\":\"社科人文\",\"tag\":{\"tag_id\":16906,\"tag_name\":\"数码\",\"count\":{\"atten\":286104}},\"dislike_reasons\":[{\"reason_id\":4,\"reason_name\":\"UP主:观察者网\"},{\"reason_id\":2,\"reason_name\":\"分区:社科人文\"},{\"reason_id\":3,\"reason_name\":\"标签:数码\"},{\"reason_id\":1,\"reason_name\":\"不感兴趣\"}],\"ctime\":1596360104,\"autoplay\":1,\"mid\":10330740,\"name\":\"观察者网\",\"face\":\"http://i1.hdslb.com/bfs/face/1d6f100b921c9b48914eda8f3b37e76ba9ef4ca5.jpg\",\"official\":{\"role\":5,\"title\":\"观察者网 官方账号\"}},{\"title\":\"这个我慧：从华为到TikTok，这个狙击中资的美国机构啥来头？\",\"cover\":\"https://i1.hdslb.com/bfs/archive/447635d5a4514c9f99d78c45d310e2d6dfaa50c8.jpg\",\"uri\":\"bilibili://video/711525086\",\"param\":\"711525086\",\"goto\":\"av\",\"desc\":\"2667弹幕\",\"play\":293295,\"danmaku\":2667,\"reply\":1511,\"favorite\":2579,\"coin\":4057,\"share\":348,\"like\":28206,\"duration\":749,\"idx\":1596678015,\"cid\":220709807,\"tid\":124,\"tname\":\"社科人文\",\"tag\":{\"tag_id\":16906,\"tag_name\":\"数码\",\"count\":{\"atten\":286104}},\"dislike_reasons\":[{\"reason_id\":4,\"reason_name\":\"UP主:观察者网\"},{\"reason_id\":2,\"reason_name\":\"分区:社科人文\"},{\"reason_id\":3,\"reason_name\":\"标签:数码\"},{\"reason_id\":1,\"reason_name\":\"不感兴趣\"}],\"ctime\":1596615680,\"autoplay\":1,\"mid\":10330740,\"name\":\"观察者网\",\"face\":\"http://i1.hdslb.com/bfs/face/1d6f100b921c9b48914eda8f3b37e76ba9ef4ca5.jpg\",\"official\":{\"role\":5,\"title\":\"观察者网 官方账号\"}},{\"title\":\"史上最阴间的缝合怪游戏！“借鉴”了999种题材！！！【⑨斯基】\",\"cover\":\"https://i2.hdslb.com/bfs/archive/5812d1daa90e0f58ddd473bbd80a31ae6cc9d908.png\",\"uri\":\"bilibili://video/754019964\",\"param\":\"754019964\",\"goto\":\"av\",\"desc\":\"2471弹幕\",\"play\":274947,\"danmaku\":2471,\"reply\":628,\"favorite\":3630,\"coin\":4639,\"share\":274,\"like\":33069,\"duration\":634,\"idx\":1596678014,\"cid\":220339643,\"tid\":17,\"tname\":\"单机游戏\",\"tag\":{\"tag_id\":673152,\"tag_name\":\"实况攻略\",\"count\":{\"atten\":24769}},\"dislike_reasons\":[{\"reason_id\":4,\"reason_name\":\"UP主:琪露诺夫斯基\"},{\"reason_id\":2,\"reason_name\":\"分区:单机游戏\"},{\"reason_id\":3,\"reason_name\":\"标签:实况攻略\"},{\"reason_id\":1,\"reason_name\":\"不感兴趣\"}],\"ctime\":1596533743,\"autoplay\":1,\"mid\":8883446,\"name\":\"琪露诺夫斯基\",\"face\":\"http://i2.hdslb.com/bfs/face/286eb13d9171baed321a5078652cfb8b2975670b.jpg\",\"official\":{\"role\":1,\"title\":\"bilibili 知名游戏UP主、高能联盟成员\"}},{\"title\":\"《 \\\"祭\\\" 我 一 个 最 好 的 哥 们 》\",\"cover\":\"https://i2.hdslb.com/bfs/archive/0e6f9c68c348c70fe6ebf6f93e7acabee5680025.jpg\",\"uri\":\"bilibili://video/456541677\",\"param\":\"456541677\",\"goto\":\"av\",\"desc\":\"1540弹幕\",\"play\":727294,\"danmaku\":1540,\"reply\":1496,\"favorite\":22131,\"coin\":16581,\"share\":3339,\"like\":91890,\"duration\":105,\"idx\":1596678013,\"cid\":220273867,\"tid\":22,\"tname\":\"鬼畜调教\",\"tag\":{\"tag_id\":1302892,\"tag_name\":\"鬼畜大赏\",\"count\":{\"atten\":894}},\"dislike_reasons\":[{\"reason_id\":4,\"reason_name\":\"UP主:深海色带鱼\"},{\"reason_id\":2,\"reason_name\":\"分区:鬼畜调教\"},{\"reason_id\":3,\"reason_name\":\"标签:鬼畜大赏\"},{\"reason_id\":1,\"reason_name\":\"不感兴趣\"}],\"ctime\":1596535251,\"autoplay\":1,\"mid\":5374954,\"name\":\"深海色带鱼\",\"face\":\"http://i1.hdslb.com/bfs/face/4ed404b24fa34bf8f4e05ebe383f80a186e63836.jpg\",\"official\":{\"role\":1,\"title\":\"bilibili 知名UP主、高能联盟成员\"}},{\"title\":\"花 京 院 典 明\",\"cover\":\"https://i1.hdslb.com/bfs/archive/d250f976b5486d6df7807028aa3b5fc736996b22.jpg\",\"uri\":\"bilibili://video/711581896\",\"param\":\"711581896\",\"goto\":\"av\",\"desc\":\"216弹幕\",\"play\":23817,\"danmaku\":216,\"reply\":282,\"favorite\":2371,\"coin\":2019,\"share\":160,\"like\":4259,\"duration\":202,\"idx\":1596678012,\"cid\":220309013,\"tid\":24,\"tname\":\"MAD·AMV\",\"tag\":{\"tag_id\":485740,\"tag_name\":\"MAD.AMV\",\"count\":{\"atten\":56007}},\"dislike_reasons\":[{\"reason_id\":4,\"reason_name\":\"UP主:Bllluue\"},{\"reason_id\":2,\"reason_name\":\"分区:MAD·AMV\"},{\"reason_id\":3,\"reason_name\":\"标签:MAD.AMV\"},{\"reason_id\":1,\"reason_name\":\"不感兴趣\"}],\"ctime\":1596528767,\"autoplay\":1,\"mid\":26990827,\"name\":\"Bllluue\",\"face\":\"http://i0.hdslb.com/bfs/face/03663a03ff5136d91ce478c5a3b73f89d1001e38.jpg\"},{\"title\":\"敌人: 卧槽…  扣都扣不下来 ？\",\"cover\":\"https://i1.hdslb.com/bfs/archive/56e7ff1a049e2d22a627856c5c5802a6cf35cb80.jpg\",\"uri\":\"bilibili://video/796572663\",\"param\":\"796572663\",\"goto\":\"av\",\"desc\":\"1113弹幕\",\"play\":546500,\"danmaku\":1113,\"reply\":467,\"favorite\":7085,\"coin\":12312,\"share\":222,\"like\":23390,\"duration\":204,\"idx\":1596678011,\"cid\":218994859,\"tid\":171,\"tname\":\"电子竞技\",\"tag\":{\"tag_id\":62526,\"tag_name\":\"电子竞技\",\"count\":{\"atten\":109328}},\"dislike_reasons\":[{\"reason_id\":4,\"reason_name\":\"UP主:老亚瑟来了\"},{\"reason_id\":2,\"reason_name\":\"分区:电子竞技\"},{\"reason_id\":3,\"reason_name\":\"标签:电子竞技\"},{\"reason_id\":1,\"reason_name\":\"不感兴趣\"}],\"ctime\":1596245902,\"autoplay\":1,\"mid\":411094001,\"name\":\"老亚瑟来了\",\"face\":\"http://i0.hdslb.com/bfs/face/2f1f397278cd5bb4fc6348550e4dab1458556597.jpg\"},{\"title\":\"误打误撞当上UP主，一年不到涨粉100万，我在想些什么？\",\"cover\":\"https://i1.hdslb.com/bfs/archive/5d1910ad73c1695b91e54882656436d4fe83dbcf.jpg\",\"uri\":\"bilibili://video/839119399\",\"param\":\"839119399\",\"goto\":\"av\",\"desc\":\"5647弹幕\",\"play\":251761,\"danmaku\":5647,\"reply\":1915,\"favorite\":6513,\"coin\":22345,\"share\":514,\"like\":30984,\"duration\":1405,\"idx\":1596678010,\"cid\":220571648,\"tid\":124,\"tname\":\"社科人文\",\"tag\":{\"tag_id\":13241440,\"tag_name\":\"知识分享官\",\"count\":{\"atten\":53442}},\"dislike_reasons\":[{\"reason_id\":4,\"reason_name\":\"UP主:智能路障\"},{\"reason_id\":2,\"reason_name\":\"分区:社科人文\"},{\"reason_id\":3,\"reason_name\":\"标签:知识分享官\"},{\"reason_id\":1,\"reason_name\":\"不感兴趣\"}],\"ctime\":1596596422,\"autoplay\":1,\"mid\":79577853,\"name\":\"智能路障\",\"face\":\"http://i0.hdslb.com/bfs/face/f56a6aef4271593a451f3545dc00af3549868939.jpg\",\"official\":{\"role\":1,\"title\":\"bilibili 知名UP主\"}},{\"title\":\"〓芽衣〓shake it-布料〓【手办蹦跶工坊第33期】\",\"cover\":\"https://i2.hdslb.com/bfs/archive/b04d97abe272f16067ba8d7abe770f48d089a30d.jpg\",\"uri\":\"bilibili://video/286577599\",\"param\":\"286577599\",\"goto\":\"av\",\"desc\":\"97弹幕\",\"play\":38807,\"danmaku\":97,\"reply\":245,\"favorite\":5418,\"coin\":1164,\"share\":153,\"like\":4227,\"duration\":200,\"idx\":1596678009,\"cid\":220687000,\"tid\":25,\"tname\":\"MMD·3D\",\"tag\":{\"tag_id\":3007,\"tag_name\":\"手机游戏\",\"count\":{\"atten\":171345}},\"dislike_reasons\":[{\"reason_id\":4,\"reason_name\":\"UP主:77T-Rendering\"},{\"reason_id\":2,\"reason_name\":\"分区:MMD·3D\"},{\"reason_id\":3,\"reason_name\":\"标签:手机游戏\"},{\"reason_id\":1,\"reason_name\":\"不感兴趣\"}],\"ctime\":1596612837,\"autoplay\":1,\"mid\":327913270,\"name\":\"77T-Rendering\",\"face\":\"http://i0.hdslb.com/bfs/face/e131eef30fddd8c858faf01af1a1dd6b6a758af2.jpg\"}]"},"ts":1596678094288}