{"data":{"historyRecommend":"s[{\"title\":\"525买一只菱鳍乌贼，尝试全新做法，出锅后色香味俱全，看着就馋\",\"cover\":\"https://i1.hdslb.com/bfs/archive/4120a083e2660014f9aa7e71902130a891fd9eba.jpg\",\"uri\":\"bilibili://video/414469648\",\"param\":\"414469648\",\"goto\":\"av\",\"desc\":\"5340弹幕\",\"play\":595503,\"danmaku\":5340,\"reply\":1245,\"favorite\":2756,\"coin\":14438,\"share\":776,\"like\":51953,\"duration\":620,\"idx\":1599299179,\"cid\":230672153,\"tid\":76,\"tname\":\"美食制作\",\"tag\":{\"tag_id\":20215,\"tag_name\":\"美食\",\"count\":{\"atten\":1540921}},\"dislike_reasons\":[{\"reason_id\":4,\"reason_name\":\"UP主:小文哥吃吃吃\"},{\"reason_id\":2,\"reason_name\":\"分区:美食制作\"},{\"reason_id\":3,\"reason_name\":\"标签:美食\"},{\"reason_id\":1,\"reason_name\":\"不感兴趣\"}],\"ctime\":1599120050,\"autoplay\":1,\"mid\":476704454,\"name\":\"小文哥吃吃吃\",\"face\":\"http://i0.hdslb.com/bfs/face/859e0f1338f3496ad380ba3879645a1ba24629bb.jpg\",\"official\":{\"role\":1,\"title\":\"bilibili 知名美食UP主\"},\"autoplay_card\":2},{\"title\":\"【法国街头｜伏羲神天响】古筝炸街！天地双响，威力不凡！\",\"cover\":\"https://i0.hdslb.com/bfs/archive/ff154c7367064ef6605d00d6cbc612c83574d64b.jpg\",\"uri\":\"bilibili://video/926907570\",\"param\":\"926907570\",\"goto\":\"av\",\"desc\":\"699弹幕\",\"play\":280228,\"danmaku\":699,\"reply\":948,\"favorite\":2380,\"coin\":9949,\"share\":320,\"like\":22254,\"duration\":124,\"idx\":1599299178,\"cid\":232132290,\"tid\":59,\"tname\":\"演奏\",\"tag\":{\"tag_id\":373,\"tag_name\":\"演奏\",\"count\":{\"atten\":129371}},\"dislike_reasons\":[{\"reason_id\":4,\"reason_name\":\"UP主:碰碰彭碰彭\"},{\"reason_id\":2,\"reason_name\":\"分区:演奏\"},{\"reason_id\":3,\"reason_name\":\"标签:演奏\"},{\"reason_id\":1,\"reason_name\":\"不感兴趣\"}],\"ctime\":1599211116,\"autoplay\":1,\"mid\":15960317,\"name\":\"碰碰彭碰彭\",\"face\":\"http://i1.hdslb.com/bfs/face/fa2867ecd8a7badcbd46efff7743a358981a28a5.jpg\",\"official\":{\"role\":1,\"title\":\"bilibili 知名音乐UP主\",\"desc\":\"全民音乐UP主年度30强\"}},{\"title\":\"0基础0天赋直男，可以学会女团舞吗？\",\"cover\":\"https://i1.hdslb.com/bfs/archive/89f23bb968831643fc244921e8b47c30e36377c1.jpg\",\"uri\":\"bilibili://video/884495848\",\"param\":\"884495848\",\"goto\":\"av\",\"desc\":\"3690弹幕\",\"play\":83726,\"danmaku\":3690,\"reply\":382,\"favorite\":995,\"coin\":5277,\"share\":254,\"like\":11766,\"duration\":908,\"idx\":1599299177,\"cid\":232198507,\"tid\":138,\"tname\":\"搞笑\",\"tag\":{\"tag_id\":6012204,\"tag_name\":\"明星舞蹈\",\"count\":{\"atten\":186877}},\"dislike_reasons\":[{\"reason_id\":4,\"reason_name\":\"UP主:KatAndSid\"},{\"reason_id\":2,\"reason_name\":\"分区:搞笑\"},{\"reason_id\":3,\"reason_name\":\"标签:明星舞蹈\"},{\"reason_id\":1,\"reason_name\":\"不感兴趣\"}],\"ctime\":1599224266,\"autoplay\":1,\"mid\":30625977,\"name\":\"KatAndSid\",\"face\":\"http://i1.hdslb.com/bfs/face/d52c792134cb1024bdfc03c0a2e69d6c8010da25.jpg\",\"official\":{\"role\":1,\"title\":\"bilibili 知名UP主\"}},{\"title\":\"偶像家驹哥哥被人撕掉，快回来看看，\",\"cover\":\"https://i0.hdslb.com/bfs/archive/9dae17542de5d538859e8dd72278ac12041214b7.jpg\",\"uri\":\"bilibili://video/201988527\",\"param\":\"201988527\",\"goto\":\"av\",\"desc\":\"146弹幕\",\"play\":194222,\"danmaku\":146,\"reply\":248,\"favorite\":510,\"coin\":3735,\"share\":20,\"like\":13268,\"duration\":68,\"idx\":1599299176,\"cid\":232125765,\"tid\":161,\"tname\":\"手工\",\"tag\":{\"tag_id\":11265,\"tag_name\":\"手工\",\"count\":{\"atten\":583791}},\"dislike_reasons\":[{\"reason_id\":4,\"reason_name\":\"UP主:铁头雕刻铺\"},{\"reason_id\":2,\"reason_name\":\"分区:手工\"},{\"reason_id\":3,\"reason_name\":\"标签:手工\"},{\"reason_id\":1,\"reason_name\":\"不感兴趣\"}],\"ctime\":1599208809,\"autoplay\":1,\"mid\":484750431,\"name\":\"铁头雕刻铺\",\"face\":\"http://i0.hdslb.com/bfs/face/160743bc77a8705de6356a77c15948062a2c6bc4.jpg\",\"official\":{\"role\":1,\"title\":\"bilibili 知名UP主\"}},{\"title\":\"丑陋与美好，绝望与希望，星球意志与人类的碰撞？灵笼第九集玛娜生态研究报告\",\"cover\":\"https://i1.hdslb.com/bfs/archive/deb7d0de0b855410226d8b652ea579e9c6d09f36.jpg\",\"uri\":\"bilibili://video/626937180\",\"param\":\"626937180\",\"goto\":\"av\",\"desc\":\"1196弹幕\",\"play\":103455,\"danmaku\":1196,\"reply\":554,\"favorite\":1648,\"coin\":2336,\"share\":170,\"like\":8403,\"duration\":952,\"idx\":1599299175,\"cid\":232129717,\"tid\":168,\"tname\":\"国产原创相关\",\"tag\":{\"tag_id\":15707553,\"tag_name\":\"灵笼·远行者之歌\",\"count\":{\"atten\":104}},\"dislike_reasons\":[{\"reason_id\":4,\"reason_name\":\"UP主:Muc虚空之翼\"},{\"reason_id\":2,\"reason_name\":\"分区:国产原创相关\"},{\"reason_id\":3,\"reason_name\":\"标签:灵笼·远行者之歌\"},{\"reason_id\":1,\"reason_name\":\"不感兴趣\"}],\"ctime\":1599220811,\"autoplay\":1,\"mid\":14546601,\"name\":\"Muc虚空之翼\",\"face\":\"http://i2.hdslb.com/bfs/face/e9bc5e352e6891cdcaf904346f7e47672f87e468.jpg\",\"official\":{\"role\":1,\"title\":\"bilibili 知名动漫UP主\"}},{\"title\":\"错的不是我，是唢呐！！！！！【unravel】\",\"cover\":\"https://i2.hdslb.com/bfs/archive/a3519f5e3dffcb352f8f0be75edc6ef3ed9f1947.jpg\",\"uri\":\"bilibili://video/541980919\",\"param\":\"541980919\",\"goto\":\"av\",\"desc\":\"3599弹幕\",\"play\":870590,\"danmaku\":3599,\"reply\":3144,\"favorite\":18130,\"coin\":35169,\"share\":9580,\"like\":84094,\"duration\":246,\"idx\":1599299174,\"cid\":230538963,\"tid\":59,\"tname\":\"演奏\",\"tag\":{\"tag_id\":373,\"tag_name\":\"演奏\",\"count\":{\"atten\":129371}},\"dislike_reasons\":[{\"reason_id\":4,\"reason_name\":\"UP主:浑元Rysn\"},{\"reason_id\":2,\"reason_name\":\"分区:演奏\"},{\"reason_id\":3,\"reason_name\":\"标签:演奏\"},{\"reason_id\":1,\"reason_name\":\"不感兴趣\"}],\"ctime\":1598789734,\"autoplay\":1,\"mid\":42561463,\"name\":\"浑元Rysn\",\"face\":\"http://i1.hdslb.com/bfs/face/bcf334405e3b8ef1c332a019223c53bc6629549e.jpg\",\"official\":{\"role\":1,\"title\":\"bilibili 知名音乐UP主\"}},{\"title\":\"200元档日常穿着没对手！开学季好鞋推荐第一辑，全网众测首发~ | Z说球鞋\",\"cover\":\"https://i2.hdslb.com/bfs/archive/e2658a56bbcc9a43679ae16b68fc566885a9d1ca.jpg\",\"uri\":\"bilibili://video/414381166\",\"param\":\"414381166\",\"goto\":\"av\",\"desc\":\"4820弹幕\",\"play\":208399,\"danmaku\":4820,\"reply\":1329,\"favorite\":2980,\"coin\":7262,\"share\":811,\"like\":19243,\"duration\":1811,\"idx\":1599299173,\"cid\":232263487,\"tid\":158,\"tname\":\"服饰\",\"tag\":{\"tag_id\":832569,\"tag_name\":\"美妆\",\"count\":{\"atten\":1003907}},\"dislike_reasons\":[{\"reason_id\":4,\"reason_name\":\"UP主:zettaranc\"},{\"reason_id\":2,\"reason_name\":\"分区:服饰\"},{\"reason_id\":3,\"reason_name\":\"标签:美妆\"},{\"reason_id\":1,\"reason_name\":\"不感兴趣\"}],\"ctime\":1599274809,\"autoplay\":1,\"mid\":326246517,\"name\":\"zettaranc\",\"face\":\"http://i0.hdslb.com/bfs/face/7ad1414215e6529dd6308a990b57ccc0a948a0c2.jpg\",\"official\":{\"role\":1,\"title\":\"bilibili 2019百大UP主、知名UP主\"}},{\"title\":\"破解奶茶绵绵冰！\",\"cover\":\"https://i1.hdslb.com/bfs/archive/bf48bf7403dc8eb270a45499cc85ca2008f2782d.jpg\",\"uri\":\"bilibili://video/371951456\",\"param\":\"371951456\",\"goto\":\"av\",\"desc\":\"686弹幕\",\"play\":118931,\"danmaku\":686,\"reply\":220,\"favorite\":2068,\"coin\":1636,\"share\":266,\"like\":10779,\"duration\":286,\"idx\":1599299172,\"cid\":231744915,\"tid\":76,\"tname\":\"美食制作\",\"tag\":{\"tag_id\":20215,\"tag_name\":\"美食\",\"count\":{\"atten\":1540921}},\"dislike_reasons\":[{\"reason_id\":4,\"reason_name\":\"UP主:多拉的十九N\"},{\"reason_id\":2,\"reason_name\":\"分区:美食制作\"},{\"reason_id\":3,\"reason_name\":\"标签:美食\"},{\"reason_id\":1,\"reason_name\":\"不感兴趣\"}],\"ctime\":1599213615,\"autoplay\":1,\"mid\":37746255,\"name\":\"多拉的十九N\",\"face\":\"http://i1.hdslb.com/bfs/face/99d77572ba745ab61ed14362aec0507da069f12b.jpg\",\"official\":{\"role\":1,\"title\":\"bilibili 知名美食UP主\"}},{\"title\":\"进击的野人\",\"cover\":\"https://i0.hdslb.com/bfs/archive/93218cd10b565a4f327ac983a64118340b5ca8aa.jpg\",\"uri\":\"bilibili://video/329409977\",\"param\":\"329409977\",\"goto\":\"av\",\"desc\":\"1702弹幕\",\"play\":145189,\"danmaku\":1702,\"reply\":535,\"favorite\":2633,\"coin\":6149,\"share\":307,\"like\":16647,\"duration\":1195,\"idx\":1599299171,\"cid\":232070357,\"tid\":17,\"tname\":\"单机游戏\",\"tag\":{\"tag_id\":33450,\"tag_name\":\"独立游戏\",\"count\":{\"atten\":166050}},\"dislike_reasons\":[{\"reason_id\":4,\"reason_name\":\"UP主:逗川kshadow\"},{\"reason_id\":2,\"reason_name\":\"分区:单机游戏\"},{\"reason_id\":3,\"reason_name\":\"标签:独立游戏\"},{\"reason_id\":1,\"reason_name\":\"不感兴趣\"}],\"ctime\":1599211857,\"autoplay\":1,\"mid\":234256,\"name\":\"逗川kshadow\",\"face\":\"http://i0.hdslb.com/bfs/face/b5d293699ff81a42c52ac8edcad4781ae65ef6ef.jpg\",\"official\":{\"role\":1,\"title\":\"bilibili 2019百大UP主、高能联盟成员\"}},{\"title\":\"【管云鹏】这支视频有点羞耻…你看了也觉得？这么巧啊！\",\"cover\":\"https://i1.hdslb.com/bfs/archive/6d80b7529f520b6c5362c8b49fb156ef208644a8.jpg\",\"uri\":\"bilibili://video/626891951\",\"param\":\"626891951\",\"goto\":\"av\",\"desc\":\"1268弹幕\",\"play\":563061,\"danmaku\":1268,\"reply\":2184,\"favorite\":2835,\"coin\":5055,\"share\":831,\"like\":48171,\"duration\":77,\"idx\":1599299170,\"cid\":231828023,\"tid\":21,\"tname\":\"日常\",\"tag\":{\"tag_id\":10325,\"tag_name\":\"战神\",\"count\":{\"atten\":4329}},\"dislike_reasons\":[{\"reason_id\":4,\"reason_name\":\"UP主:演员管云鹏\"},{\"reason_id\":2,\"reason_name\":\"分区:日常\"},{\"reason_id\":3,\"reason_name\":\"标签:战神\"},{\"reason_id\":1,\"reason_name\":\"不感兴趣\"}],\"ctime\":1599123655,\"autoplay\":1,\"mid\":310702549,\"name\":\"演员管云鹏\",\"face\":\"http://i2.hdslb.com/bfs/face/bde37fdf2d7e1ba06400765d0cd41c484d947173.jpg\",\"official\":{\"role\":2,\"title\":\"演员管云鹏 \",\"desc\":\"代表作《战天狼》《浴血十四年》\"}}]"},"ts":1599299184036}