{"data":{"historyRecommend":"s[{\"title\":\"【卫衣大型分享聚会】14件不同风格的卫衣42套搭配|一衣多穿|小个子秋季穿搭|色彩斑斓~\",\"cover\":\"https://i1.hdslb.com/bfs/archive/07feb7231abb8604d793c855368f8e71edc6e4db.jpg\",\"uri\":\"bilibili://video/627069995\",\"param\":\"627069995\",\"goto\":\"av\",\"desc\":\"285弹幕\",\"play\":29270,\"danmaku\":285,\"reply\":361,\"favorite\":1600,\"coin\":1838,\"share\":114,\"like\":2936,\"duration\":353,\"idx\":1599642705,\"cid\":233408169,\"tid\":158,\"tname\":\"服饰\",\"tag\":{\"tag_id\":313718,\"tag_name\":\"服饰\",\"count\":{\"atten\":691256}},\"dislike_reasons\":[{\"reason_id\":4,\"reason_name\":\"UP主:六月小miumiu\"},{\"reason_id\":2,\"reason_name\":\"分区:服饰\"},{\"reason_id\":3,\"reason_name\":\"标签:服饰\"},{\"reason_id\":1,\"reason_name\":\"不感兴趣\"}],\"ctime\":1599558776,\"autoplay\":1,\"mid\":317818108,\"name\":\"六月小miumiu\",\"face\":\"http://i0.hdslb.com/bfs/face/3c68d4205ade5d10bd7830fe3e08a5724e1cb890.jpg\",\"official\":{\"role\":1,\"title\":\"bilibili 知名时尚UP主\"},\"autoplay_card\":2},{\"title\":\"我们体检的时候该查些什么才最有用呢？\",\"cover\":\"https://i0.hdslb.com/bfs/archive/d77a9581cb2aa560351f33259529c906b6010167.jpg\",\"uri\":\"bilibili://video/884497297\",\"param\":\"884497297\",\"goto\":\"av\",\"desc\":\"152弹幕\",\"play\":473445,\"danmaku\":152,\"reply\":1064,\"favorite\":38178,\"coin\":9313,\"share\":4080,\"like\":22995,\"duration\":66,\"idx\":1599642704,\"cid\":231477764,\"tid\":201,\"tname\":\"科学科普\",\"tag\":{\"tag_id\":1364,\"tag_name\":\"科学\",\"count\":{\"atten\":572633}},\"dislike_reasons\":[{\"reason_id\":4,\"reason_name\":\"UP主:刘加勇医生\"},{\"reason_id\":2,\"reason_name\":\"分区:科学科普\"},{\"reason_id\":3,\"reason_name\":\"标签:科学\"},{\"reason_id\":1,\"reason_name\":\"不感兴趣\"}],\"ctime\":1599040833,\"autoplay\":1,\"mid\":448340479,\"name\":\"刘加勇医生\",\"face\":\"http://i0.hdslb.com/bfs/face/f95c743dccc011307eac1fb047a56c90b8305532.jpg\",\"official\":{\"role\":2,\"title\":\"健康知识科普UP主\"}},{\"title\":\"【半佛】为何长租公寓总是频频跑路？他们是怎么坑害年轻人的？\",\"cover\":\"https://i0.hdslb.com/bfs/archive/b566ec0870abcb39db7ce97f4085476149553055.jpg\",\"uri\":\"bilibili://video/796968199\",\"param\":\"796968199\",\"goto\":\"av\",\"desc\":\"5650弹幕\",\"play\":1508078,\"danmaku\":5650,\"reply\":4890,\"favorite\":29381,\"coin\":67339,\"share\":24204,\"like\":141136,\"duration\":955,\"idx\":1599642703,\"cid\":232464588,\"tid\":207,\"tname\":\"财经\",\"tag\":{\"tag_id\":389440,\"tag_name\":\"租房\",\"count\":{\"atten\":7091}},\"dislike_reasons\":[{\"reason_id\":4,\"reason_name\":\"UP主:硬核的半佛仙人\"},{\"reason_id\":2,\"reason_name\":\"分区:财经\"},{\"reason_id\":3,\"reason_name\":\"标签:租房\"},{\"reason_id\":1,\"reason_name\":\"不感兴趣\"}],\"ctime\":1599299277,\"autoplay\":1,\"mid\":37663924,\"name\":\"硬核的半佛仙人\",\"face\":\"http://i0.hdslb.com/bfs/face/aaf33dced1941af0946f37c62f4b48fcaba9c9a2.jpg\",\"official\":{\"role\":1,\"title\":\"bilibili 知名科技UP主、高能联盟成员、直播签约主播\"}},{\"title\":\"完全放弃宣言(Kanzen Houki Sengen) - Nanawoakariナナヲアカリ\",\"cover\":\"https://i0.hdslb.com/bfs/archive/e91f2d6c4b8aefe862c75bca6f997bac13e1a689.jpg\",\"uri\":\"bilibili://video/669307520\",\"param\":\"669307520\",\"goto\":\"av\",\"desc\":\"82弹幕\",\"play\":89247,\"danmaku\":82,\"reply\":312,\"favorite\":7149,\"coin\":3034,\"share\":810,\"like\":7703,\"duration\":266,\"idx\":1599642702,\"cid\":228238849,\"tid\":193,\"tname\":\"MV\",\"tag\":{\"tag_id\":7993,\"tag_name\":\"摇滚\",\"count\":{\"atten\":42133}},\"dislike_reasons\":[{\"reason_id\":4,\"reason_name\":\"UP主:索尼音乐中国\"},{\"reason_id\":2,\"reason_name\":\"分区:MV\"},{\"reason_id\":3,\"reason_name\":\"标签:摇滚\"},{\"reason_id\":1,\"reason_name\":\"不感兴趣\"}],\"ctime\":1599408049,\"mid\":486906719,\"name\":\"索尼音乐中国\",\"face\":\"http://i1.hdslb.com/bfs/face/459425ffc7f0c9c12976fb678c34734462be8ab7.jpg\",\"official\":{\"role\":3,\"title\":\"索尼音乐中国官方账号\"}},{\"title\":\"夜宵做铁锅焖面，一口面两口肉，面比排骨还值钱！【深夜饿人】\",\"cover\":\"https://i0.hdslb.com/bfs/archive/0b63a633e61360e58fe7b88f312746562e69dc12.jpg\",\"uri\":\"bilibili://video/542063814\",\"param\":\"542063814\",\"goto\":\"av\",\"desc\":\"7864弹幕\",\"play\":778276,\"danmaku\":7864,\"reply\":1248,\"favorite\":11138,\"coin\":38591,\"share\":3085,\"like\":83901,\"duration\":743,\"idx\":1599642701,\"cid\":233433040,\"tid\":76,\"tname\":\"美食制作\",\"tag\":{\"tag_id\":20215,\"tag_name\":\"美食\",\"count\":{\"atten\":1547545}},\"dislike_reasons\":[{\"reason_id\":4,\"reason_name\":\"UP主:盗月社食遇记\"},{\"reason_id\":2,\"reason_name\":\"分区:美食制作\"},{\"reason_id\":3,\"reason_name\":\"标签:美食\"},{\"reason_id\":1,\"reason_name\":\"不感兴趣\"}],\"ctime\":1599566437,\"autoplay\":1,\"mid\":99157282,\"name\":\"盗月社食遇记\",\"face\":\"http://i2.hdslb.com/bfs/face/c7fb5da587c2ec6b56ad47579933fda34c000457.jpg\",\"official\":{\"role\":1,\"title\":\"bilibili 2019百大UP主、知名美食UP主\"}},{\"title\":\"转眼间，已是十五年丨《仙剑1》5首超经典串烧\",\"cover\":\"https://i2.hdslb.com/bfs/archive/9f35721865c4cb70d69fb514b18cb2ab9f9360cc.jpg\",\"uri\":\"bilibili://video/841892334\",\"param\":\"841892334\",\"goto\":\"av\",\"desc\":\"3137弹幕\",\"play\":607689,\"danmaku\":3137,\"reply\":2258,\"favorite\":17307,\"coin\":35012,\"share\":2943,\"like\":40091,\"duration\":490,\"idx\":1599642700,\"cid\":232530752,\"tid\":31,\"tname\":\"翻唱\",\"tag\":{\"tag_id\":386,\"tag_name\":\"翻唱\",\"count\":{\"atten\":308984}},\"dislike_reasons\":[{\"reason_id\":4,\"reason_name\":\"UP主:Seammy赵乃吉\"},{\"reason_id\":2,\"reason_name\":\"分区:翻唱\"},{\"reason_id\":3,\"reason_name\":\"标签:翻唱\"},{\"reason_id\":1,\"reason_name\":\"不感兴趣\"}],\"ctime\":1599311281,\"autoplay\":1,\"mid\":406593364,\"name\":\"Seammy赵乃吉\",\"face\":\"http://i2.hdslb.com/bfs/face/dfad45cbe7a1f76542957bcc991b9cb52f2acb5c.jpg\"},{\"title\":\"离谱医生！全城试管婴儿全用自己精子。这定什么罪？\",\"cover\":\"https://i1.hdslb.com/bfs/archive/6abc838498c541c62111852c454dbc827e1ff6e4.jpg\",\"uri\":\"bilibili://video/414410876\",\"param\":\"414410876\",\"goto\":\"av\",\"desc\":\"2651弹幕\",\"play\":1038960,\"danmaku\":2651,\"reply\":1281,\"favorite\":3467,\"coin\":7763,\"share\":5668,\"like\":39895,\"duration\":219,\"idx\":1599642699,\"cid\":232110622,\"tid\":124,\"tname\":\"社科人文\",\"tag\":{\"tag_id\":40737,\"tag_name\":\"人文\",\"count\":{\"atten\":388740}},\"dislike_reasons\":[{\"reason_id\":4,\"reason_name\":\"UP主:互动大王\"},{\"reason_id\":2,\"reason_name\":\"分区:社科人文\"},{\"reason_id\":3,\"reason_name\":\"标签:人文\"},{\"reason_id\":1,\"reason_name\":\"不感兴趣\"}],\"ctime\":1599209640,\"mid\":37529365,\"name\":\"互动大王\",\"face\":\"http://i0.hdslb.com/bfs/face/f9cd214df9d894e2a7a568810e093d87be8a6851.jpg\",\"official\":{\"role\":1,\"title\":\"bilibili 知名UP主\"}},{\"title\":\"素人改造，在线换头!学会了，IT男皆可王安宇！\",\"cover\":\"https://i0.hdslb.com/bfs/archive/b3785978c2808b22316714019dca1207e81ebdf8.jpg\",\"uri\":\"bilibili://video/287112193\",\"param\":\"287112193\",\"goto\":\"av\",\"desc\":\"969弹幕\",\"play\":108734,\"danmaku\":969,\"reply\":597,\"favorite\":1862,\"coin\":1461,\"share\":1324,\"like\":4929,\"duration\":287,\"idx\":1599642698,\"cid\":232856378,\"tid\":157,\"tname\":\"美妆\",\"tag\":{\"tag_id\":832569,\"tag_name\":\"美妆\",\"count\":{\"atten\":1007448}},\"dislike_reasons\":[{\"reason_id\":4,\"reason_name\":\"UP主:航悦\"},{\"reason_id\":2,\"reason_name\":\"分区:美妆\"},{\"reason_id\":3,\"reason_name\":\"标签:美妆\"},{\"reason_id\":1,\"reason_name\":\"不感兴趣\"}],\"ctime\":1599397468,\"autoplay\":1,\"mid\":491129560,\"name\":\"航悦\",\"face\":\"http://i0.hdslb.com/bfs/face/7fa9d632f2431ec20b2a3f378e85ba32057e3367.jpg\",\"official\":{\"role\":2,\"title\":\"美学专家、顶级明星妆发师航悦\",\"desc\":\"张雨绮、欧阳娜娜、文淇、刘亦菲等明星御用妆发师，2008年北京奥运会官员指定造型师\"}},{\"title\":\"【全明星】猪猪侠\",\"cover\":\"https://i2.hdslb.com/bfs/archive/8f19b4b3d656da7e924deb3c8317fe87e48bd129.jpg\",\"uri\":\"bilibili://video/542076205\",\"param\":\"542076205\",\"goto\":\"av\",\"desc\":\"318弹幕\",\"play\":95623,\"danmaku\":318,\"reply\":261,\"favorite\":2374,\"coin\":4540,\"share\":426,\"like\":8078,\"duration\":164,\"idx\":1599642697,\"cid\":233126439,\"tid\":22,\"tname\":\"鬼畜调教\",\"tag\":{\"tag_id\":68,\"tag_name\":\"鬼畜\",\"count\":{\"atten\":1778525}},\"dislike_reasons\":[{\"reason_id\":4,\"reason_name\":\"UP主:鸡鸡·夫斯基\"},{\"reason_id\":2,\"reason_name\":\"分区:鬼畜调教\"},{\"reason_id\":3,\"reason_name\":\"标签:鬼畜\"},{\"reason_id\":1,\"reason_name\":\"不感兴趣\"}],\"ctime\":1599473223,\"autoplay\":1,\"mid\":548824,\"name\":\"鸡鸡·夫斯基\",\"face\":\"http://i2.hdslb.com/bfs/face/5a2bf1243bce2403c7cd7b284882212492ee1370.jpg\",\"official\":{\"role\":1,\"title\":\"bilibili 知名UP主\"}},{\"title\":\"【欢天喜地好哥们】官 方 单 曲 M V【第5期+第6期】（伪）\",\"cover\":\"https://i2.hdslb.com/bfs/archive/50a83109e029fdc8a321c9c3208e51379b435ec6.jpg\",\"uri\":\"bilibili://video/797119700\",\"param\":\"797119700\",\"goto\":\"av\",\"desc\":\"292弹幕\",\"play\":55385,\"danmaku\":292,\"reply\":181,\"favorite\":6485,\"coin\":4427,\"share\":405,\"like\":11249,\"duration\":200,\"idx\":1599642696,\"cid\":233105160,\"tid\":47,\"tname\":\"短片·手书·配音\",\"tag\":{\"tag_id\":608,\"tag_name\":\"手书\",\"count\":{\"atten\":238453}},\"dislike_reasons\":[{\"reason_id\":4,\"reason_name\":\"UP主:阿然秋乏中\"},{\"reason_id\":2,\"reason_name\":\"分区:短片·手书·配音\"},{\"reason_id\":3,\"reason_name\":\"标签:手书\"},{\"reason_id\":1,\"reason_name\":\"不感兴趣\"}],\"ctime\":1599469064,\"autoplay\":1,\"mid\":22103333,\"name\":\"阿然秋乏中\",\"face\":\"http://i1.hdslb.com/bfs/face/fdc9152a3bd7bb2a5e3f88cbe116a50d3c940b90.jpg\"}]"},"ts":1599642901550}