{"options":{"awareOfChrome":false,"check_for_updates":true,"comment":null,"compat_arrayleft":false,"compat_foreach":false,"compat_forvarin":false,"compat_metadata":false,"compat_uW_gmonkey":false,"compat_wrappedjsobject":false,"compatopts_for_requires":true,"noframes":null,"override":{"merge_connects":true,"merge_excludes":true,"merge_includes":true,"merge_matches":true,"orig_connects":[],"orig_excludes":["*://*hentaiverse.org/equip/*","*://*hentaiverse.org/pages/showequip.php?*"],"orig_includes":["*://hentaiverse.org/*","*://alt.hentaiverse.org/*","file:///D:/Datas/Downloads/*.htm"],"orig_matches":[],"orig_noframes":null,"orig_run_at":"document-idle","use_blockers":[],"use_connects":[],"use_excludes":[],"use_includes":[],"use_matches":[]},"run_at":null},"settings":{"enabled":true,"position":19},"meta":{"name":"HV 战斗汉化","uuid":"b05377f1-e1af-4e90-92a2-d69d89d98a3d","modified":1599313927169,"file_url":"https://greasyfork.org/scripts/404120-hv-%E6%88%98%E6%96%97%E6%B1%89%E5%8C%96/code/HV%20%E6%88%98%E6%96%97%E6%B1%89%E5%8C%96.user.js"}}