{"options":{"awareOfChrome":false,"check_for_updates":true,"comment":null,"compat_arrayleft":false,"compat_foreach":false,"compat_forvarin":false,"compat_metadata":false,"compat_uW_gmonkey":false,"compat_wrappedjsobject":false,"compatopts_for_requires":true,"noframes":null,"override":{"merge_connects":true,"merge_excludes":true,"merge_includes":true,"merge_matches":true,"orig_connects":[],"orig_excludes":["*://*hentaiverse.org/?s=Character&ss=in*","*://*hentaiverse.org/?s=Character&ss=eq*","*://*hentaiverse.org/?s=Battle&ss=iw*","*://*hentaiverse.org/?s=Forge*","*://*hentaiverse.org/equip/*","*://*hentaiverse.org/pages/showequip.php?*"],"orig_includes":[],"orig_matches":["*://*hentaiverse.org/?s=Bazaar&ss=is*","*://*hentaiverse.org/?s=Bazaar&ss=es*","*://*hentaiverse.org/?s=Bazaar&ss=ss*","*://*hentaiverse.org/?s=Character&ss=it*","*://forums.e-hentai.org/*showtopic=*","*://*hentaiverse.org/?s=Bazaar&ss=lt*","*://*hentaiverse.org/?s=Bazaar&ss=la*"],"orig_noframes":null,"orig_run_at":"document-idle","use_blockers":[],"use_connects":[],"use_excludes":[],"use_includes":[],"use_matches":[]},"run_at":null},"settings":{"enabled":true,"position":20},"meta":{"name":"HV 物品装备汉化","uuid":"7783a53c-3613-438f-95da-f46f11f1204d","modified":1599313937072,"file_url":"https://greasyfork.org/scripts/404119-hv-%E7%89%A9%E5%93%81%E8%A3%85%E5%A4%87%E6%B1%89%E5%8C%96/code/HV%20%E7%89%A9%E5%93%81%E8%A3%85%E5%A4%87%E6%B1%89%E5%8C%96.user.js"}}