{"data":{"CatPW":"o{\"date\":\"2020/9/9\",\"sCode\":\"\",\"unPW\":\"damncrab%40TSDM\",\"Src\":\"https://pan.baidu.com/s/1k6Eu51UCDBI5K3WgI6hqeA\",\"surl\":\"\",\"Hash\":\"#fof8\",\"webSrc\":\"https%3A%2F%2Fwww.tsdm39.net%2Fforum.php%3Fmod%3Dviewthread%26tid%3D1013032%26extra%3Dpage%253D1\",\"webTitle\":\"%5B%E7%99%BE%E5%BA%A6%5D%5B%E4%BA%B2%E4%BC%A0%5D%5BKagura%20Mea%20%E7%A5%9E%E6%A5%BD%E3%82%81%E3%81%82%201st%20Fan%20Meeting%20in%20China%20~Episode%200~%5D%5Bwebdl%5D%5B8.78G%5D%20-%20MTV%20PV%20%E5%8A%A8%E6%BC%AB%E7%9B%B8%E5%85%B3%E6%BC%94%E5%94%B1%E4%BC%9A%E4%B8%8B%E8%BD%BD%20-%20%E5%A4%A9%E4%BD%BF%E5%8A%A8%E6%BC%AB%E8%AE%BA%E5%9D%9B%20-%20%E6%A2%A6%E5%BC%80%E5%A7%8B%E7%9A%84%E5%9C%B0%E6%96%B9%20-%20Powered%20by%20Discuz!\"}","CatPW_Manage":"o{\"StorageSave\":true,\"UpdataConfig\":{\"UpdataSave\":true,\"UpdataNotify\":true,\"UpdataPlugin\":true,\"UpdataVersion\":\"3.12.10\"},\"StorageExp\":\"999\"}"},"ts":1599643076023}