{"options":{"awareOfChrome":false,"check_for_updates":true,"comment":null,"compat_arrayleft":false,"compat_foreach":false,"compat_forvarin":false,"compat_metadata":false,"compat_uW_gmonkey":false,"compat_wrappedjsobject":false,"compatopts_for_requires":true,"noframes":null,"override":{"merge_connects":true,"merge_excludes":true,"merge_includes":true,"merge_matches":true,"orig_connects":[],"orig_excludes":["http*://tieba.baidu.com/f/fdir*","http*://tieba.baidu.com/f/search*","http*://tieba.baidu.com/f/center/*"],"orig_includes":["http*://tieba.baidu.com/*"],"orig_matches":[],"orig_noframes":null,"orig_run_at":"document-body","use_blockers":[],"use_connects":[],"use_excludes":[],"use_includes":[],"use_matches":[]},"run_at":null},"settings":{"enabled":true,"position":11},"meta":{"name":"贴吧全能助手(第三方修改)","uuid":"0ab551f0-84c3-4343-bbdc-0ba0ecca7f8d","modified":1599313431363,"file_url":"https://greasyfork.org/scripts/398404-%E8%B4%B4%E5%90%A7%E5%85%A8%E8%83%BD%E5%8A%A9%E6%89%8B-%E7%AC%AC%E4%B8%89%E6%96%B9%E4%BF%AE%E6%94%B9/code/%E8%B4%B4%E5%90%A7%E5%85%A8%E8%83%BD%E5%8A%A9%E6%89%8B(%E7%AC%AC%E4%B8%89%E6%96%B9%E4%BF%AE%E6%94%B9).user.js"}}