{"options":{"awareOfChrome":false,"check_for_updates":true,"comment":null,"compat_arrayleft":false,"compat_foreach":false,"compat_forvarin":false,"compat_metadata":false,"compat_uW_gmonkey":false,"compat_wrappedjsobject":false,"compatopts_for_requires":true,"noframes":null,"override":{"merge_connects":true,"merge_excludes":true,"merge_includes":true,"merge_matches":true,"orig_excludes":[],"orig_includes":[],"orig_matches":["https://store.steampowered.com/login*","https://steamcommunity.com/openid/login*"],"orig_noframes":null,"orig_run_at":"document-idle","use_blockers":[],"use_connects":[],"use_excludes":[],"use_includes":[],"use_matches":[]},"run_at":null},"settings":{"enabled":true,"position":1},"meta":{"name":"Steam Secure Login","uuid":"5cd36e05-1215-4b01-ae6c-a22b108acb36","modified":1553146569518,"file_url":"https://greasyfork.org/scripts/373317-steam-secure-login/code/Steam%20Secure%20Login.user.js"}}