{"data":{"backup":"o{\"西洋剑盾\":{\"version\":\"2.90\",\"lang\":\"0\",\"buffSkillSwitch\":true,\"debuffSkillSwitch\":true,\"skillSwitch\":true,\"dropMonitor\":true,\"recordUsage\":true,\"hp1\":75,\"mp1\":75,\"sp1\":75,\"attackStatus\":0,\"pauseButton\":true,\"pauseHotkey\":true,\"pauseHotkeyStr\":\" \",\"pauseHotkeyCode\":32,\"notification\":true,\"riddleRadio\":true,\"turnOnSS\":true,\"turnOnSSCondition\":{\"0\":[\"oc,1,249\"]},\"delayAlertTime\":0,\"delayReloadTime\":0,\"riddleAnswerTime\":5,\"staminaLose\":5,\"staminaPause\":true,\"staminaWarn\":true,\"idleArenaTime\":60,\"idleArenaLevels\":\"GF\",\"idleArenaValue\":\"gr\",\"arLevel\":{\"GF\":true},\"idleArenaGrTime\":999,\"repairValue\":0,\"autoPause\":true,\"pauseCondition\":{\"0\":[\"hp,2,30\"]},\"staminaLow\":30,\"delay\":200,\"delay2\":30,\"itemOrderName\":\"Cure,FC,HP,MP,SP,ME\",\"itemOrderValue\":\"311,313,11195,11295,11395,11299\",\"itemOrder\":{\"Cure\":true,\"FC\":true,\"HP\":true,\"MP\":true,\"ME\":true,\"SP\":true},\"item\":{\"Cure\":true,\"FC\":true,\"HP\":true,\"MP\":true,\"ME\":true,\"SP\":true},\"itemCureCondition\":{\"0\":[\"hp,2,60\"]},\"itemFCCondition\":{\"0\":[\"hp,2,40\"]},\"itemHPCondition\":{\"0\":[\"hp,2,50\"]},\"itemMPCondition\":{\"0\":[\"mp,2,50\"]},\"itemMECondition\":{\"0\":[\"mp,2,10\"]},\"itemSPCondition\":{\"0\":[\"sp,2,50\"]},\"channelSkill\":{\"AF\":true,\"He\":true,\"Re\":true},\"channelSkill2\":true,\"channelSkill2OrderName\":\"Cu,FC,AF,He,Re\",\"channelSkill2OrderValue\":\"311,313,432,431,312\",\"channelSkill2Order\":{\"Cu\":true,\"FC\":true,\"AF\":true,\"He\":true,\"Re\":true},\"buffSkillOrderValue\":\"Re,He\",\"buffSkillOrder\":{\"He\":true,\"Re\":true},\"buffSkill\":{\"HD\":true,\"MD\":true,\"SD\":true,\"He\":true,\"Re\":true,\"Ab\":true},\"buffSkillHDCondition\":{\"0\":[\"hp,2,70\"]},\"buffSkillMDCondition\":{\"0\":[\"hp,2,70\"]},\"buffSkillSDCondition\":{\"0\":[\"sp,2,70\"]},\"buffSkillHeCondition\":{\"0\":[\"_buffTurn_,2,2\"]},\"buffSkillReCondition\":{\"0\":[\"hp,2,80\"]},\"buffSkillAbCondition\":{\"0\":[\"_buffTurn_,2,1\"]},\"debuffSkillOrderValue\":\"Slo,Im,Si,Dr,We,MN,Bl\",\"debuffSkillOrder\":{\"Bl\":true,\"Slo\":true,\"Im\":true,\"MN\":true,\"Si\":true,\"Dr\":true,\"We\":true},\"debuffSkill\":{\"Bl\":true,\"Slo\":true,\"Im\":true,\"MN\":true,\"Si\":true,\"Dr\":true,\"We\":true},\"debuffSkillBlCondition\":{\"0\":[\"monsterAlive,4,bossAll\",\"_buffTurn_,2,1\",\"mp,1,50\"]},\"debuffSkillWeSlondition\":{\"0\":[\"monsterAlive,4,bossAll\",\"_buffTurn_,2,1\",\"mp,1,50\"]},\"debuffSkillImCondition\":{\"0\":[\"monsterAlive,4,bossAll\",\"_buffTurn_,2,1\",\"mp,1,50\"]},\"debuffSkillMNCondition\":{\"0\":[\"monsterAlive,4,bossAll\",\"_buffTurn_,2,1\",\"mp,1,50\"]},\"debuffSkillSiCondition\":{\"0\":[\"monsterAlive,4,bossAll\",\"_buffTurn_,2,1\",\"mp,1,50\"]},\"debuffSkillDrCondition\":{\"0\":[\"monsterAlive,4,bossAll\",\"_buffTurn_,2,1\",\"mp,1,50\"]},\"debuffSkillWeCondition\":{\"0\":[\"monsterAlive,4,bossAll\",\"_buffTurn_,2,1\",\"mp,1,50\"]},\"debuffSkillTurn\":{\"Sle\":0,\"Bl\":1,\"Slo\":1,\"Im\":1,\"MN\":1,\"Si\":1,\"Dr\":1,\"We\":1,\"Co\":0},\"skillOrderValue\":\"OFC,T3,T2,T1\",\"skillOrder\":{\"OFC\":true,\"T3\":true,\"T2\":true,\"T1\":true},\"skill\":{\"OFC\":true,\"T3\":true,\"T2\":true,\"T1\":true},\"skillOFCCondition\":{\"0\":[\"oc,1,200\"]},\"fightingStyle\":\"2\",\"mercifulBlow\":true,\"skillT3Condition\":{\"0\":[\"oc,2,200\"]},\"skillT2Condition\":{\"0\":[\"oc,2,200\"]},\"skillT1Condition\":{\"0\":[\"oc,2,200\"]},\"weight\":{\"Sle\":5,\"Bl\":3,\"Slo\":3,\"Im\":-5,\"MN\":-4,\"Si\":-4,\"Dr\":-4,\"We\":-4,\"Co\":-1,\"CM\":-5,\"Stun\":-4,\"PA\":-4,\"BW\":-4},\"dropQuality\":\"5\",\"roundNow\":\"1\",\"roundAll\":\"1\"}}","drop":"o{\"#startTime\":\"2020/4/9 21:39:42\",\"#EXP\":1376314278,\"#Credit\":43426,\"Crystal of Devotion\":102,\"Monster Chow\":36,\"Mana Draught\":60,\"Crystal of Vigor\":84,\"Crystal of Fortitude\":78,\"Crystal of Frost\":60,\"Mana Potion\":16,\"Health Draught\":54,\"Crystal of Lightning\":144,\"Scroll of Life\":3,\"Spirit Draught\":21,\"Health Potion\":17,\"Crystal of Flames\":126,\"Hoarded Disinfecting Wipes\":2,\"Crystal of Knowledge\":96,\"Crystal of Cunning\":90,\"Monster Edibles\":26,\"Scroll of Absorption\":3,\"Crystal of Swiftness\":108,\"Monster Cuisine\":22,\"Chaos Token\":5,\"Aether Shard\":1,\"Crystal of Tempest\":90,\"Crystal of Corruption\":90,\"Featherweight Shard\":1,\"Crystal of Finesse\":90,\"Scroll of Shadows\":2,\"Infusion of Darkness\":1,\"Bunny-Girl Costume\":1,\"Soul Fragments\":2,\"Scroll of Protection\":2,\"Scroll of the Avatar\":2,\"Infusion of Lightning\":1,\"Infusion of Storms\":1,\"Spirit Potion\":2,\"Dalek Voicebox\":2,\"Mithra's Flower\":1,\"ManBearPig Tail\":1,\"Hoarded Hand Sanitizer\":3,\"Health Elixir\":1,\"Scroll of the Gods\":1,\"Precursor Artifact\":1,\"Mana Elixir\":1,\"Sapling\":1,\"Scroll of Swiftness\":1,\"Happy Pills\":1,\"Hinamatsuri Doll\":1}","lastEncounter":"shttps://hentaiverse.org/?s=Battle&ss=ba&encounter=MzMyMTQ2NS0xNTg2NTE3NTk3LWEwNjg3MjFmMjc4NjZmNDJjYTIzMDBlMDFlNzY4YjRiYjRhYTA1OGM=","option":"o{\"version\":\"2.90\",\"lang\":\"0\",\"buffSkillSwitch\":true,\"debuffSkillSwitch\":true,\"skillSwitch\":true,\"dropMonitor\":true,\"recordUsage\":true,\"hp1\":75,\"mp1\":75,\"sp1\":75,\"attackStatus\":0,\"pauseButton\":true,\"pauseHotkey\":true,\"pauseHotkeyStr\":\" \",\"pauseHotkeyCode\":32,\"notification\":true,\"riddleRadio\":true,\"turnOnSS\":true,\"turnOnSSCondition\":{\"0\":[\"oc,1,249\"]},\"delayAlertTime\":0,\"delayReloadTime\":0,\"riddleAnswerTime\":5,\"staminaLose\":5,\"staminaPause\":true,\"staminaWarn\":true,\"idleArenaTime\":60,\"idleArenaLevels\":\"GF\",\"idleArenaValue\":\"gr\",\"arLevel\":{\"GF\":true},\"idleArenaGrTime\":999,\"repairValue\":0,\"autoPause\":true,\"pauseCondition\":{\"0\":[\"hp,2,30\"]},\"staminaLow\":30,\"delay\":200,\"delay2\":30,\"itemOrderName\":\"Cure,FC,HP,MP,SP,ME\",\"itemOrderValue\":\"311,313,11195,11295,11395,11299\",\"itemOrder\":{\"Cure\":true,\"FC\":true,\"HP\":true,\"MP\":true,\"ME\":true,\"SP\":true},\"item\":{\"Cure\":true,\"FC\":true,\"HP\":true,\"MP\":true,\"ME\":true,\"SP\":true},\"itemCureCondition\":{\"0\":[\"hp,2,60\"]},\"itemFCCondition\":{\"0\":[\"hp,2,40\"]},\"itemHPCondition\":{\"0\":[\"hp,2,50\"]},\"itemMPCondition\":{\"0\":[\"mp,2,50\"]},\"itemMECondition\":{\"0\":[\"mp,2,10\"]},\"itemSPCondition\":{\"0\":[\"sp,2,50\"]},\"channelSkill\":{\"AF\":true,\"He\":true,\"Re\":true},\"channelSkill2\":true,\"channelSkill2OrderName\":\"Cu,FC,AF,He,Re\",\"channelSkill2OrderValue\":\"311,313,432,431,312\",\"channelSkill2Order\":{\"Cu\":true,\"FC\":true,\"AF\":true,\"He\":true,\"Re\":true},\"buffSkillOrderValue\":\"Re,He\",\"buffSkillOrder\":{\"He\":true,\"Re\":true},\"buffSkill\":{\"HD\":true,\"MD\":true,\"SD\":true,\"He\":true,\"Re\":true,\"Ab\":true},\"buffSkillHDCondition\":{\"0\":[\"hp,2,70\"]},\"buffSkillMDCondition\":{\"0\":[\"hp,2,70\"]},\"buffSkillSDCondition\":{\"0\":[\"sp,2,70\"]},\"buffSkillHeCondition\":{\"0\":[\"_buffTurn_,2,2\"]},\"buffSkillReCondition\":{\"0\":[\"hp,2,80\"]},\"buffSkillAbCondition\":{\"0\":[\"_buffTurn_,2,1\"]},\"debuffSkillOrderValue\":\"Slo,Im,Si,Dr,We,MN,Bl\",\"debuffSkillOrder\":{\"Bl\":true,\"Slo\":true,\"Im\":true,\"MN\":true,\"Si\":true,\"Dr\":true,\"We\":true},\"debuffSkill\":{\"Bl\":true,\"Slo\":true,\"Im\":true,\"MN\":true,\"Si\":true,\"Dr\":true,\"We\":true},\"debuffSkillBlCondition\":{\"0\":[\"monsterAlive,4,bossAll\",\"_buffTurn_,2,1\",\"mp,1,50\"]},\"debuffSkillWeSlondition\":{\"0\":[\"monsterAlive,4,bossAll\",\"_buffTurn_,2,1\",\"mp,1,50\"]},\"debuffSkillImCondition\":{\"0\":[\"monsterAlive,4,bossAll\",\"_buffTurn_,2,1\",\"mp,1,50\"]},\"debuffSkillMNCondition\":{\"0\":[\"monsterAlive,4,bossAll\",\"_buffTurn_,2,1\",\"mp,1,50\"]},\"debuffSkillSiCondition\":{\"0\":[\"monsterAlive,4,bossAll\",\"_buffTurn_,2,1\",\"mp,1,50\"]},\"debuffSkillDrCondition\":{\"0\":[\"monsterAlive,4,bossAll\",\"_buffTurn_,2,1\",\"mp,1,50\"]},\"debuffSkillWeCondition\":{\"0\":[\"monsterAlive,4,bossAll\",\"_buffTurn_,2,1\",\"mp,1,50\"]},\"debuffSkillTurn\":{\"Sle\":0,\"Bl\":1,\"Slo\":1,\"Im\":1,\"MN\":1,\"Si\":1,\"Dr\":1,\"We\":1,\"Co\":0},\"skillOrderValue\":\"OFC,T3,T2,T1\",\"skillOrder\":{\"OFC\":true,\"T3\":true,\"T2\":true,\"T1\":true},\"skill\":{\"OFC\":true,\"T3\":true,\"T2\":true,\"T1\":true},\"skillOFCCondition\":{\"0\":[\"oc,1,200\"]},\"fightingStyle\":\"2\",\"mercifulBlow\":true,\"skillT3Condition\":{\"0\":[\"oc,2,200\"]},\"skillT2Condition\":{\"0\":[\"oc,2,200\"]},\"skillT1Condition\":{\"0\":[\"oc,2,200\"]},\"weight\":{\"Sle\":5,\"Bl\":3,\"Slo\":3,\"Im\":-5,\"MN\":-4,\"Si\":-4,\"Dr\":-4,\"We\":-4,\"Co\":-1,\"CM\":-5,\"Stun\":-4,\"PA\":-4,\"BW\":-4},\"dropQuality\":\"5\",\"roundNow\":\"1\",\"roundAll\":\"1\"}","staminaLostLog":"o{\"2020/4/9 22:39:57\":3,\"2020/4/10 18:30:53\":3}","stats":"o{\"self\":{\"_startTime\":\"2020/4/9 21:38:57\",\"_turn\":14166,\"_round\":347,\"_battle\":6,\"_monster\":1793,\"_boss\":10,\"evade\":14273,\"miss\":1332,\"focus\":0,\"attack\":11361,\"spirit\":309},\"restore\":{\"魔力 药水\":3468,\"Regen\":6732109,\"Mana Potion\":122015,\"Replenishment\":55179,\"Regeneration\":815762,\"Mana Gem\":6006,\"Health Gem\":29751,\"Refreshment\":10880,\"Cure\":679477,\"Spirit Gem\":2388,\"drain\":128625,\"Mana Elixir\":1759},\"items\":{\"魔力 药水\":5,\"Mana Potion\":176,\"Health Draught\":74,\"Mana Draught\":77,\"Mana Gem\":13,\"Health Gem\":4,\"Spirit Draught\":20,\"Mystic Gem\":15,\"Spirit Gem\":12,\"体力 长效药\":3,\"Mana Elixir\":1},\"magic\":{\"Heartseeker\":25,\"Slow\":1307,\"Regen\":67,\"Orbital Friendship Cannon\":271,\"Shield Bash\":159,\"Merciful Blow\":81,\"Vital Strike\":80,\"Cure\":67,\"Imperil\":52,\"Silence\":8,\"Drain\":10,\"Weaken\":38,\"MagNet\":6,\"Blind\":5},\"damage\":{\"spike shield\":547462,\"counter\":32324475,\"Holy Strike\":18056988,\"crit\":63964846,\"hit\":47981465,\"Orbital Friendship Cannon\":134388153,\"Shield Bash\":2608198,\"Merciful Blow\":10206324,\"Vital Strike\":7593182,\"Bleeding Wound\":303746,\"Vital Theft\":16728},\"hurt\":{\"mp\":186294,\"oc\":2811,\"_avg\":1507,\"_count\":5554,\"_total\":8368775,\"_mavg\":3029,\"_mcount\":617,\"_mtotal\":1868863,\"_pavg\":1317,\"_pcount\":4937,\"_ptotal\":6499912,\"crush\":2798808,\"pierc\":2551751,\"fire\":302419,\"spirit shield_spirit\":10378,\"wind\":233852,\"void\":631886,\"elec\":315189,\"slash\":1258508,\"dark\":253522,\"cold\":197521,\"holy\":746750},\"proficiency\":{\"supportive magic\":0.141,\"deprecating magic\":0.141,\"heavy armor\":0.14,\"one-handed weapon\":0.14,\"forbidden magic\":0.308,\"divine magic\":0.308,\"elemental magic\":0.308,\"light armor\":0.309,\"cloth armor\":0.308,\"staff\":0.308,\"dual wielding\":0.308,\"two-handed weapon\":0.308}}","url":"shttps://hentaiverse.org"},"ts":1586519854186}