{"data":{"CatPW":"o{\"date\":\"2020/4/11\",\"sCode\":\"\",\"unPW\":\"\",\"Src\":\"https://www.lanzous.com/b143614/#d457\",\"surl\":\"\",\"Hash\":\"#d457\",\"webSrc\":\"https%3A%2F%2Fwww.repaik.com%2Fforum.php%3Fmod%3Dviewthread%26tid%3D53948%26extra%3Dpage%253D1\",\"webTitle\":\"%5B2020%2F04%2F10%5D%E5%BE%AE%E8%BD%AF%E5%B8%B8%E7%94%A8%E8%BF%90%E8%A1%8C%E5%BA%93%E5%90%88%E9%9B%86%202020.04.10-%E7%9D%BF%E6%B4%BE%E5%85%8B%E6%8A%80%E6%9C%AF%E8%AE%BA%E5%9D%9B\"}","CatPW_Manage":"o{\"StorageSave\":true,\"UpdataConfig\":{\"UpdataSave\":true,\"UpdataNotify\":true,\"UpdataPlugin\":true,\"UpdataVersion\":\"3.12.7\"},\"StorageExp\":365}"},"ts":1586569356499}