{"options":{"awareOfChrome":false,"check_for_updates":true,"comment":null,"compat_arrayleft":false,"compat_foreach":false,"compat_forvarin":false,"compat_metadata":false,"compat_uW_gmonkey":false,"compat_wrappedjsobject":true,"compatopts_for_requires":true,"noframes":null,"override":{"merge_connects":true,"merge_excludes":true,"merge_includes":true,"merge_matches":true,"orig_connects":["blogjav.net","pixhost.to","115.com","btso.pw","btdb.to","p42u.com"],"orig_excludes":[],"orig_includes":["http*://*javlibrary.com/*","http*://*.h28o.com/*","http*://*.p42u.com/*","https://www.javbus.com/*","https://www.javbus2.com/*","https://www.javbus3.com/*","https://www.javbus5.com/*","https://www.javbus7.com/*","https://www.javbus.me/*","http*://www.javbus.com/*","http*://www.seedmm.in/*","http*://www.seedmm.us/*","http*://www.busjav.us/*","http*://www.dmmbus.us/*","http*://*avmo.pw/*","http*://*avio.pw/*","http*://*avso.pw/*","http*://*avxo.pw/*","http://115.com/*"],"orig_matches":[],"orig_noframes":null,"orig_run_at":"document-idle","use_blockers":[],"use_connects":[],"use_excludes":[],"use_includes":[],"use_matches":[]},"run_at":null},"settings":{"enabled":true,"position":7},"meta":{"name":"JAV老司机-完全体-改","uuid":"e8828cfc-c1ea-47c0-b352-cac82f8ac867","modified":1579275542483,"file_url":"https://sleazyfork.org/scripts/373342-jav%E8%80%81%E5%8F%B8%E6%9C%BA-%E5%AE%8C%E5%85%A8%E4%BD%93-%E6%94%B9/code/JAV%E8%80%81%E5%8F%B8%E6%9C%BA-%E5%AE%8C%E5%85%A8%E4%BD%93-%E6%94%B9.user.js"}}