{"data":{"historyRecommend":"s[{\"title\":\"【江南百景图手书】严大人的千层套路\",\"cover\":\"https://i0.hdslb.com/bfs/archive/9c8339c6d63e6ef2d2259b2a06ffe54bf008bece.jpg\",\"uri\":\"bilibili://video/839067601\",\"param\":\"839067601\",\"goto\":\"av\",\"desc\":\"392弹幕\",\"play\":185084,\"danmaku\":392,\"reply\":656,\"favorite\":8839,\"coin\":39980,\"share\":4755,\"like\":30271,\"duration\":98,\"idx\":1596767883,\"cid\":220936626,\"tid\":47,\"tname\":\"短片·手书·配音\",\"tag\":{\"tag_id\":608,\"tag_name\":\"手书\",\"count\":{\"atten\":231177}},\"dislike_reasons\":[{\"reason_id\":4,\"reason_name\":\"UP主:烧瓶斯基Flasky\"},{\"reason_id\":2,\"reason_name\":\"分区:短片·手书·配音\"},{\"reason_id\":3,\"reason_name\":\"标签:手书\"},{\"reason_id\":1,\"reason_name\":\"不感兴趣\"}],\"ctime\":1596654440,\"autoplay\":1,\"mid\":529472,\"name\":\"烧瓶斯基Flasky\",\"face\":\"http://i0.hdslb.com/bfs/face/795ea542980885532c2165dd7dc9a0c073b49800.jpg\",\"autoplay_card\":2},{\"title\":\"【莉莉子】Brown Eyed Girls Abracadabra 竖屏试拍\",\"cover\":\"https://i0.hdslb.com/bfs/archive/db97f7b2675876c9ef5dcbb971742edd1488c188.jpg\",\"uri\":\"bilibili://video/711627634\",\"param\":\"711627634\",\"goto\":\"av\",\"desc\":\"67弹幕\",\"play\":49348,\"danmaku\":67,\"reply\":263,\"favorite\":5128,\"coin\":1370,\"share\":89,\"like\":2953,\"duration\":125,\"idx\":1596767882,\"cid\":221041909,\"tid\":199,\"tname\":\"明星舞蹈\",\"tag\":{\"tag_id\":376,\"tag_name\":\"舞蹈\",\"count\":{\"atten\":135349}},\"dislike_reasons\":[{\"reason_id\":4,\"reason_name\":\"UP主:龙神莉莉子\"},{\"reason_id\":2,\"reason_name\":\"分区:明星舞蹈\"},{\"reason_id\":3,\"reason_name\":\"标签:舞蹈\"},{\"reason_id\":1,\"reason_name\":\"不感兴趣\"}],\"ctime\":1596713187,\"autoplay\":1,\"mid\":10494755,\"name\":\"龙神莉莉子\",\"face\":\"http://i1.hdslb.com/bfs/face/2e17353d0422b0a81b4367e3d9b90bd3fc21e9f9.jpg\",\"official\":{\"role\":1,\"title\":\"bilibili 知名舞蹈UP主\"}},{\"title\":\"吃鸡中考！请问手雷在这里爆炸，人会怎么样？【互动】\",\"cover\":\"https://i1.hdslb.com/bfs/archive/f94beb27075b9a663d124f2275da1f49d6dc6ad3.jpg\",\"uri\":\"bilibili://video/626601011\",\"param\":\"626601011\",\"goto\":\"av\",\"desc\":\"3280弹幕\",\"play\":101812,\"danmaku\":3280,\"reply\":535,\"favorite\":720,\"coin\":945,\"share\":134,\"like\":14256,\"duration\":226,\"idx\":1596767881,\"cid\":220726388,\"tid\":172,\"tname\":\"手机游戏\",\"tag\":{\"tag_id\":3243689,\"tag_name\":\"绝地求生\",\"count\":{\"atten\":777674}},\"dislike_reasons\":[{\"reason_id\":4,\"reason_name\":\"UP主:靠嘴吃饭的阿坑\"},{\"reason_id\":2,\"reason_name\":\"分区:手机游戏\"},{\"reason_id\":3,\"reason_name\":\"标签:绝地求生\"},{\"reason_id\":1,\"reason_name\":\"不感兴趣\"}],\"ctime\":1596618981,\"mid\":448054832,\"name\":\"靠嘴吃饭的阿坑\",\"face\":\"http://i1.hdslb.com/bfs/face/c3c7dc0865205b483503d451241063c620fd3b52.jpg\"},{\"title\":\"香菇是这样叫\",\"cover\":\"https://i2.hdslb.com/bfs/archive/a329980d9430703ad0be073348ea18172423be02.jpg\",\"uri\":\"bilibili://video/841591302\",\"param\":\"841591302\",\"goto\":\"av\",\"desc\":\"1800弹幕\",\"play\":190557,\"danmaku\":1800,\"reply\":1119,\"favorite\":5277,\"coin\":7991,\"share\":2430,\"like\":23078,\"duration\":91,\"idx\":1596767880,\"cid\":220933774,\"tid\":22,\"tname\":\"鬼畜调教\",\"tag\":{\"tag_id\":68,\"tag_name\":\"鬼畜\",\"count\":{\"atten\":1702962}},\"dislike_reasons\":[{\"reason_id\":4,\"reason_name\":\"UP主:TØm\"},{\"reason_id\":2,\"reason_name\":\"分区:鬼畜调教\"},{\"reason_id\":3,\"reason_name\":\"标签:鬼畜\"},{\"reason_id\":1,\"reason_name\":\"不感兴趣\"}],\"ctime\":1596704400,\"autoplay\":1,\"mid\":7980111,\"name\":\"TØm\",\"face\":\"http://i0.hdslb.com/bfs/face/95d20108a36249acabc4bcd0b1888ef011d45c91.png\",\"official\":{\"role\":1,\"title\":\"bilibili 知名UP主、高能联盟成员\"}},{\"title\":\"\\\"想打败中国，除非上帝戴着钢盔亲自参战\\\"\",\"cover\":\"https://i2.hdslb.com/bfs/archive/7f274c73239d65a1a862e312b1e67642db522b08.jpg\",\"uri\":\"bilibili://video/499003659\",\"param\":\"499003659\",\"goto\":\"av\",\"desc\":\"13473弹幕\",\"play\":2214129,\"danmaku\":13473,\"reply\":11662,\"favorite\":36313,\"coin\":45178,\"share\":2493,\"like\":162988,\"duration\":202,\"idx\":1596767879,\"cid\":219274379,\"tid\":183,\"tname\":\"影视剪辑\",\"tag\":{\"tag_id\":117116,\"tag_name\":\"志愿军\",\"count\":{\"atten\":340}},\"dislike_reasons\":[{\"reason_id\":4,\"reason_name\":\"UP主:wrizedm\"},{\"reason_id\":2,\"reason_name\":\"分区:影视剪辑\"},{\"reason_id\":3,\"reason_name\":\"标签:志愿军\"},{\"reason_id\":1,\"reason_name\":\"不感兴趣\"}],\"ctime\":1596290794,\"autoplay\":1,\"mid\":346749212,\"name\":\"wrizedm\",\"face\":\"http://i1.hdslb.com/bfs/face/c42bdd491afc7bad61741a8da438c10d050f01d5.jpg\"},{\"title\":\"【大仙全家桶】曜FMVP技能特效曝光！还是那个话痨，爷的青春回来了！\",\"cover\":\"https://i2.hdslb.com/bfs/archive/5559367eedf55e4298eca30a67f0461e17b2c82e.jpg\",\"uri\":\"bilibili://video/796713313\",\"param\":\"796713313\",\"goto\":\"av\",\"desc\":\"5543弹幕\",\"play\":459931,\"danmaku\":5543,\"reply\":1862,\"favorite\":2418,\"coin\":5297,\"share\":1058,\"like\":52547,\"duration\":552,\"idx\":1596767878,\"cid\":221167748,\"tid\":171,\"tname\":\"电子竞技\",\"tag\":{\"tag_id\":3007,\"tag_name\":\"手机游戏\",\"count\":{\"atten\":171368}},\"dislike_reasons\":[{\"reason_id\":4,\"reason_name\":\"UP主:指法芬芳张大仙\"},{\"reason_id\":2,\"reason_name\":\"分区:电子竞技\"},{\"reason_id\":3,\"reason_name\":\"标签:手机游戏\"},{\"reason_id\":1,\"reason_name\":\"不感兴趣\"}],\"ctime\":1596715655,\"autoplay\":1,\"mid\":1935882,\"name\":\"指法芬芳张大仙\",\"face\":\"http://i0.hdslb.com/bfs/face/6426336744dd49a744eca32855808073988bd2ce.jpg\",\"official\":{\"role\":2,\"title\":\"知名游戏主播张大仙\"}},{\"title\":\"皮肤学博士教护肤：鼻侧和下巴毛孔处的小颗粒怎么办？\",\"cover\":\"https://i0.hdslb.com/bfs/archive/73036523882d1eadd2dde62ef7744b7308cfde44.jpg\",\"uri\":\"bilibili://video/584084284\",\"param\":\"584084284\",\"goto\":\"av\",\"desc\":\"950弹幕\",\"play\":461221,\"danmaku\":950,\"reply\":1164,\"favorite\":21319,\"coin\":7819,\"share\":1208,\"like\":29810,\"duration\":289,\"idx\":1596767877,\"cid\":219296741,\"tid\":157,\"tname\":\"美妆\",\"tag\":{\"tag_id\":832569,\"tag_name\":\"美妆\",\"count\":{\"atten\":968811}},\"dislike_reasons\":[{\"reason_id\":4,\"reason_name\":\"UP主:冰寒哥\"},{\"reason_id\":2,\"reason_name\":\"分区:美妆\"},{\"reason_id\":3,\"reason_name\":\"标签:美妆\"},{\"reason_id\":1,\"reason_name\":\"不感兴趣\"}],\"ctime\":1596456036,\"autoplay\":1,\"mid\":37889997,\"name\":\"冰寒哥\",\"face\":\"http://i1.hdslb.com/bfs/face/9901d2301367671e8a201068e1f1d7221ad9d339.jpg\",\"official\":{\"role\":2,\"title\":\"知名护肤专家冰寒，皮肤学博士在读\",\"desc\":\"代表作《听肌肤的话》、《药妆品》\"}},{\"title\":\"当你走了，我的世界黯然失色\",\"cover\":\"https://i2.hdslb.com/bfs/archive/12aecff72817e4655e9296defada9986a22d82c2.jpg\",\"uri\":\"bilibili://video/201531208\",\"param\":\"201531208\",\"goto\":\"av\",\"desc\":\"1854弹幕\",\"play\":292802,\"danmaku\":1854,\"reply\":947,\"favorite\":13651,\"coin\":13723,\"share\":1597,\"like\":42085,\"duration\":171,\"idx\":1596767876,\"cid\":220092151,\"tid\":22,\"tname\":\"鬼畜调教\",\"tag\":{\"tag_id\":1019252,\"tag_name\":\"童年回忆杀\",\"count\":{\"atten\":24321}},\"dislike_reasons\":[{\"reason_id\":4,\"reason_name\":\"UP主:红豆稀饭中\"},{\"reason_id\":2,\"reason_name\":\"分区:鬼畜调教\"},{\"reason_id\":3,\"reason_name\":\"标签:童年回忆杀\"},{\"reason_id\":1,\"reason_name\":\"不感兴趣\"}],\"ctime\":1596621644,\"autoplay\":1,\"mid\":250648682,\"name\":\"红豆稀饭中\",\"face\":\"http://i1.hdslb.com/bfs/face/3dc6737d4ab6e8d0390409af88e9d24c3056a53b.jpg\",\"official\":{\"role\":1,\"title\":\"bilibili 知名鬼畜UP主\",\"desc\":\"黄绿合战4th嘉宾\"}},{\"title\":\"小狗被当成繁育机器，得了性病被抛弃，我们在尽力救它......\",\"cover\":\"https://i2.hdslb.com/bfs/archive/dcd3851f90d05d0c360e1ea2bddaf0de8a11ec44.jpg\",\"uri\":\"bilibili://video/456552121\",\"param\":\"456552121\",\"goto\":\"av\",\"desc\":\"158弹幕\",\"play\":79379,\"danmaku\":158,\"reply\":154,\"favorite\":560,\"coin\":5645,\"share\":56,\"like\":6591,\"duration\":318,\"idx\":1596767875,\"cid\":220790858,\"tid\":75,\"tname\":\"动物圈\",\"tag\":{\"tag_id\":6943,\"tag_name\":\"萌宠\",\"count\":{\"atten\":402401}},\"dislike_reasons\":[{\"reason_id\":4,\"reason_name\":\"UP主:爱之家的小伙伴\"},{\"reason_id\":2,\"reason_name\":\"分区:动物圈\"},{\"reason_id\":3,\"reason_name\":\"标签:萌宠\"},{\"reason_id\":1,\"reason_name\":\"不感兴趣\"}],\"ctime\":1596627364,\"autoplay\":1,\"mid\":470944410,\"name\":\"爱之家的小伙伴\",\"face\":\"http://i2.hdslb.com/bfs/face/e41e16a87c1c68c1661708648ad4ded039996705.jpg\"},{\"title\":\"这玩意我能玩一天\",\"cover\":\"https://i0.hdslb.com/bfs/archive/fc7193ba628c9fa485c86c9257d9fb3a08e8fbef.jpg\",\"uri\":\"bilibili://video/584110542\",\"param\":\"584110542\",\"goto\":\"av\",\"desc\":\"208弹幕\",\"play\":655028,\"danmaku\":208,\"reply\":722,\"favorite\":10280,\"coin\":1442,\"share\":2678,\"like\":29007,\"duration\":61,\"idx\":1596767874,\"cid\":218912026,\"tid\":21,\"tname\":\"日常\",\"tag\":{\"tag_id\":2676001,\"tag_name\":\"手办模玩\",\"count\":{\"atten\":173777}},\"dislike_reasons\":[{\"reason_id\":4,\"reason_name\":\"UP主:琵卡琵\"},{\"reason_id\":2,\"reason_name\":\"分区:日常\"},{\"reason_id\":3,\"reason_name\":\"标签:手办模玩\"},{\"reason_id\":1,\"reason_name\":\"不感兴趣\"}],\"ctime\":1596238064,\"autoplay\":1,\"mid\":601199200,\"name\":\"琵卡琵\",\"face\":\"http://i1.hdslb.com/bfs/face/1cdeebf683bcd48af3e78c0d29e59a08bdfeccf4.jpg\"}]"},"ts":1596767888077}