{"data":{"historyRecommend":"s[{\"title\":\"全世界都听不见\",\"cover\":\"https://i0.hdslb.com/bfs/archive/d3284bcde29a974d816ada040d9081c5da8b69b2.jpg\",\"uri\":\"bilibili://video/669497230\",\"param\":\"669497230\",\"goto\":\"av\",\"desc\":\"874弹幕\",\"play\":626014,\"danmaku\":874,\"reply\":1108,\"favorite\":16096,\"coin\":17160,\"share\":4008,\"like\":52832,\"duration\":111,\"idx\":1599271524,\"cid\":231815142,\"tid\":22,\"tname\":\"鬼畜调教\",\"tag\":{\"tag_id\":68,\"tag_name\":\"鬼畜\",\"count\":{\"atten\":1771933}},\"dislike_reasons\":[{\"reason_id\":4,\"reason_name\":\"UP主:至精至简\"},{\"reason_id\":2,\"reason_name\":\"分区:鬼畜调教\"},{\"reason_id\":3,\"reason_name\":\"标签:鬼畜\"},{\"reason_id\":1,\"reason_name\":\"不感兴趣\"}],\"ctime\":1599121052,\"autoplay\":1,\"mid\":87172593,\"name\":\"至精至简\",\"face\":\"http://i0.hdslb.com/bfs/face/d366b5e52d29c072ee68898b8419c21607246d27.jpg\",\"autoplay_card\":2},{\"title\":\"「花生説」华为P40对不起，我才是圾皇？【三星Note20（含Ultra）深度测评】\",\"cover\":\"https://i0.hdslb.com/bfs/archive/5ebc8a9979e5f88b7daf8973ffbe2ec103c55be4.jpg\",\"uri\":\"bilibili://video/541914663\",\"param\":\"541914663\",\"goto\":\"av\",\"desc\":\"1490弹幕\",\"play\":75458,\"danmaku\":1490,\"reply\":588,\"favorite\":1246,\"coin\":5148,\"share\":145,\"like\":9724,\"duration\":1115,\"idx\":1599271523,\"cid\":231914384,\"tid\":95,\"tname\":\"手机平板\",\"tag\":{\"tag_id\":16906,\"tag_name\":\"数码\",\"count\":{\"atten\":286429}},\"dislike_reasons\":[{\"reason_id\":4,\"reason_name\":\"UP主:花生説\"},{\"reason_id\":2,\"reason_name\":\"分区:手机平板\"},{\"reason_id\":3,\"reason_name\":\"标签:数码\"},{\"reason_id\":1,\"reason_name\":\"不感兴趣\"}],\"ctime\":1599220811,\"autoplay\":1,\"mid\":25480023,\"name\":\"花生説\",\"face\":\"http://i2.hdslb.com/bfs/face/74d3ff13bcb5f04d4bb5ca2b969ae95a8e50aeec.jpg\",\"official\":{\"role\":1,\"title\":\"bilibili 知名科技UP主\"}},{\"title\":\"【中文版首发？！】KDA新歌THE BADDEST热血翻唱【英雄联盟】\",\"cover\":\"https://i0.hdslb.com/bfs/archive/7f5a5f57b21ab6482332be2eb48f7be47efba484.jpg\",\"uri\":\"bilibili://video/884489496\",\"param\":\"884489496\",\"goto\":\"av\",\"desc\":\"265弹幕\",\"play\":142640,\"danmaku\":265,\"reply\":523,\"favorite\":3597,\"coin\":6596,\"share\":753,\"like\":9320,\"duration\":162,\"idx\":1599271522,\"cid\":231789292,\"tid\":31,\"tname\":\"翻唱\",\"tag\":{\"tag_id\":62526,\"tag_name\":\"电子竞技\",\"count\":{\"atten\":109763}},\"dislike_reasons\":[{\"reason_id\":4,\"reason_name\":\"UP主:海卫十一HeavenEleven\"},{\"reason_id\":2,\"reason_name\":\"分区:翻唱\"},{\"reason_id\":3,\"reason_name\":\"标签:电子竞技\"},{\"reason_id\":1,\"reason_name\":\"不感兴趣\"}],\"ctime\":1599130835,\"autoplay\":1,\"mid\":670972766,\"name\":\"海卫十一HeavenEleven\",\"face\":\"http://i2.hdslb.com/bfs/face/e2e757fe791639292d6177dfe3e0da8608f16b80.jpg\"},{\"title\":\"诡 秘 把 妹 王\",\"cover\":\"https://i2.hdslb.com/bfs/archive/61c00106fd5f74e093de0a5c9caa386da26333bb.jpg\",\"uri\":\"bilibili://video/926996950\",\"param\":\"926996950\",\"goto\":\"av\",\"desc\":\"834弹幕\",\"play\":67997,\"danmaku\":834,\"reply\":510,\"favorite\":4886,\"coin\":7324,\"share\":723,\"like\":7499,\"duration\":329,\"idx\":1599271521,\"cid\":231683766,\"tid\":17,\"tname\":\"单机游戏\",\"tag\":{\"tag_id\":15945025,\"tag_name\":\"故事制造大赛\",\"count\":{\"atten\":43}},\"dislike_reasons\":[{\"reason_id\":4,\"reason_name\":\"UP主:校园十大鸽手\"},{\"reason_id\":2,\"reason_name\":\"分区:单机游戏\"},{\"reason_id\":3,\"reason_name\":\"标签:故事制造大赛\"},{\"reason_id\":1,\"reason_name\":\"不感兴趣\"}],\"ctime\":1599169360,\"mid\":3115264,\"name\":\"校园十大鸽手\",\"face\":\"http://i1.hdslb.com/bfs/face/cbacfef3927bc6798b2a5789a6c3d3552e522fb2.jpg\"},{\"title\":\"【WNS中字】200904  BTS“Dynamite” Live：Recording Academy Press Play\",\"cover\":\"https://i0.hdslb.com/bfs/archive/73ec728351fedb0dc0b9063aceb72bd5620675cc.jpg\",\"uri\":\"bilibili://video/499425448\",\"param\":\"499425448\",\"goto\":\"av\",\"desc\":\"1921弹幕\",\"play\":134650,\"danmaku\":1921,\"reply\":560,\"favorite\":6718,\"coin\":1919,\"share\":972,\"like\":12221,\"duration\":213,\"idx\":1599271520,\"cid\":232013800,\"tid\":29,\"tname\":\"音乐现场\",\"tag\":{\"tag_id\":6012204,\"tag_name\":\"明星舞蹈\",\"count\":{\"atten\":186837}},\"dislike_reasons\":[{\"reason_id\":4,\"reason_name\":\"UP主:WNS_WeNeedBTS\"},{\"reason_id\":2,\"reason_name\":\"分区:音乐现场\"},{\"reason_id\":3,\"reason_name\":\"标签:明星舞蹈\"},{\"reason_id\":1,\"reason_name\":\"不感兴趣\"}],\"ctime\":1599183829,\"autoplay\":1,\"mid\":14025362,\"name\":\"WNS_WeNeedBTS\",\"face\":\"http://i0.hdslb.com/bfs/face/1a41d29489fae1110a25b581c3817295c3224c09.jpg\",\"official\":{\"role\":1,\"title\":\"bilibili 知名娱乐UP主\"}},{\"title\":\"我一个人过18岁成年生日\",\"cover\":\"https://i2.hdslb.com/bfs/archive/98f138478442408b1e59b1948d288f455dde634f.jpg\",\"uri\":\"bilibili://video/926956985\",\"param\":\"926956985\",\"goto\":\"av\",\"desc\":\"5549弹幕\",\"play\":64476,\"danmaku\":5549,\"reply\":1927,\"favorite\":1956,\"coin\":5139,\"share\":91,\"like\":13114,\"duration\":419,\"idx\":1599271519,\"cid\":232043481,\"tid\":21,\"tname\":\"日常\",\"tag\":{\"tag_id\":2511282,\"tag_name\":\"vlog\",\"count\":{\"atten\":434934}},\"dislike_reasons\":[{\"reason_id\":4,\"reason_name\":\"UP主:1ng_萌心\"},{\"reason_id\":2,\"reason_name\":\"分区:日常\"},{\"reason_id\":3,\"reason_name\":\"标签:vlog\"},{\"reason_id\":1,\"reason_name\":\"不感兴趣\"}],\"ctime\":1599210345,\"autoplay\":1,\"mid\":13430593,\"name\":\"1ng_萌心\",\"face\":\"http://i1.hdslb.com/bfs/face/ed983220807ef9017f5834088bbcb699bd89fa24.jpg\",\"official\":{\"role\":1,\"title\":\"bilibili 知名UP主\"}},{\"title\":\"“无罪？去地狱说去吧”\",\"cover\":\"https://i1.hdslb.com/bfs/archive/009ff217f88eedcc832e26db23c23b42b838abef.jpg\",\"uri\":\"bilibili://video/839383684\",\"param\":\"839383684\",\"goto\":\"av\",\"desc\":\"1505弹幕\",\"play\":238903,\"danmaku\":1505,\"reply\":3112,\"favorite\":5650,\"coin\":4535,\"share\":317,\"like\":19789,\"duration\":201,\"idx\":1599271518,\"cid\":230469563,\"tid\":183,\"tname\":\"影视剪辑\",\"tag\":{\"tag_id\":882598,\"tag_name\":\"影视混剪\",\"count\":{\"atten\":323570}},\"dislike_reasons\":[{\"reason_id\":4,\"reason_name\":\"UP主:莫实说\"},{\"reason_id\":2,\"reason_name\":\"分区:影视剪辑\"},{\"reason_id\":3,\"reason_name\":\"标签:影视混剪\"},{\"reason_id\":1,\"reason_name\":\"不感兴趣\"}],\"ctime\":1598762860,\"autoplay\":1,\"mid\":1523831,\"name\":\"莫实说\",\"face\":\"http://i2.hdslb.com/bfs/face/9dfe9611add722b8d6cc04ddbd00f6ba8b98be81.jpg\"},{\"title\":\"【TNT时代少年团】《相遇》MV超脑洞解析！显微镜女孩带你看小闹的故事！二代的起始——很高兴遇见你！\",\"cover\":\"https://i2.hdslb.com/bfs/archive/f0a6c724c86bba17e6a4f48db858cd08a57b710a.jpg\",\"uri\":\"bilibili://video/329433756\",\"param\":\"329433756\",\"goto\":\"av\",\"desc\":\"545弹幕\",\"play\":48960,\"danmaku\":545,\"reply\":470,\"favorite\":7336,\"coin\":6234,\"share\":1655,\"like\":9222,\"duration\":437,\"idx\":1599271517,\"cid\":231701569,\"tid\":130,\"tname\":\"音乐综合\",\"tag\":{\"tag_id\":1542723,\"tag_name\":\"严浩翔\",\"count\":{\"atten\":30268}},\"dislike_reasons\":[{\"reason_id\":4,\"reason_name\":\"UP主:南井溪呀\"},{\"reason_id\":2,\"reason_name\":\"分区:音乐综合\"},{\"reason_id\":3,\"reason_name\":\"标签:严浩翔\"},{\"reason_id\":1,\"reason_name\":\"不感兴趣\"}],\"ctime\":1599004802,\"autoplay\":1,\"mid\":398156696,\"name\":\"南井溪呀\",\"face\":\"http://i0.hdslb.com/bfs/face/c4d68d81b58f55d336bcbc07f8677d2d11f1d411.jpg\"},{\"title\":\"你现在能听见了吗？森下下士？\",\"cover\":\"https://i2.hdslb.com/bfs/archive/17ac580ffefdbe16a08d0a0cc03d2b61c180477a.jpg\",\"uri\":\"bilibili://video/456895645\",\"param\":\"456895645\",\"goto\":\"av\",\"desc\":\"1058弹幕\",\"play\":1040702,\"danmaku\":1058,\"reply\":1290,\"favorite\":18199,\"coin\":8587,\"share\":6535,\"like\":48364,\"duration\":84,\"idx\":1599271516,\"cid\":230365322,\"tid\":22,\"tname\":\"鬼畜调教\",\"tag\":{\"tag_id\":1833,\"tag_name\":\"搞笑\",\"count\":{\"atten\":2021026}},\"dislike_reasons\":[{\"reason_id\":4,\"reason_name\":\"UP主:乔亮乔小拿\"},{\"reason_id\":2,\"reason_name\":\"分区:鬼畜调教\"},{\"reason_id\":3,\"reason_name\":\"标签:搞笑\"},{\"reason_id\":1,\"reason_name\":\"不感兴趣\"}],\"ctime\":1598724769,\"autoplay\":1,\"mid\":39371517,\"name\":\"乔亮乔小拿\",\"face\":\"http://i0.hdslb.com/bfs/face/6b1a166b88472db85c1eefe426a4a5eb53b62dac.jpg\"},{\"title\":\"让我等了3年多的《废土3》可算上市了\",\"cover\":\"https://i0.hdslb.com/bfs/archive/8889611380f6c80780b71e0de6bf91d2653cfe27.jpg\",\"uri\":\"bilibili://video/839439599\",\"param\":\"839439599\",\"goto\":\"av\",\"desc\":\"288弹幕\",\"play\":32154,\"danmaku\":288,\"reply\":165,\"favorite\":686,\"coin\":1361,\"share\":76,\"like\":2834,\"duration\":607,\"idx\":1599271515,\"cid\":232223151,\"tid\":17,\"tname\":\"单机游戏\",\"tag\":{\"tag_id\":230441,\"tag_name\":\"疯猫\",\"count\":{\"atten\":1}},\"dislike_reasons\":[{\"reason_id\":4,\"reason_name\":\"UP主:疯猫MadcatClan\"},{\"reason_id\":2,\"reason_name\":\"分区:单机游戏\"},{\"reason_id\":3,\"reason_name\":\"标签:疯猫\"},{\"reason_id\":1,\"reason_name\":\"不感兴趣\"}],\"ctime\":1599228115,\"autoplay\":1,\"mid\":2294811,\"name\":\"疯猫MadcatClan\",\"face\":\"http://i2.hdslb.com/bfs/face/a93616288a97d8ec89d159981c9bca63881cf39f.jpg\",\"official\":{\"role\":1,\"title\":\"bilibili 知名UP主\"}}]"},"ts":1599271530439}