{"options":{"check_for_updates":true,"comment":null,"compatopts_for_requires":true,"compat_wrappedjsobject":false,"compat_metadata":false,"compat_foreach":false,"compat_arrayleft":false,"compat_uW_gmonkey":false,"compat_forvarin":false,"noframes":null,"awareOfChrome":false,"run_at":null,"override":{"use_includes":[],"orig_includes":["http*://hentaiverse.org/*","http://alt.hentaiverse.org/*","https://e-hentai.org/*"],"merge_includes":true,"use_matches":[],"orig_matches":[],"merge_matches":true,"use_excludes":[],"orig_excludes":["http*://hentaiverse.org/pages/showequip.php?*","http://alt.hentaiverse.org/pages/showequip.php?*"],"merge_excludes":true,"use_connects":[],"merge_connects":true,"use_blockers":[],"orig_run_at":"document-end","orig_noframes":null,"orig_connects":[]}},"settings":{"enabled":true,"position":20},"meta":{"name":"[HV]AutoAttack","uuid":"75d4eb5a-2723-4595-a131-509f0676f58e","modified":1586439081510,"file_url":"https://greasyfork.org/scripts/18482-hv-autoattack/code/%5BHV%5DAutoAttack.user.js"}}