{"data":{"CatPW":"o{\"date\":\"2020/4/9\",\"sCode\":\"\",\"unPW\":\"\",\"Src\":\"https://www.lanzous.com/b00zdwmoh\",\"surl\":\"\",\"Hash\":\"\",\"webSrc\":\"https%3A%2F%2Fwww.ghpym.com%2Fccleaner.html\",\"webTitle\":\"Android%20CCleaner%20v4.22.0%20%E4%B8%93%E4%B8%9A%E7%89%88%E7%A0%B4%E8%A7%A3%E7%89%88%20-%20%E6%9E%9C%E6%A0%B8%E5%89%A5%E5%A3%B3\"}","CatPW_Manage":"o{\"StorageSave\":true,\"UpdataConfig\":{\"UpdataSave\":true,\"UpdataNotify\":true,\"UpdataPlugin\":true,\"UpdataVersion\":\"3.12.7\"},\"StorageExp\":365}"},"ts":1586425052578}