{"options":{"awareOfChrome":false,"check_for_updates":true,"comment":null,"compat_arrayleft":false,"compat_foreach":false,"compat_forvarin":false,"compat_metadata":false,"compat_uW_gmonkey":false,"compat_wrappedjsobject":false,"compatopts_for_requires":true,"noframes":null,"override":{"merge_connects":true,"merge_excludes":true,"merge_includes":true,"merge_matches":true,"orig_connects":[],"orig_excludes":[],"orig_includes":["*://steamcommunity.com/id/*/inventory*","*://steamcommunity.com/profiles/*/inventory*","*://steamcommunity.com/market*","*://steamcommunity.com/tradeoffer*"],"orig_matches":[],"orig_noframes":null,"orig_run_at":"document-idle","use_blockers":[],"use_connects":[],"use_excludes":[],"use_includes":[],"use_matches":[]},"run_at":null},"settings":{"enabled":true,"position":4},"meta":{"name":"Steam Economy Enhancer","uuid":"b319d83a-acea-42d0-a1d0-fe81279d3f1a","modified":1598579647105,"file_url":"https://raw.githubusercontent.com/Nuklon/Steam-Economy-Enhancer/master/code.user.js"}}