{"options":{"awareOfChrome":false,"check_for_updates":true,"comment":null,"compat_arrayleft":false,"compat_foreach":false,"compat_forvarin":false,"compat_metadata":false,"compat_uW_gmonkey":false,"compat_wrappedjsobject":false,"compatopts_for_requires":true,"noframes":null,"override":{"merge_connects":true,"merge_excludes":true,"merge_includes":true,"merge_matches":true,"orig_excludes":["http*://hentaiverse.org/pages/showequip.php?*","http://alt.hentaiverse.org/pages/showequip.php?*"],"orig_includes":["http*://hentaiverse.org/*","http://alt.hentaiverse.org/*","https://e-hentai.org/*"],"orig_matches":[],"orig_noframes":null,"orig_run_at":"document-end","use_blockers":[],"use_connects":[],"use_excludes":[],"use_includes":[],"use_matches":[]},"run_at":null},"settings":{"enabled":true,"position":8},"meta":{"name":"[HV]AutoAttack","uuid":"eff50178-d82b-4948-b4a8-4286cf403709","modified":1565513941160,"file_url":"https://greasyfork.org/scripts/18482-hv-autoattack/code/%5BHV%5DAutoAttack.user.js"}}