{"data":{"arena":"o{\"date\":\"2019/8/11\",\"gr\":980,\"token\":{\"3\":\"0jd998a9bjm\",\"5\":\"911bqt09bjm\",\"8\":\"j3pry409bjm\",\"9\":\"ngm4o2w9bjm\",\"19\":\"lu7y22o9bjm\",\"length\":4,\"gr\":\"to5ms2f9bjm\"},\"array\":[\"gr\"]}","backup":"o{\"西洋剑盾\":{\"version\":\"2.90\",\"lang\":\"0\",\"buffSkillSwitch\":true,\"debuffSkillSwitch\":true,\"skillSwitch\":true,\"dropMonitor\":true,\"recordUsage\":true,\"hp1\":75,\"mp1\":75,\"sp1\":75,\"attackStatus\":0,\"pauseButton\":true,\"pauseHotkey\":true,\"pauseHotkeyStr\":\" \",\"pauseHotkeyCode\":32,\"alert\":true,\"notification\":true,\"riddleRadio\":true,\"turnOnSS\":true,\"turnOnSSCondition\":{\"0\":[\"oc,1,249\"]},\"delayAlertTime\":0,\"delayReloadTime\":0,\"riddleAnswerTime\":5,\"staminaLose\":5,\"staminaPause\":true,\"staminaWarn\":true,\"idleArenaTime\":60,\"idleArenaLevels\":\"GF\",\"idleArenaValue\":\"gr\",\"arLevel\":{\"GF\":true},\"idleArenaGrTime\":999,\"repairValue\":0,\"autoPause\":true,\"pauseCondition\":{\"0\":[\"hp,2,30\"]},\"staminaLow\":30,\"delay\":200,\"delay2\":30,\"itemOrderName\":\"Cure,FC,HP,MP,SP,ME\",\"itemOrderValue\":\"311,313,11195,11295,11395,11299\",\"itemOrder\":{\"Cure\":true,\"FC\":true,\"HP\":true,\"MP\":true,\"ME\":true,\"SP\":true},\"item\":{\"Cure\":true,\"FC\":true,\"HP\":true,\"MP\":true,\"ME\":true,\"SP\":true},\"itemCureCondition\":{\"0\":[\"hp,2,60\"]},\"itemFCCondition\":{\"0\":[\"hp,2,40\"]},\"itemHPCondition\":{\"0\":[\"hp,2,50\"]},\"itemMPCondition\":{\"0\":[\"mp,2,50\"]},\"itemMECondition\":{\"0\":[\"mp,2,10\"]},\"itemSPCondition\":{\"0\":[\"sp,2,50\"]},\"channelSkill\":{\"AF\":true,\"He\":true,\"Re\":true},\"channelSkill2\":true,\"channelSkill2OrderName\":\"Cu,FC,AF,He,Re\",\"channelSkill2OrderValue\":\"311,313,432,431,312\",\"channelSkill2Order\":{\"Cu\":true,\"FC\":true,\"AF\":true,\"He\":true,\"Re\":true},\"buffSkillOrderValue\":\"Re,He\",\"buffSkillOrder\":{\"He\":true,\"Re\":true},\"buffSkill\":{\"HD\":true,\"MD\":true,\"SD\":true,\"He\":true,\"Re\":true,\"Ab\":true},\"buffSkillHDCondition\":{\"0\":[\"hp,2,70\"]},\"buffSkillMDCondition\":{\"0\":[\"hp,2,70\"]},\"buffSkillSDCondition\":{\"0\":[\"sp,2,70\"]},\"buffSkillHeCondition\":{\"0\":[\"_buffTurn_,2,2\"]},\"buffSkillReCondition\":{\"0\":[\"hp,2,80\"]},\"buffSkillAbCondition\":{\"0\":[\"_buffTurn_,2,1\"]},\"debuffSkillOrderValue\":\"Slo,Im,Si,Dr,We,MN,Bl\",\"debuffSkillOrder\":{\"Bl\":true,\"Slo\":true,\"Im\":true,\"MN\":true,\"Si\":true,\"Dr\":true,\"We\":true},\"debuffSkill\":{\"Bl\":true,\"Slo\":true,\"Im\":true,\"MN\":true,\"Si\":true,\"Dr\":true,\"We\":true},\"debuffSkillBlCondition\":{\"0\":[\"monsterAlive,4,bossAll\",\"_buffTurn_,2,1\",\"mp,1,50\"]},\"debuffSkillWeSlondition\":{\"0\":[\"monsterAlive,4,bossAll\",\"_buffTurn_,2,1\",\"mp,1,50\"]},\"debuffSkillImCondition\":{\"0\":[\"monsterAlive,4,bossAll\",\"_buffTurn_,2,1\",\"mp,1,50\"]},\"debuffSkillMNCondition\":{\"0\":[\"monsterAlive,4,bossAll\",\"_buffTurn_,2,1\",\"mp,1,50\"]},\"debuffSkillSiCondition\":{\"0\":[\"monsterAlive,4,bossAll\",\"_buffTurn_,2,1\",\"mp,1,50\"]},\"debuffSkillDrCondition\":{\"0\":[\"monsterAlive,4,bossAll\",\"_buffTurn_,2,1\",\"mp,1,50\"]},\"debuffSkillWeCondition\":{\"0\":[\"monsterAlive,4,bossAll\",\"_buffTurn_,2,1\",\"mp,1,50\"]},\"debuffSkillTurn\":{\"Sle\":0,\"Bl\":1,\"Slo\":1,\"Im\":1,\"MN\":1,\"Si\":1,\"Dr\":1,\"We\":1,\"Co\":0},\"skillOrderValue\":\"OFC,T3,T2,T1\",\"skillOrder\":{\"OFC\":true,\"T3\":true,\"T2\":true,\"T1\":true},\"skill\":{\"OFC\":true,\"T3\":true,\"T2\":true,\"T1\":true},\"skillOFCCondition\":{\"0\":[\"oc,1,200\"]},\"fightingStyle\":\"2\",\"mercifulBlow\":true,\"skillT3Condition\":{\"0\":[\"oc,2,200\"]},\"skillT2Condition\":{\"0\":[\"oc,2,200\"]},\"skillT1Condition\":{\"0\":[\"oc,2,200\"]},\"weight\":{\"Sle\":5,\"Bl\":3,\"Slo\":3,\"Im\":-5,\"MN\":-4,\"Si\":-4,\"Dr\":-4,\"We\":-4,\"Co\":-1,\"CM\":-5,\"Stun\":-4,\"PA\":-4,\"BW\":-4},\"dropQuality\":\"5\",\"roundNow\":\"1\",\"roundAll\":\"1\"}}","drop":"o{\"#startTime\":\"2019/9/28 10:05:32\",\"#EXP\":260787452366,\"#Credit\":8387912,\"Chaos Token\":553,\"Broken Glasses\":131,\"Bunny-Girl Costume\":126,\"Hinamatsuri Doll\":120,\"Noodly Appendage\":59,\"Soul Fragments\":763,\"Health Draught\":9409,\"Mana Draught\":9478,\"Monster Chow\":6842,\"Monster Edibles\":5985,\"Crystal of Tempest\":10104,\"Crystal of Finesse\":9987,\"Crystal of Vigor\":10608,\"Health Potion\":2905,\"Spirit Potion\":1025,\"Scroll of the Gods\":160,\"Crystal of Corruption\":10251,\"Monster Cuisine\":4043,\"Crystal of Devotion\":10518,\"Crystal of Knowledge\":10086,\"Scroll of Swiftness\":351,\"Crystal of Frost\":10407,\"Equipment of Magnificent\":142,\"Scroll of Protection\":344,\"Crystal of Swiftness\":10239,\"Mana Potion\":3008,\"Crystal of Fortitude\":10323,\"Happy Pills\":245,\"Spirit Draught\":3174,\"Crystal of Lightning\":10053,\"Scroll of Absorption\":333,\"Crystal of Flames\":10257,\"Health Elixir\":263,\"Crystal of Cunning\":10062,\"Precursor Artifact\":227,\"Scroll of Life\":351,\"Infusion of Flames\":144,\"Token of Blood\":291,\"Sapling\":154,\"Mana Elixir\":267,\"Scroll of Shadows\":335,\"Flower Vase\":18,\"Featherweight Shard\":147,\"Voidseeker Shard\":39,\"Mithra's Flower\":202,\"Lock of Blue Hair\":58,\"Infusion of Darkness\":132,\"Spirit Elixir\":86,\"Holy Hand Grenade of Antioch\":178,\"Dalek Voicebox\":196,\"ManBearPig Tail\":194,\"Infusion of Storms\":124,\"Scroll of the Avatar\":156,\"Infusion of Frost\":117,\"Infusion of Divinity\":121,\"Amnesia Shard\":33,\"Aether Shard\":32,\"Infusion of Lightning\":105,\"Equipment of Legendary\":22,\"Bubble-Gum\":15,\"Gummy Figurine\":2,\"Octavia Figurine\":1,\"Lyra Heartstrings Figurine\":1,\"Daring Do Figurine\":1,\"Applejack Figurine\":1,\"Scootaloo Figurine\":1}","encounter":"o{\"dateNow\":\"2019/8/16\",\"time\":0,\"lastTime\":1565967359469}","lastEncounter":"shttps://hentaiverse.org/?s=Battle&ss=ba&encounter=MzMyMTQ2NS0xNTg1NzI1NDUyLTJkOTk0YWI5MjNhOTU0MDk0YmQ1MmQ3NzljNjYxODI5NTMxODY0MTg=","monsterStatus":"o[{\"order\":0,\"id\":1,\"hp\":144778,\"isDead\":false,\"hpNow\":136333},{\"order\":1,\"id\":2,\"hp\":150104,\"isDead\":false,\"hpNow\":146352},{\"order\":2,\"id\":3,\"hp\":114392,\"isDead\":false,\"hpNow\":69589},{\"order\":3,\"id\":4,\"hp\":121828,\"isDead\":false,\"hpNow\":115737},{\"order\":4,\"id\":5,\"hp\":150104,\"isDead\":false,\"hpNow\":141348},{\"order\":5,\"id\":6,\"hp\":147440,\"isDead\":false,\"hpNow\":144983},{\"order\":6,\"id\":7,\"hp\":97266,\"isDead\":false,\"hpNow\":94024},{\"order\":7,\"id\":8,\"hp\":147598,\"isDead\":false,\"hpNow\":145139}]","option":"o{\"version\":\"2.90\",\"lang\":\"0\",\"buffSkillSwitch\":true,\"debuffSkillSwitch\":true,\"skillSwitch\":true,\"dropMonitor\":true,\"recordUsage\":true,\"hp1\":75,\"mp1\":75,\"sp1\":75,\"attackStatus\":0,\"pauseButton\":true,\"pauseHotkey\":true,\"pauseHotkeyStr\":\" \",\"pauseHotkeyCode\":32,\"notification\":true,\"riddleRadio\":true,\"turnOnSS\":true,\"turnOnSSCondition\":{\"0\":[\"oc,1,249\"]},\"delayAlertTime\":0,\"delayReloadTime\":0,\"riddleAnswerTime\":5,\"staminaLose\":5,\"staminaPause\":true,\"staminaWarn\":true,\"idleArenaTime\":60,\"idleArenaLevels\":\"GF\",\"idleArenaValue\":\"gr\",\"arLevel\":{\"GF\":true},\"idleArenaGrTime\":999,\"repairValue\":0,\"autoPause\":true,\"pauseCondition\":{\"0\":[\"hp,2,30\"]},\"staminaLow\":30,\"delay\":200,\"delay2\":30,\"itemOrderName\":\"Cure,FC,HP,MP,SP,ME\",\"itemOrderValue\":\"311,313,11195,11295,11395,11299\",\"itemOrder\":{\"Cure\":true,\"FC\":true,\"HP\":true,\"MP\":true,\"ME\":true,\"SP\":true},\"item\":{\"Cure\":true,\"FC\":true,\"HP\":true,\"MP\":true,\"ME\":true,\"SP\":true},\"itemCureCondition\":{\"0\":[\"hp,2,60\"]},\"itemFCCondition\":{\"0\":[\"hp,2,40\"]},\"itemHPCondition\":{\"0\":[\"hp,2,50\"]},\"itemMPCondition\":{\"0\":[\"mp,2,50\"]},\"itemMECondition\":{\"0\":[\"mp,2,10\"]},\"itemSPCondition\":{\"0\":[\"sp,2,50\"]},\"channelSkill\":{\"AF\":true,\"He\":true,\"Re\":true},\"channelSkill2\":true,\"channelSkill2OrderName\":\"Cu,FC,AF,He,Re\",\"channelSkill2OrderValue\":\"311,313,432,431,312\",\"channelSkill2Order\":{\"Cu\":true,\"FC\":true,\"AF\":true,\"He\":true,\"Re\":true},\"buffSkillOrderValue\":\"Re,He\",\"buffSkillOrder\":{\"He\":true,\"Re\":true},\"buffSkill\":{\"HD\":true,\"MD\":true,\"SD\":true,\"He\":true,\"Re\":true,\"Ab\":true},\"buffSkillHDCondition\":{\"0\":[\"hp,2,70\"]},\"buffSkillMDCondition\":{\"0\":[\"hp,2,70\"]},\"buffSkillSDCondition\":{\"0\":[\"sp,2,70\"]},\"buffSkillHeCondition\":{\"0\":[\"_buffTurn_,2,2\"]},\"buffSkillReCondition\":{\"0\":[\"hp,2,80\"]},\"buffSkillAbCondition\":{\"0\":[\"_buffTurn_,2,1\"]},\"debuffSkillOrderValue\":\"Slo,Im,Si,Dr,We,MN,Bl\",\"debuffSkillOrder\":{\"Bl\":true,\"Slo\":true,\"Im\":true,\"MN\":true,\"Si\":true,\"Dr\":true,\"We\":true},\"debuffSkill\":{\"Bl\":true,\"Slo\":true,\"Im\":true,\"MN\":true,\"Si\":true,\"Dr\":true,\"We\":true},\"debuffSkillBlCondition\":{\"0\":[\"monsterAlive,4,bossAll\",\"_buffTurn_,2,1\",\"mp,1,50\"]},\"debuffSkillWeSlondition\":{\"0\":[\"monsterAlive,4,bossAll\",\"_buffTurn_,2,1\",\"mp,1,50\"]},\"debuffSkillImCondition\":{\"0\":[\"monsterAlive,4,bossAll\",\"_buffTurn_,2,1\",\"mp,1,50\"]},\"debuffSkillMNCondition\":{\"0\":[\"monsterAlive,4,bossAll\",\"_buffTurn_,2,1\",\"mp,1,50\"]},\"debuffSkillSiCondition\":{\"0\":[\"monsterAlive,4,bossAll\",\"_buffTurn_,2,1\",\"mp,1,50\"]},\"debuffSkillDrCondition\":{\"0\":[\"monsterAlive,4,bossAll\",\"_buffTurn_,2,1\",\"mp,1,50\"]},\"debuffSkillWeCondition\":{\"0\":[\"monsterAlive,4,bossAll\",\"_buffTurn_,2,1\",\"mp,1,50\"]},\"debuffSkillTurn\":{\"Sle\":0,\"Bl\":1,\"Slo\":1,\"Im\":1,\"MN\":1,\"Si\":1,\"Dr\":1,\"We\":1,\"Co\":0},\"skillOrderValue\":\"OFC,T3,T2,T1\",\"skillOrder\":{\"OFC\":true,\"T3\":true,\"T2\":true,\"T1\":true},\"skill\":{\"OFC\":true,\"T3\":true,\"T2\":true,\"T1\":true},\"skillOFCCondition\":{\"0\":[\"oc,1,200\"]},\"fightingStyle\":\"2\",\"mercifulBlow\":true,\"skillT3Condition\":{\"0\":[\"oc,2,200\"]},\"skillT2Condition\":{\"0\":[\"oc,2,200\"]},\"skillT1Condition\":{\"0\":[\"oc,2,200\"]},\"weight\":{\"Sle\":5,\"Bl\":3,\"Slo\":3,\"Im\":-5,\"MN\":-4,\"Si\":-4,\"Dr\":-4,\"We\":-4,\"Co\":-1,\"CM\":-5,\"Stun\":-4,\"PA\":-4,\"BW\":-4},\"dropQuality\":\"5\",\"roundNow\":\"1\",\"roundAll\":\"1\"}","roundAll":"n100","roundNow":"n96","roundType":"sar","staminaLostLog":"o{\"2019/8/18 10:38:49\":20,\"2019/8/18 16:46:40\":20,\"2019/8/19 09:34:33\":20,\"2019/8/19 10:48:00\":10,\"2019/8/19 11:27:57\":10,\"2019/8/19 22:56:42\":10,\"2019/8/20 10:14:24\":15,\"2019/8/20 10:22:23\":15,\"2019/8/20 10:22:28\":15,\"2019/8/20 16:21:55\":20,\"2019/8/22 17:35:38\":20,\"2019/8/22 17:35:51\":20,\"2019/8/22 20:57:33\":20,\"2019/8/23 12:27:55\":20,\"2019/8/23 12:29:00\":20,\"2019/8/24 11:37:43\":20,\"2019/8/24 20:57:51\":20,\"2019/8/25 16:45:29\":20,\"2019/8/26 11:34:19\":7,\"2019/8/26 11:44:03\":7,\"2019/8/26 21:12:49\":10,\"2019/8/27 11:16:57\":7,\"2019/8/28 09:24:31\":7,\"2019/8/28 11:12:59\":7,\"2019/8/28 11:17:53\":7,\"2019/8/28 14:22:08\":7,\"2019/8/28 15:50:33\":7,\"2019/9/1 11:36:40\":1,\"2019/9/1 19:03:39\":2,\"2019/9/2 22:48:52\":2,\"2019/9/7 17:51:05\":1,\"2019/9/8 12:49:47\":2,\"2019/9/12 21:34:16\":1,\"2019/9/15 22:15:27\":1,\"2019/9/16 22:54:50\":2,\"2019/9/18 10:50:13\":2,\"2019/9/18 14:11:58\":2,\"2019/9/20 14:08:12\":1,\"2019/9/23 11:25:51\":1,\"2019/9/23 15:53:55\":2,\"2019/9/24 16:56:34\":3,\"2019/9/27 21:33:17\":1,\"2019/9/28 11:05:53\":2,\"2019/9/29 11:05:40\":2,\"2019/9/29 15:29:58\":3,\"2019/9/29 18:18:57\":3,\"2019/9/29 19:44:53\":5,\"2019/9/29 21:55:19\":7,\"2019/10/1 22:41:26\":1,\"2019/10/2 18:34:23\":2,\"2019/10/3 17:20:01\":2,\"2019/10/6 11:46:09\":1,\"2019/10/9 18:06:45\":1,\"2019/10/19 08:33:36\":1,\"2019/10/20 11:20:43\":2,\"2019/10/27 13:28:52\":1,\"2019/10/29 16:19:08\":2,\"2019/10/29 17:20:13\":3,\"2019/11/2 08:22:57\":3,\"2019/11/5 13:33:56\":2,\"2019/11/9 16:56:36\":2,\"2019/11/10 19:18:43\":3,\"2019/11/11 12:29:45\":3,\"2019/11/12 13:20:09\":2,\"2019/11/13 21:44:53\":2,\"2019/11/14 12:40:37\":3,\"2019/11/14 15:22:41\":5,\"2019/11/14 15:22:48\":5,\"2019/11/14 18:42:29\":5,\"2019/11/15 13:20:23\":7,\"2019/11/16 12:56:13\":10,\"2019/11/18 17:05:40\":1,\"2019/11/19 16:30:38\":2,\"2019/11/20 09:40:37\":3,\"2019/11/22 18:23:43\":2,\"2019/11/23 23:02:37\":2,\"2019/11/25 17:48:57\":2,\"2019/11/26 13:27:06\":3,\"2019/11/28 20:52:57\":3,\"2019/11/29 12:55:14\":5,\"2019/11/29 15:08:44\":5,\"2019/11/30 11:57:32\":7,\"2019/12/11 12:08:00\":2,\"2019/12/11 12:08:03\":2,\"2019/12/11 13:41:15\":3,\"2019/12/13 19:46:40\":3,\"2019/12/14 13:46:52\":5,\"2019/12/19 19:53:26\":5,\"2019/12/19 19:53:44\":5,\"2019/12/19 19:58:41\":5,\"2019/12/21 10:27:00\":2,\"2019/12/22 11:10:00\":2,\"2019/12/23 12:03:46\":3,\"2019/12/25 11:25:19\":3,\"2019/12/25 12:12:46\":3,\"2019/12/26 12:52:16\":5,\"2019/12/29 16:22:19\":1,\"2019/12/30 18:35:24\":2,\"2020/1/1 15:42:54\":2,\"2020/1/3 16:02:07\":1,\"2020/1/10 21:38:18\":1,\"2020/1/11 20:33:18\":2,\"2020/1/12 17:14:01\":2,\"2020/1/12 17:48:02\":3,\"2020/1/12 23:32:01\":5,\"2020/1/15 11:09:01\":2,\"2020/1/19 20:41:06\":2,\"2020/1/22 20:21:26\":1,\"2020/1/24 14:29:07\":2,\"2020/1/25 14:05:20\":2,\"2020/1/25 18:34:25\":3,\"2020/1/25 18:51:46\":5,\"2020/1/28 12:24:08\":1,\"2020/1/30 11:12:09\":3,\"2020/1/31 11:51:16\":3,\"2020/1/31 19:44:09\":3,\"2020/2/2 11:03:31\":3,\"2020/2/2 11:28:14\":5,\"2020/2/2 19:40:15\":5,\"2020/2/2 19:45:38\":5,\"2020/2/3 18:40:40\":5,\"2020/2/4 17:45:56\":3,\"2020/2/5 14:14:42\":5,\"2020/2/5 21:55:09\":5,\"2020/2/6 18:34:06\":5,\"2020/2/7 17:25:25\":5,\"2020/2/10 11:12:50\":2,\"2020/2/12 10:32:19\":1,\"2020/2/14 11:35:02\":2,\"2020/2/14 12:48:07\":3,\"2020/2/15 15:24:54\":3,\"2020/2/15 16:39:06\":3,\"2020/2/16 15:28:09\":3,\"2020/2/20 13:40:14\":1,\"2020/2/24 19:53:28\":1,\"2020/2/26 17:29:18\":1,\"2020/2/27 16:25:18\":2,\"2020/3/1 20:32:36\":1,\"2020/3/1 21:31:36\":2,\"2020/3/2 14:34:10\":3,\"2020/3/2 23:25:04\":5,\"2020/3/4 11:27:46\":7,\"2020/3/4 20:32:02\":3,\"2020/3/6 16:08:41\":2,\"2020/3/7 10:52:26\":2,\"2020/3/8 16:11:40\":2,\"2020/3/8 16:26:56\":2,\"2020/3/11 16:03:28\":1,\"2020/3/12 17:48:24\":2,\"2020/3/12 20:04:29\":3,\"2020/3/15 17:35:22\":3,\"2020/3/15 19:08:45\":5,\"2020/3/16 15:33:55\":3,\"2020/3/17 13:26:46\":5,\"2020/3/17 17:27:22\":5,\"2020/3/19 19:52:28\":1,\"2020/3/28 10:32:30\":2,\"2020/3/28 17:05:04\":2,\"2020/4/3 12:44:02\":1,\"2020/4/3 14:44:02\":2}","stats":"o{\"self\":{\"_startTime\":\"2019/9/28 10:01:48\",\"_turn\":2663456,\"_round\":63639,\"_battle\":1630,\"_monster\":331468,\"_boss\":1967,\"evade\":2748236,\"miss\":237855,\"focus\":0,\"attack\":2069105,\"spirit\":58497},\"restore\":{\"drain\":37212982,\"Replenishment\":10345933,\"Regen\":1246868009,\"Refreshment\":2402857,\"Mana Potion\":22878393,\"Regeneration\":158386926,\"Last Elixir\":1732,\"Cure\":202567700,\"魔力 药水\":1024484,\"Health Gem\":14913867,\"Spirit Gem\":376831,\"Mana Gem\":973017,\"Full-Cure\":2801697,\"Mana Elixir\":492745,\"Health Potion\":637521,\"Spirit Potion\":21531,\"完全治愈术\":157400,\"体力 药水\":10216,\"治疗术\":16991,\"灵力 药水\":413,\"魔力 秘药\":1643,\"undefined\":662},\"items\":{\"Mana Potion\":36600,\"Last Elixir\":2,\"Scroll of the Avatar\":1,\"魔力 药水\":1619,\"Health Draught\":15706,\"Mana Draught\":15702,\"Spirit Draught\":4701,\"Health Gem\":2189,\"Spirit Gem\":2071,\"Mana Gem\":2275,\"Mystic Gem\":2206,\"Mana Elixir\":317,\"体力 长效药\":233,\"Health Potion\":59,\"Spirit Potion\":48,\"化身卷轴\":1,\"Flower Vase\":1,\"Bubble-Gum\":1,\"Scroll of the Gods\":1,\"体力 药水\":1,\"灵力 药水\":1,\"魔力 长效药\":1,\"灵力 长效药\":25,\"魔力 秘药\":1},\"magic\":{\"魔磁网\":1,\"Slow\":285572,\"Orbital Friendship Cannon\":48268,\"Shield Bash\":28795,\"Imperil\":9631,\"MagNet\":2178,\"Silence\":2917,\"Drain\":2411,\"Weaken\":9031,\"Blind\":1419,\"Merciful Blow\":16620,\"Vital Strike\":16394,\"Heartseeker\":5118,\"Regen\":13621,\"Cure\":22182,\"Flee\":25,\"Full-Cure\":184,\"完全治愈术\":10,\"治疗术\":2,\"刺心术\":1,\"缓慢\":4},\"damage\":{\"Vital Theft\":4799475,\"hit\":8216541350,\"crit\":9980449543,\"counter\":5786636568,\"Orbital Friendship Cannon\":23578814685,\"Merciful Blow\":1985114995,\"Vital Strike\":1453005589,\"Shield Bash\":457842016,\"spike shield\":108276293,\"Bleeding Wound\":52879347,\"Wind Strike\":4050853,\"Fire Strike\":7731509,\"Holy Strike\":1619786641,\"Dark Strike\":5023301,\"Cold Strike\":6371710,\"Elec Strike\":1393890},\"hurt\":{\"mp\":35125585,\"oc\":514207,\"_avg\":1402,\"_count\":1165874,\"_total\":1634200249,\"_mavg\":2757,\"_mcount\":126757,\"_mtotal\":349522768,\"_pavg\":1236,\"_pcount\":1039117,\"_ptotal\":1284677481,\"dark\":53293070,\"void\":129465856,\"spirit shield_spirit\":2236222,\"pierc\":501428265,\"cold\":48663109,\"slash\":238193061,\"elec\":64725813,\"wind\":43434163,\"crush\":569598644,\"fire\":56009268,\"holy\":133704241},\"proficiency\":{\"heavy armor\":69.521,\"one-handed weapon\":69.521,\"deprecating magic\":71.317,\"supportive magic\":69.535,\"forbidden magic\":116.2,\"divine magic\":116.215,\"elemental magic\":116.214,\"light armor\":116.167,\"cloth armor\":116.2,\"staff\":116.215,\"dual wielding\":116.215,\"two-handed weapon\":116.215}}","url":"shttps://hentaiverse.org"},"ts":1585898903926}