{"options":{"awareOfChrome":false,"check_for_updates":true,"comment":null,"compat_arrayleft":false,"compat_foreach":false,"compat_forvarin":false,"compat_metadata":false,"compat_uW_gmonkey":false,"compat_wrappedjsobject":false,"compatopts_for_requires":true,"noframes":null,"override":{"merge_connects":true,"merge_excludes":true,"merge_includes":true,"merge_matches":true,"orig_excludes":[],"orig_includes":["https://exhentai.org/*","https://e-hentai.org/*"],"orig_matches":[],"orig_noframes":null,"orig_run_at":"document-end","use_blockers":[],"use_connects":[],"use_excludes":[],"use_includes":[],"use_matches":[]},"run_at":null},"settings":{"enabled":true,"position":11},"meta":{"name":"E-hentai: Auto click Expunged & Description","uuid":"77608f7d-ca80-4152-8484-fe10ef40888b","modified":1565527789625,"file_url":"https://greasyfork.org/scripts/378159-e-hentai-auto-click-expunged-description/code/E-hentai:%20Auto%20click%20Expunged%20%20Description.user.js"}}