{"data":{"CatPW":"o{\"date\":\"2020/4/2\",\"sCode\":\"\",\"unPW\":\"\",\"Src\":\"https://www.lanzous.com/b976494\",\"surl\":\"\",\"Hash\":\"\",\"webSrc\":\"https%3A%2F%2Fiya.app%2Fforum.php%3Fmod%3Dviewthread%26tid%3D17945%26page%3D1%26extra%3D%23pid1124337\",\"webTitle\":\"QQ9.2.5%E6%87%92%E4%BA%BA%E6%95%B4%E5%90%88%E7%89%88(NtrQQ7.0.0)%20-%20%E8%B5%84%E6%BA%90%E5%88%86%E4%BA%AB%20-%20iYa.App%20%E8%BD%AF%E4%BB%B6%E4%BA%A4%E6%B5%81%E7%A4%BE%E5%8C%BA%20-%20Powered%20by%20Discuz!\"}","CatPW_Manage":"o{\"StorageSave\":true,\"UpdataConfig\":{\"UpdataSave\":true,\"UpdataNotify\":true,\"UpdataPlugin\":true,\"UpdataVersion\":\"3.12.7\"},\"StorageExp\":365}"},"ts":1585798236936}