{"data":{"historyRecommend":"s[{\"title\":\"可可爱爱！罕见大熊猫“学习直立行走”视频\",\"cover\":\"https://i1.hdslb.com/bfs/archive/4b5ee75b99b58ab526fcee6db9c623f422a368b9.jpg\",\"uri\":\"bilibili://video/926720412\",\"param\":\"926720412\",\"goto\":\"av\",\"desc\":\"845弹幕\",\"play\":339935,\"danmaku\":845,\"reply\":1770,\"favorite\":2520,\"coin\":1574,\"share\":1818,\"like\":41819,\"duration\":67,\"idx\":1597498083,\"cid\":224420052,\"tid\":21,\"tname\":\"日常\",\"tag\":{\"tag_id\":530003,\"tag_name\":\"VLOG\",\"count\":{\"atten\":59889}},\"dislike_reasons\":[{\"reason_id\":4,\"reason_name\":\"UP主:共青团中央\"},{\"reason_id\":2,\"reason_name\":\"分区:日常\"},{\"reason_id\":3,\"reason_name\":\"标签:VLOG\"},{\"reason_id\":1,\"reason_name\":\"不感兴趣\"}],\"ctime\":1597409426,\"autoplay\":1,\"mid\":20165629,\"name\":\"共青团中央\",\"face\":\"http://i1.hdslb.com/bfs/face/2bb27602ede08bc063630711678da524928f5957.jpg\",\"official\":{\"role\":4,\"title\":\"共青团中央 官方账号\"},\"autoplay_card\":2},{\"title\":\"王炳忠讲台14：秋后算账进行时， 台湾的“蚂蚱们”紧张了\",\"cover\":\"https://i0.hdslb.com/bfs/archive/1006f778b2c0c24d2cf33328815f6d3b3aebdb96.jpg\",\"uri\":\"bilibili://video/456688644\",\"param\":\"456688644\",\"goto\":\"av\",\"desc\":\"2659弹幕\",\"play\":356431,\"danmaku\":2659,\"reply\":1336,\"favorite\":1925,\"coin\":5174,\"share\":270,\"like\":30343,\"duration\":664,\"idx\":1597498082,\"cid\":224402552,\"tid\":203,\"tname\":\"热点\",\"tag\":{\"tag_id\":2765912,\"tag_name\":\"王炳忠\",\"count\":{\"atten\":270}},\"dislike_reasons\":[{\"reason_id\":4,\"reason_name\":\"UP主:观察者网\"},{\"reason_id\":2,\"reason_name\":\"分区:热点\"},{\"reason_id\":3,\"reason_name\":\"标签:王炳忠\"},{\"reason_id\":1,\"reason_name\":\"不感兴趣\"}],\"ctime\":1597407853,\"autoplay\":1,\"mid\":10330740,\"name\":\"观察者网\",\"face\":\"http://i1.hdslb.com/bfs/face/1d6f100b921c9b48914eda8f3b37e76ba9ef4ca5.jpg\",\"official\":{\"role\":5,\"title\":\"观察者网 官方账号\"}},{\"title\":\"解锁亚洲前50餐厅的一道名菜，金钱买不到的东西是时间！\",\"cover\":\"https://i2.hdslb.com/bfs/archive/f84c610c0e30e276336c5548fd603b01ca8cdc8d.jpg\",\"uri\":\"bilibili://video/969126521\",\"param\":\"969126521\",\"goto\":\"av\",\"desc\":\"1198弹幕\",\"play\":86605,\"danmaku\":1198,\"reply\":502,\"favorite\":2489,\"coin\":6423,\"share\":304,\"like\":12405,\"duration\":463,\"idx\":1597498081,\"cid\":224127674,\"tid\":76,\"tname\":\"美食圈\",\"tag\":{\"tag_id\":20215,\"tag_name\":\"美食\",\"count\":{\"atten\":1495579}},\"dislike_reasons\":[{\"reason_id\":4,\"reason_name\":\"UP主:马蹄厨房\"},{\"reason_id\":2,\"reason_name\":\"分区:美食圈\"},{\"reason_id\":3,\"reason_name\":\"标签:美食\"},{\"reason_id\":1,\"reason_name\":\"不感兴趣\"}],\"ctime\":1597408228,\"autoplay\":1,\"mid\":24301201,\"name\":\"马蹄厨房\",\"face\":\"http://i2.hdslb.com/bfs/face/470b2ae06bad12cd1c7e57090b1bdca266dcf2f0.jpg\",\"official\":{\"role\":1,\"title\":\"bilibili 知名美食UP主\"}},{\"title\":\"【张起灵视角】神明终于开始眷恋这人间\",\"cover\":\"https://i0.hdslb.com/bfs/archive/dd7313ac841358c3c5d71817bfa2ff3c314fb1fe.jpg\",\"uri\":\"bilibili://video/286727378\",\"param\":\"286727378\",\"goto\":\"av\",\"desc\":\"143弹幕\",\"play\":19067,\"danmaku\":143,\"reply\":295,\"favorite\":2192,\"coin\":1208,\"share\":167,\"like\":2580,\"duration\":215,\"idx\":1597498080,\"cid\":223750759,\"tid\":183,\"tname\":\"影视剪辑\",\"tag\":{\"tag_id\":15994014,\"tag_name\":\"《重启之极海听雷》主题征稿大赛\",\"count\":{\"atten\":46}},\"dislike_reasons\":[{\"reason_id\":4,\"reason_name\":\"UP主:3anna3\"},{\"reason_id\":2,\"reason_name\":\"分区:影视剪辑\"},{\"reason_id\":3,\"reason_name\":\"标签:《重启之极海听雷》主题征稿大赛\"},{\"reason_id\":1,\"reason_name\":\"不感兴趣\"}],\"ctime\":1597297821,\"autoplay\":1,\"mid\":21758705,\"name\":\"3anna3\",\"face\":\"http://i0.hdslb.com/bfs/face/ca65a1aa2b48f69c95f89aa6ea4f2cb6a6136172.jpg\"},{\"title\":\"【祖娅纳惜】不可道【女伪男声丨请用耳机听！每年一首最喜欢！…忘川和声录（啪！】\",\"cover\":\"https://i0.hdslb.com/bfs/archive/82b2c017c72cfe532cc212fe2f20532772401218.jpg\",\"uri\":\"bilibili://video/754182592\",\"param\":\"754182592\",\"goto\":\"av\",\"desc\":\"904弹幕\",\"play\":46112,\"danmaku\":904,\"reply\":1107,\"favorite\":5423,\"coin\":7328,\"share\":1049,\"like\":12012,\"duration\":260,\"idx\":1597498079,\"cid\":224722817,\"tid\":31,\"tname\":\"翻唱\",\"tag\":{\"tag_id\":386,\"tag_name\":\"翻唱\",\"count\":{\"atten\":301805}},\"dislike_reasons\":[{\"reason_id\":4,\"reason_name\":\"UP主:祖娅纳惜\"},{\"reason_id\":2,\"reason_name\":\"分区:翻唱\"},{\"reason_id\":3,\"reason_name\":\"标签:翻唱\"},{\"reason_id\":1,\"reason_name\":\"不感兴趣\"}],\"ctime\":1597485634,\"autoplay\":1,\"mid\":3046429,\"name\":\"祖娅纳惜\",\"face\":\"http://i1.hdslb.com/bfs/face/fc8294b540040647e792c3f97b2e0f7fbe55e256.jpg\",\"official\":{\"role\":2,\"title\":\"bilibili知名UP主\"}},{\"title\":\"朴振英+宣美合作最新单曲When We Disco MV+打歌舞台合集(更至200814练习室)\",\"cover\":\"https://i0.hdslb.com/bfs/archive/01115b943e2546d07f1f479baa5a1d05fd425260.jpg\",\"uri\":\"bilibili://video/499161182\",\"param\":\"499161182\",\"goto\":\"av\",\"desc\":\"4379弹幕\",\"play\":485315,\"danmaku\":4379,\"reply\":1746,\"favorite\":6653,\"coin\":985,\"share\":6252,\"like\":13964,\"duration\":2219,\"idx\":1597498078,\"cid\":223138309,\"tid\":193,\"tname\":\"MV\",\"tag\":{\"tag_id\":507652,\"tag_name\":\"朴振英\",\"count\":{\"atten\":159}},\"dislike_reasons\":[{\"reason_id\":4,\"reason_name\":\"UP主:pcyxjy\"},{\"reason_id\":2,\"reason_name\":\"分区:MV\"},{\"reason_id\":3,\"reason_name\":\"标签:朴振英\"},{\"reason_id\":1,\"reason_name\":\"不感兴趣\"}],\"ctime\":1597137682,\"autoplay\":1,\"mid\":16720403,\"name\":\"pcyxjy\",\"face\":\"http://i0.hdslb.com/bfs/face/f4475f7a56a13d0553f471b0ae851fc14decb4d5.jpg\",\"official\":{\"role\":1,\"title\":\"bilibili 知名娱乐UP主\"}},{\"title\":\"【MC动画】村民与女巫的故事1\",\"cover\":\"https://i1.hdslb.com/bfs/archive/d5115f44f07fcb0510fb468373fc9336e39f771b.jpg\",\"uri\":\"bilibili://video/926659801\",\"param\":\"926659801\",\"goto\":\"av\",\"desc\":\"1316弹幕\",\"play\":114863,\"danmaku\":1316,\"reply\":467,\"favorite\":2740,\"coin\":1994,\"share\":216,\"like\":12846,\"duration\":661,\"idx\":1597498077,\"cid\":223525732,\"tid\":17,\"tname\":\"单机游戏\",\"tag\":{\"tag_id\":47988,\"tag_name\":\"我的世界\",\"count\":{\"atten\":463662}},\"dislike_reasons\":[{\"reason_id\":4,\"reason_name\":\"UP主:我的外星人世界\"},{\"reason_id\":2,\"reason_name\":\"分区:单机游戏\"},{\"reason_id\":3,\"reason_name\":\"标签:我的世界\"},{\"reason_id\":1,\"reason_name\":\"不感兴趣\"}],\"ctime\":1597223206,\"autoplay\":1,\"mid\":632602863,\"name\":\"我的外星人世界\",\"face\":\"http://i2.hdslb.com/bfs/face/00ca9c7b2f194b6ed8d329f80dfd27fbf9e3302c.jpg\",\"official\":{\"role\":2,\"title\":\"我的外星人世界官方账号，游戏UP主\"}},{\"title\":\"【284骑·全英灵】 我身后便是英灵座\",\"cover\":\"https://i2.hdslb.com/bfs/archive/8e58ffdca54562ce299de992aa438dd67d54c2e6.jpg\",\"uri\":\"bilibili://video/926710736\",\"param\":\"926710736\",\"goto\":\"av\",\"desc\":\"652弹幕\",\"play\":78637,\"danmaku\":652,\"reply\":286,\"favorite\":6561,\"coin\":4642,\"share\":322,\"like\":9145,\"duration\":199,\"idx\":1597498076,\"cid\":223509274,\"tid\":24,\"tname\":\"MAD·AMV\",\"tag\":{\"tag_id\":994090,\"tag_name\":\"FGO\",\"count\":{\"atten\":237433}},\"dislike_reasons\":[{\"reason_id\":4,\"reason_name\":\"UP主:酒杯宽\"},{\"reason_id\":2,\"reason_name\":\"分区:MAD·AMV\"},{\"reason_id\":3,\"reason_name\":\"标签:FGO\"},{\"reason_id\":1,\"reason_name\":\"不感兴趣\"}],\"ctime\":1597291257,\"autoplay\":1,\"mid\":12175208,\"name\":\"酒杯宽\",\"face\":\"http://i0.hdslb.com/bfs/face/ea8aa8cb06aff7105ea82a46c9988b65bf61f7e3.jpg\"},{\"title\":\"庞贝：孑哥不要啊\",\"cover\":\"https://i0.hdslb.com/bfs/archive/9540b30fcb0bf0d30bd7f9002c31026ef40dadd6.jpg\",\"uri\":\"bilibili://video/841646190\",\"param\":\"841646190\",\"goto\":\"av\",\"desc\":\"256弹幕\",\"play\":182834,\"danmaku\":256,\"reply\":613,\"favorite\":3898,\"coin\":852,\"share\":681,\"like\":22074,\"duration\":61,\"idx\":1597498075,\"cid\":224037612,\"tid\":47,\"tname\":\"短片·手书·配音\",\"tag\":{\"tag_id\":608,\"tag_name\":\"手书\",\"count\":{\"atten\":233271}},\"dislike_reasons\":[{\"reason_id\":4,\"reason_name\":\"UP主:元素领主墨元素\"},{\"reason_id\":2,\"reason_name\":\"分区:短片·手书·配音\"},{\"reason_id\":3,\"reason_name\":\"标签:手书\"},{\"reason_id\":1,\"reason_name\":\"不感兴趣\"}],\"ctime\":1597374056,\"autoplay\":1,\"mid\":22157527,\"name\":\"元素领主墨元素\",\"face\":\"http://i2.hdslb.com/bfs/face/69d09d30cf1f43ce55e2e2d1fa43c4d7b61b0c25.jpg\",\"official\":{\"role\":1,\"title\":\"bilibili 知名动漫UP主\"}},{\"title\":\"被一个小姑娘看不起是种什么体验\",\"cover\":\"https://i0.hdslb.com/bfs/archive/4192faf5ec49285d57175c960a259084629f87a0.jpg\",\"uri\":\"bilibili://video/796706653\",\"param\":\"796706653\",\"goto\":\"av\",\"desc\":\"1548弹幕\",\"play\":184995,\"danmaku\":1548,\"reply\":1019,\"favorite\":3374,\"coin\":32479,\"share\":298,\"like\":32149,\"duration\":193,\"idx\":1597498074,\"cid\":224138782,\"tid\":21,\"tname\":\"日常\",\"tag\":{\"tag_id\":20215,\"tag_name\":\"美食\",\"count\":{\"atten\":1495579}},\"dislike_reasons\":[{\"reason_id\":4,\"reason_name\":\"UP主:溫暖的冷风\"},{\"reason_id\":2,\"reason_name\":\"分区:日常\"},{\"reason_id\":3,\"reason_name\":\"标签:美食\"},{\"reason_id\":1,\"reason_name\":\"不感兴趣\"}],\"ctime\":1597374056,\"autoplay\":1,\"mid\":480366389,\"name\":\"溫暖的冷风\",\"face\":\"http://i1.hdslb.com/bfs/face/798a769a340e53ab71ea6b311606f4f46709f3f7.jpg\",\"official\":{\"role\":1,\"title\":\"bilibili 知名UP主\"}}]"},"ts":1597498190734}