{"data":{"backup":"o{\"西洋剑盾\":{\"version\":\"2.90\",\"lang\":\"0\",\"buffSkillSwitch\":true,\"debuffSkillSwitch\":true,\"skillSwitch\":true,\"dropMonitor\":true,\"recordUsage\":true,\"hp1\":75,\"mp1\":75,\"sp1\":75,\"attackStatus\":0,\"pauseButton\":true,\"pauseHotkey\":true,\"pauseHotkeyStr\":\" \",\"pauseHotkeyCode\":32,\"riddleRadio\":true,\"turnOnSS\":true,\"turnOnSSCondition\":{\"0\":[\"oc,1,249\"]},\"delayAlertTime\":0,\"delayReloadTime\":0,\"riddleAnswerTime\":5,\"staminaLose\":5,\"staminaPause\":true,\"staminaWarn\":true,\"idleArenaTime\":60,\"idleArenaLevels\":\"GF\",\"idleArenaValue\":\"gr\",\"arLevel\":{\"GF\":true},\"idleArenaGrTime\":999,\"repairValue\":0,\"autoPause\":true,\"pauseCondition\":{\"0\":[\"hp,2,30\"]},\"staminaLow\":30,\"delay\":200,\"delay2\":30,\"itemOrderName\":\"Cure,FC,HP,MP,SP,ME\",\"itemOrderValue\":\"311,313,11195,11295,11395,11299\",\"itemOrder\":{\"Cure\":true,\"FC\":true,\"HP\":true,\"MP\":true,\"ME\":true,\"SP\":true},\"item\":{\"Cure\":true,\"FC\":true,\"HP\":true,\"MP\":true,\"ME\":true,\"SP\":true},\"itemCureCondition\":{\"0\":[\"hp,2,60\"]},\"itemFCCondition\":{\"0\":[\"hp,2,40\"]},\"itemHPCondition\":{\"0\":[\"hp,2,50\"]},\"itemMPCondition\":{\"0\":[\"mp,2,50\"]},\"itemMECondition\":{\"0\":[\"mp,2,10\"]},\"itemSPCondition\":{\"0\":[\"sp,2,50\"]},\"channelSkill\":{\"AF\":true,\"He\":true,\"Re\":true},\"channelSkill2\":true,\"channelSkill2OrderName\":\"Cu,FC,AF,He,Re\",\"channelSkill2OrderValue\":\"311,313,432,431,312\",\"channelSkill2Order\":{\"Cu\":true,\"FC\":true,\"AF\":true,\"He\":true,\"Re\":true},\"buffSkillOrderValue\":\"Re,He\",\"buffSkillOrder\":{\"He\":true,\"Re\":true},\"buffSkill\":{\"HD\":true,\"MD\":true,\"SD\":true,\"He\":true,\"Re\":true,\"Ab\":true},\"buffSkillHDCondition\":{\"0\":[\"hp,2,70\"]},\"buffSkillMDCondition\":{\"0\":[\"hp,2,70\"]},\"buffSkillSDCondition\":{\"0\":[\"sp,2,70\"]},\"buffSkillHeCondition\":{\"0\":[\"_buffTurn_,2,2\"]},\"buffSkillReCondition\":{\"0\":[\"hp,2,80\"]},\"buffSkillAbCondition\":{\"0\":[\"_buffTurn_,2,1\"]},\"debuffSkillOrderValue\":\"Slo,Im,Si,Dr,We,MN,Bl\",\"debuffSkillOrder\":{\"Bl\":true,\"Slo\":true,\"Im\":true,\"MN\":true,\"Si\":true,\"Dr\":true,\"We\":true},\"debuffSkill\":{\"Bl\":true,\"Slo\":true,\"Im\":true,\"MN\":true,\"Si\":true,\"Dr\":true,\"We\":true},\"debuffSkillBlCondition\":{\"0\":[\"monsterAlive,4,bossAll\",\"_buffTurn_,2,1\",\"mp,1,50\"]},\"debuffSkillWeSlondition\":{\"0\":[\"monsterAlive,4,bossAll\",\"_buffTurn_,2,1\",\"mp,1,50\"]},\"debuffSkillImCondition\":{\"0\":[\"monsterAlive,4,bossAll\",\"_buffTurn_,2,1\",\"mp,1,50\"]},\"debuffSkillMNCondition\":{\"0\":[\"monsterAlive,4,bossAll\",\"_buffTurn_,2,1\",\"mp,1,50\"]},\"debuffSkillSiCondition\":{\"0\":[\"monsterAlive,4,bossAll\",\"_buffTurn_,2,1\",\"mp,1,50\"]},\"debuffSkillDrCondition\":{\"0\":[\"monsterAlive,4,bossAll\",\"_buffTurn_,2,1\",\"mp,1,50\"]},\"debuffSkillWeCondition\":{\"0\":[\"monsterAlive,4,bossAll\",\"_buffTurn_,2,1\",\"mp,1,50\"]},\"debuffSkillTurn\":{\"Sle\":0,\"Bl\":1,\"Slo\":1,\"Im\":1,\"MN\":1,\"Si\":1,\"Dr\":1,\"We\":1,\"Co\":0},\"skillOrderValue\":\"OFC,T3,T2,T1\",\"skillOrder\":{\"OFC\":true,\"T3\":true,\"T2\":true,\"T1\":true},\"skill\":{\"OFC\":true,\"T3\":true,\"T2\":true,\"T1\":true},\"skillOFCCondition\":{\"0\":[\"oc,1,200\"]},\"fightingStyle\":\"2\",\"mercifulBlow\":true,\"skillT3Condition\":{\"0\":[\"oc,2,200\"]},\"skillT2Condition\":{\"0\":[\"oc,2,200\"]},\"skillT1Condition\":{\"0\":[\"oc,2,200\"]},\"weight\":{\"Sle\":5,\"Bl\":3,\"Slo\":3,\"Im\":-5,\"MN\":-4,\"Si\":-4,\"Dr\":-4,\"We\":-4,\"Co\":-1,\"CM\":-5,\"Stun\":-4,\"PA\":-4,\"BW\":-4},\"dropQuality\":\"5\",\"roundNow\":\"1\",\"roundAll\":\"1\"}}","lastEncounter":"shttps://hentaiverse.org/?s=Battle&ss=ba&encounter=MzMyMTQ2NS0xNTg4NzU1NTczLTNlYzE3NDZjODAzN2RmYmQ4ZTE5Njk5MGJkMjM2NGI1NjQ3MWMwZjM=","monsterStatus":"o[{\"order\":0,\"id\":1,\"hp\":115798,\"isDead\":true,\"hpNow\":null},{\"order\":1,\"id\":2,\"hp\":138214,\"isDead\":false,\"hpNow\":120938},{\"order\":2,\"id\":3,\"hp\":161905,\"isDead\":false,\"hpNow\":155159},{\"order\":3,\"id\":4,\"hp\":118425,\"isDead\":true,\"hpNow\":null},{\"order\":4,\"id\":5,\"hp\":171548,\"isDead\":false,\"hpNow\":137239}]","option":"o{\"version\":\"2.90\",\"lang\":\"0\",\"buffSkillSwitch\":true,\"debuffSkillSwitch\":true,\"skillSwitch\":true,\"dropMonitor\":true,\"recordUsage\":true,\"hp1\":75,\"mp1\":75,\"sp1\":75,\"attackStatus\":0,\"pauseButton\":true,\"pauseHotkey\":true,\"pauseHotkeyStr\":\" \",\"pauseHotkeyCode\":32,\"riddleRadio\":true,\"turnOnSS\":true,\"turnOnSSCondition\":{\"0\":[\"oc,1,249\"]},\"delayAlertTime\":0,\"delayReloadTime\":0,\"riddleAnswerTime\":5,\"staminaLose\":5,\"staminaPause\":true,\"staminaWarn\":true,\"idleArenaTime\":60,\"idleArenaLevels\":\"GF\",\"idleArenaValue\":\"gr\",\"arLevel\":{\"GF\":true},\"idleArenaGrTime\":999,\"repairValue\":0,\"autoPause\":true,\"pauseCondition\":{\"0\":[\"hp,2,30\"]},\"staminaLow\":30,\"delay\":200,\"delay2\":30,\"itemOrderName\":\"Cure,FC,HP,MP,SP,ME\",\"itemOrderValue\":\"311,313,11195,11295,11395,11299\",\"itemOrder\":{\"Cure\":true,\"FC\":true,\"HP\":true,\"MP\":true,\"ME\":true,\"SP\":true},\"item\":{\"Cure\":true,\"FC\":true,\"HP\":true,\"MP\":true,\"ME\":true,\"SP\":true},\"itemCureCondition\":{\"0\":[\"hp,2,60\"]},\"itemFCCondition\":{\"0\":[\"hp,2,40\"]},\"itemHPCondition\":{\"0\":[\"hp,2,50\"]},\"itemMPCondition\":{\"0\":[\"mp,2,50\"]},\"itemMECondition\":{\"0\":[\"mp,2,10\"]},\"itemSPCondition\":{\"0\":[\"sp,2,50\"]},\"channelSkill\":{\"AF\":true,\"He\":true,\"Re\":true},\"channelSkill2\":true,\"channelSkill2OrderName\":\"Cu,FC,AF,He,Re\",\"channelSkill2OrderValue\":\"311,313,432,431,312\",\"channelSkill2Order\":{\"Cu\":true,\"FC\":true,\"AF\":true,\"He\":true,\"Re\":true},\"buffSkillOrderValue\":\"Re,He\",\"buffSkillOrder\":{\"He\":true,\"Re\":true},\"buffSkill\":{\"HD\":true,\"MD\":true,\"SD\":true,\"He\":true,\"Re\":true,\"Ab\":true},\"buffSkillHDCondition\":{\"0\":[\"hp,2,70\"]},\"buffSkillMDCondition\":{\"0\":[\"hp,2,70\"]},\"buffSkillSDCondition\":{\"0\":[\"sp,2,70\"]},\"buffSkillHeCondition\":{\"0\":[\"_buffTurn_,2,2\"]},\"buffSkillReCondition\":{\"0\":[\"hp,2,80\"]},\"buffSkillAbCondition\":{\"0\":[\"_buffTurn_,2,1\"]},\"debuffSkillOrderValue\":\"Slo,Im,Si,Dr,We,MN,Bl\",\"debuffSkillOrder\":{\"Bl\":true,\"Slo\":true,\"Im\":true,\"MN\":true,\"Si\":true,\"Dr\":true,\"We\":true},\"debuffSkill\":{\"Bl\":true,\"Slo\":true,\"Im\":true,\"MN\":true,\"Si\":true,\"Dr\":true,\"We\":true},\"debuffSkillBlCondition\":{\"0\":[\"monsterAlive,4,bossAll\",\"_buffTurn_,2,1\",\"mp,1,50\"]},\"debuffSkillWeSlondition\":{\"0\":[\"monsterAlive,4,bossAll\",\"_buffTurn_,2,1\",\"mp,1,50\"]},\"debuffSkillImCondition\":{\"0\":[\"monsterAlive,4,bossAll\",\"_buffTurn_,2,1\",\"mp,1,50\"]},\"debuffSkillMNCondition\":{\"0\":[\"monsterAlive,4,bossAll\",\"_buffTurn_,2,1\",\"mp,1,50\"]},\"debuffSkillSiCondition\":{\"0\":[\"monsterAlive,4,bossAll\",\"_buffTurn_,2,1\",\"mp,1,50\"]},\"debuffSkillDrCondition\":{\"0\":[\"monsterAlive,4,bossAll\",\"_buffTurn_,2,1\",\"mp,1,50\"]},\"debuffSkillWeCondition\":{\"0\":[\"monsterAlive,4,bossAll\",\"_buffTurn_,2,1\",\"mp,1,50\"]},\"debuffSkillTurn\":{\"Sle\":0,\"Bl\":1,\"Slo\":1,\"Im\":1,\"MN\":1,\"Si\":1,\"Dr\":1,\"We\":1,\"Co\":0},\"skillOrderValue\":\"OFC,T3,T2,T1\",\"skillOrder\":{\"OFC\":true,\"T3\":true,\"T2\":true,\"T1\":true},\"skill\":{\"OFC\":true,\"T3\":true,\"T2\":true,\"T1\":true},\"skillOFCCondition\":{\"0\":[\"oc,1,200\"]},\"fightingStyle\":\"2\",\"mercifulBlow\":true,\"skillT3Condition\":{\"0\":[\"oc,2,200\"]},\"skillT2Condition\":{\"0\":[\"oc,2,200\"]},\"skillT1Condition\":{\"0\":[\"oc,2,200\"]},\"weight\":{\"Sle\":5,\"Bl\":3,\"Slo\":3,\"Im\":-5,\"MN\":-4,\"Si\":-4,\"Dr\":-4,\"We\":-4,\"Co\":-1,\"CM\":-5,\"Stun\":-4,\"PA\":-4,\"BW\":-4},\"dropQuality\":\"5\",\"roundNow\":\"12\",\"roundAll\":\"80\"}","roundAll":"n80","roundNow":"n12","roundType":"sar","staminaLostLog":"o{\"2020/4/9 22:39:57\":3,\"2020/4/10 18:30:53\":3,\"2020/4/12 11:51:28\":3,\"2020/4/17 17:00:58\":1,\"2020/4/18 13:37:48\":2,\"2020/4/21 20:17:45\":1,\"2020/4/26 17:30:38\":1,\"2020/4/27 23:26:40\":2,\"2020/4/29 10:04:32\":2,\"2020/4/29 17:13:03\":3,\"2020/5/3 18:45:45\":1,\"2020/5/10 19:14:15\":2,\"2020/5/16 18:26:48\":1,\"2020/5/17 14:26:41\":2,\"2020/5/17 14:35:14\":3,\"2020/5/17 15:51:12\":5,\"2020/5/18 11:20:11\":5,\"2020/5/19 11:16:31\":7,\"2020/5/19 17:03:28\":3,\"2020/5/19 17:25:12\":5,\"2020/5/20 21:24:24\":7,\"2020/5/22 11:16:14\":7,\"2020/5/22 18:12:07\":5,\"2020/5/23 11:21:48\":5,\"2020/5/23 20:50:02\":5,\"2020/5/24 13:16:16\":7}","url":"shttps://hentaiverse.org","disabled":"btrue"},"ts":1590319581267}