{"data":{"CatPW":"o{\"date\":\"2020/5/22\",\"sCode\":\"\",\"unPW\":\"\",\"Src\":\"https://www.lanzous.com/b0n92o8b\",\"surl\":\"\",\"Hash\":\"\",\"webSrc\":\"https%3A%2F%2Fbbs.binmt.cc%2Fthread-27293-1-1.html\",\"webTitle\":\"%5B%E6%95%99%E7%A8%8B%E9%99%84%E6%88%90%E5%93%81%5DQQ8.3.0%E5%92%8C8.3.3%E6%B5%8B%E8%AF%95%E7%89%88%E5%AE%9E%E7%94%A8%E5%8A%9F%E8%83%BD%E7%A0%B4%E8%A7%A3%203.17%E6%9B%B4%E6%96%B0%E6%AD%A3%E5%BC%8F%E7%89%88%E5%92%8C%E6%B5%8B%E8%AF%95%E7%89%88\"}","CatPW_Manage":"o{\"StorageSave\":true,\"UpdataConfig\":{\"UpdataSave\":true,\"UpdataNotify\":true,\"UpdataPlugin\":true,\"UpdataVersion\":\"3.12.7\"},\"StorageExp\":365}"},"ts":1590125106623}