{"data":{"historyRecommend":"s[{\"title\":\"小老弟,哥们混街溜子时候你还没出生呢\",\"cover\":\"https://i2.hdslb.com/bfs/archive/c06144ed20739a3757b304b47ec05cf4ceee576d.jpg\",\"uri\":\"bilibili://video/244356358\",\"param\":\"244356358\",\"goto\":\"av\",\"desc\":\"5012弹幕\",\"play\":3085662,\"danmaku\":5012,\"reply\":4393,\"favorite\":85497,\"coin\":125795,\"share\":23601,\"like\":222835,\"duration\":74,\"idx\":1598171971,\"cid\":225185316,\"tid\":47,\"tname\":\"短片·手书·配音\",\"tag\":{\"tag_id\":358,\"tag_name\":\"动画\",\"count\":{\"atten\":144095}},\"dislike_reasons\":[{\"reason_id\":4,\"reason_name\":\"UP主:星有野\"},{\"reason_id\":2,\"reason_name\":\"分区:短片·手书·配音\"},{\"reason_id\":3,\"reason_name\":\"标签:动画\"},{\"reason_id\":1,\"reason_name\":\"不感兴趣\"}],\"ctime\":1597582367,\"autoplay\":1,\"mid\":627888730,\"name\":\"星有野\",\"face\":\"http://i1.hdslb.com/bfs/face/dd8d3d276d20335813f3c908d871144fad44342d.jpg\",\"autoplay_card\":2},{\"title\":\"【8分钟腹肌】无器械高效腹肌训练(男女通用)\",\"cover\":\"https://i0.hdslb.com/bfs/archive/9032c0d9b3e4ab99bb15c44280febd25fb51b43e.jpg\",\"uri\":\"bilibili://video/286851467\",\"param\":\"286851467\",\"goto\":\"av\",\"desc\":\"299弹幕\",\"play\":70167,\"danmaku\":299,\"reply\":350,\"favorite\":10391,\"coin\":5685,\"share\":413,\"like\":9614,\"duration\":386,\"idx\":1598171970,\"cid\":227763508,\"tid\":164,\"tname\":\"健身\",\"tag\":{\"tag_id\":1513253,\"tag_name\":\"瘦身塑形\",\"count\":{\"atten\":296105}},\"dislike_reasons\":[{\"reason_id\":4,\"reason_name\":\"UP主:帅soserious\"},{\"reason_id\":2,\"reason_name\":\"分区:健身\"},{\"reason_id\":3,\"reason_name\":\"标签:瘦身塑形\"},{\"reason_id\":1,\"reason_name\":\"不感兴趣\"}],\"ctime\":1598152070,\"autoplay\":1,\"mid\":66391032,\"name\":\"帅soserious\",\"face\":\"http://i0.hdslb.com/bfs/face/40a663bb18e9064a97901b96aaf7d84d8056e98b.jpg\",\"official\":{\"role\":1,\"title\":\"bilibili 知名运动UP主\"}},{\"title\":\"特朗普：若中国想要我当选，那就太侮辱人了\",\"cover\":\"https://i2.hdslb.com/bfs/archive/acda430a59cc420c0b2d5cb8ed0aabc29a36e4a0.jpg\",\"uri\":\"bilibili://video/711765930\",\"param\":\"711765930\",\"goto\":\"av\",\"desc\":\"5394弹幕\",\"play\":1293050,\"danmaku\":5394,\"reply\":5716,\"favorite\":3265,\"coin\":1479,\"share\":3591,\"like\":63599,\"duration\":62,\"idx\":1598171969,\"cid\":227537228,\"tid\":204,\"tname\":\"环球\",\"tag\":{\"tag_id\":1238288,\"tag_name\":\"特朗普\",\"count\":{\"atten\":22049}},\"dislike_reasons\":[{\"reason_id\":4,\"reason_name\":\"UP主:观察者网\"},{\"reason_id\":2,\"reason_name\":\"分区:环球\"},{\"reason_id\":3,\"reason_name\":\"标签:特朗普\"},{\"reason_id\":1,\"reason_name\":\"不感兴趣\"}],\"ctime\":1598092615,\"autoplay\":1,\"mid\":10330740,\"name\":\"观察者网\",\"face\":\"http://i1.hdslb.com/bfs/face/1d6f100b921c9b48914eda8f3b37e76ba9ef4ca5.jpg\",\"official\":{\"role\":5,\"title\":\"观察者网 官方账号\"}},{\"title\":\"神：你必须要和100个女生交往！【阅片无数动漫篇07】\",\"cover\":\"https://i0.hdslb.com/bfs/archive/3f5dd50a98dc57346a5c16865cce831865fd854b.jpg\",\"uri\":\"bilibili://video/754334812\",\"param\":\"754334812\",\"goto\":\"av\",\"desc\":\"37672弹幕\",\"play\":2302802,\"danmaku\":37672,\"reply\":5684,\"favorite\":32147,\"coin\":85496,\"share\":5309,\"like\":306451,\"duration\":735,\"idx\":1598171968,\"cid\":227469712,\"tid\":27,\"tname\":\"综合\",\"tag\":{\"tag_id\":530918,\"tag_name\":\"动漫杂谈\",\"count\":{\"atten\":427837}},\"dislike_reasons\":[{\"reason_id\":4,\"reason_name\":\"UP主:凉风Kaze\"},{\"reason_id\":2,\"reason_name\":\"分区:综合\"},{\"reason_id\":3,\"reason_name\":\"标签:动漫杂谈\"},{\"reason_id\":1,\"reason_name\":\"不感兴趣\"}],\"ctime\":1598104802,\"autoplay\":1,\"mid\":14110780,\"name\":\"凉风Kaze\",\"face\":\"http://i1.hdslb.com/bfs/face/e0cc906bb531195e9ee9f3b575effdd2b056eaea.jpg\",\"official\":{\"role\":1,\"title\":\"bilibili  2019百大UP主、高能联盟成员\"}},{\"title\":\"喜欢你，喜欢你，我喜欢你。想要表白？让你一次爽个够！\",\"cover\":\"https://i2.hdslb.com/bfs/archive/83b32aa9e47e0ff6e13b5a86f8e2067a246f0fb1.jpg\",\"uri\":\"bilibili://video/201823268\",\"param\":\"201823268\",\"goto\":\"av\",\"desc\":\"1624弹幕\",\"play\":383027,\"danmaku\":1624,\"reply\":1258,\"favorite\":30978,\"coin\":28700,\"share\":2763,\"like\":53030,\"duration\":249,\"idx\":1598171967,\"cid\":227148669,\"tid\":24,\"tname\":\"MAD·AMV\",\"tag\":{\"tag_id\":485740,\"tag_name\":\"MAD.AMV\",\"count\":{\"atten\":56659}},\"dislike_reasons\":[{\"reason_id\":4,\"reason_name\":\"UP主:哔哩哔哩番剧\"},{\"reason_id\":2,\"reason_name\":\"分区:MAD·AMV\"},{\"reason_id\":3,\"reason_name\":\"标签:MAD.AMV\"},{\"reason_id\":1,\"reason_name\":\"不感兴趣\"}],\"ctime\":1598068840,\"autoplay\":1,\"mid\":928123,\"name\":\"哔哩哔哩番剧\",\"face\":\"http://i2.hdslb.com/bfs/face/7a8412cbacb9fd18f40ddbbf0ad183e45afc1365.jpg\",\"official\":{\"role\":3,\"title\":\"哔哩哔哩番剧区官方账号\"}},{\"title\":\"沈逸：驻美大使说到这份上，美方再看不懂，情况就危险了\",\"cover\":\"https://i2.hdslb.com/bfs/archive/fd3548518e210ebedcb7ec5db84ef3fd63f4d250.jpg\",\"uri\":\"bilibili://video/456847202\",\"param\":\"456847202\",\"goto\":\"av\",\"desc\":\"17318弹幕\",\"play\":858283,\"danmaku\":17318,\"reply\":5310,\"favorite\":16321,\"coin\":49953,\"share\":6131,\"like\":82083,\"duration\":1257,\"idx\":1598171966,\"cid\":227456337,\"tid\":124,\"tname\":\"社科人文\",\"tag\":{\"tag_id\":64141,\"tag_name\":\"希拉里\",\"count\":{\"atten\":98}},\"dislike_reasons\":[{\"reason_id\":4,\"reason_name\":\"UP主:沈逸老师\"},{\"reason_id\":2,\"reason_name\":\"分区:社科人文\"},{\"reason_id\":3,\"reason_name\":\"标签:希拉里\"},{\"reason_id\":1,\"reason_name\":\"不感兴趣\"}],\"ctime\":1598083679,\"autoplay\":1,\"mid\":648113003,\"name\":\"沈逸老师\",\"face\":\"http://i2.hdslb.com/bfs/face/14633072e31671d939bd49bf2c2077f64929f9e8.jpg\",\"official\":{\"role\":2,\"title\":\"复旦大学教授，《逸语道破》主讲人\"}},{\"title\":\"羊村之诸神之战\",\"cover\":\"https://i1.hdslb.com/bfs/archive/9bbcb79bbc2afacc2320e37d2988543de266d20a.jpg\",\"uri\":\"bilibili://video/796853218\",\"param\":\"796853218\",\"goto\":\"av\",\"desc\":\"8452弹幕\",\"play\":2443789,\"danmaku\":8452,\"reply\":5955,\"favorite\":38777,\"coin\":71076,\"share\":24641,\"like\":180502,\"duration\":185,\"idx\":1598171965,\"cid\":226712349,\"tid\":47,\"tname\":\"短片·手书·配音\",\"tag\":{\"tag_id\":90796,\"tag_name\":\"动漫恶搞\",\"count\":{\"atten\":29813}},\"dislike_reasons\":[{\"reason_id\":4,\"reason_name\":\"UP主:咪克菌\"},{\"reason_id\":2,\"reason_name\":\"分区:短片·手书·配音\"},{\"reason_id\":3,\"reason_name\":\"标签:动漫恶搞\"},{\"reason_id\":1,\"reason_name\":\"不感兴趣\"}],\"ctime\":1597981538,\"autoplay\":1,\"mid\":25329626,\"name\":\"咪克菌\",\"face\":\"http://i1.hdslb.com/bfs/face/0042a7eaa356accba028b85592e7fd23f0763190.jpg\",\"official\":{\"role\":1,\"title\":\"bilibili 知名动漫UP主\"}},{\"title\":\"轮椅亚索 皮断腿 亚索：我还要e！我还要e!~..........\",\"cover\":\"https://i1.hdslb.com/bfs/archive/acee94ff051b8eeb6b67b858b3caf8ccd18d729a.jpg\",\"uri\":\"bilibili://video/796847526\",\"param\":\"796847526\",\"goto\":\"av\",\"desc\":\"2413弹幕\",\"play\":1292441,\"danmaku\":2413,\"reply\":1852,\"favorite\":12378,\"coin\":14111,\"share\":35078,\"like\":50999,\"duration\":378,\"idx\":1598171964,\"cid\":226896969,\"tid\":171,\"tname\":\"电子竞技\",\"tag\":{\"tag_id\":62526,\"tag_name\":\"电子竞技\",\"count\":{\"atten\":109580}},\"dislike_reasons\":[{\"reason_id\":4,\"reason_name\":\"UP主:野猪鸽鸽\"},{\"reason_id\":2,\"reason_name\":\"分区:电子竞技\"},{\"reason_id\":3,\"reason_name\":\"标签:电子竞技\"},{\"reason_id\":1,\"reason_name\":\"不感兴趣\"}],\"ctime\":1597956258,\"autoplay\":1,\"mid\":439675208,\"name\":\"野猪鸽鸽\",\"face\":\"http://i2.hdslb.com/bfs/face/e02bd6ee54d2fb1b2ccb6fadc07311725964c6ac.jpg\"},{\"title\":\"【R1SE】这是我们想看到的中国男团的样子！直男看R1SE《中国话》舞台reaction\",\"cover\":\"https://i1.hdslb.com/bfs/archive/254432c4707226248644ee21206566a1e6661ae5.jpg\",\"uri\":\"bilibili://video/201869790\",\"param\":\"201869790\",\"goto\":\"av\",\"desc\":\"1936弹幕\",\"play\":76776,\"danmaku\":1936,\"reply\":881,\"favorite\":1380,\"coin\":3922,\"share\":222,\"like\":7719,\"duration\":492,\"idx\":1598171963,\"cid\":227604216,\"tid\":137,\"tname\":\"明星\",\"tag\":{\"tag_id\":5761,\"tag_name\":\"明星\",\"count\":{\"atten\":116890}},\"dislike_reasons\":[{\"reason_id\":4,\"reason_name\":\"UP主:蚊叽叽\"},{\"reason_id\":2,\"reason_name\":\"分区:明星\"},{\"reason_id\":3,\"reason_name\":\"标签:明星\"},{\"reason_id\":1,\"reason_name\":\"不感兴趣\"}],\"ctime\":1598104566,\"autoplay\":1,\"mid\":1718674,\"name\":\"蚊叽叽\",\"face\":\"http://i2.hdslb.com/bfs/face/f2bc7ec39b4226771319cc9b4c9ea0c545b2b6a9.jpg\",\"official\":{\"role\":1,\"title\":\"bilibili 知名娱乐UP主\"}},{\"title\":\"边吃黄瓜边许愿，最后成了超级英雄？我都不知道他们咋寻思的……《超能黄瓜》\",\"cover\":\"https://i2.hdslb.com/bfs/archive/30aea051d60cba441f3513cdf8cafa1c6f3c2434.jpg\",\"uri\":\"bilibili://video/286839928\",\"param\":\"286839928\",\"goto\":\"av\",\"desc\":\"2630弹幕\",\"play\":168994,\"danmaku\":2630,\"reply\":848,\"favorite\":1843,\"coin\":3332,\"share\":223,\"like\":26662,\"duration\":419,\"idx\":1598171962,\"cid\":225580550,\"tid\":182,\"tname\":\"影视杂谈\",\"tag\":{\"tag_id\":111377,\"tag_name\":\"影评\",\"count\":{\"atten\":795563}},\"dislike_reasons\":[{\"reason_id\":4,\"reason_name\":\"UP主:丸子叨叨叨\"},{\"reason_id\":2,\"reason_name\":\"分区:影视杂谈\"},{\"reason_id\":3,\"reason_name\":\"标签:影评\"},{\"reason_id\":1,\"reason_name\":\"不感兴趣\"}],\"ctime\":1598088039,\"autoplay\":1,\"mid\":452309333,\"name\":\"丸子叨叨叨\",\"face\":\"http://i0.hdslb.com/bfs/face/049c24b1fb0af3329df9dcd2bd75b02811e7b4db.jpg\",\"official\":{\"role\":1,\"title\":\"bilibili 2019年度新人奖UP主、新星UP主\",\"desc\":\"第四届“bilibili 新星计划”获奖者\"}}]"},"ts":1598171967122}