{"data":{"historyRecommend":"s[{\"title\":\"呵，女人……\",\"cover\":\"https://i1.hdslb.com/bfs/archive/7f5a58926e8b4f58f748c5c516c7ee1f1ab7ad66.jpg\",\"uri\":\"bilibili://video/754380591\",\"param\":\"754380591\",\"goto\":\"av\",\"desc\":\"70弹幕\",\"play\":533162,\"danmaku\":70,\"reply\":264,\"favorite\":6209,\"coin\":920,\"share\":7570,\"like\":25082,\"duration\":14,\"idx\":1598929864,\"cid\":230215773,\"tid\":138,\"tname\":\"搞笑\",\"tag\":{\"tag_id\":1833,\"tag_name\":\"搞笑\",\"count\":{\"atten\":2013522}},\"dislike_reasons\":[{\"reason_id\":4,\"reason_name\":\"UP主:光速qaw\"},{\"reason_id\":2,\"reason_name\":\"分区:搞笑\"},{\"reason_id\":3,\"reason_name\":\"标签:搞笑\"},{\"reason_id\":1,\"reason_name\":\"不感兴趣\"}],\"ctime\":1598694174,\"autoplay\":1,\"mid\":287535222,\"name\":\"光速qaw\",\"face\":\"http://i2.hdslb.com/bfs/face/170c4255d5b2eee8916404b7ed60d7ab87cf9ceb.jpg\",\"autoplay_card\":2},{\"title\":\"有100道菜品重庆牛油老火锅｜成都美味探店\",\"cover\":\"https://i1.hdslb.com/bfs/archive/31ff7667c5443dc3f2adf37d7cd7ef08f3fac82b.jpg\",\"uri\":\"bilibili://video/371899630\",\"param\":\"371899630\",\"goto\":\"av\",\"desc\":\"4470弹幕\",\"play\":536327,\"danmaku\":4470,\"reply\":1456,\"favorite\":3313,\"coin\":9010,\"share\":3069,\"like\":42310,\"duration\":781,\"idx\":1598929863,\"cid\":230141751,\"tid\":76,\"tname\":\"美食圈\",\"tag\":{\"tag_id\":20215,\"tag_name\":\"美食\",\"count\":{\"atten\":1534080}},\"dislike_reasons\":[{\"reason_id\":4,\"reason_name\":\"UP主:密子君\"},{\"reason_id\":2,\"reason_name\":\"分区:美食圈\"},{\"reason_id\":3,\"reason_name\":\"标签:美食\"},{\"reason_id\":1,\"reason_name\":\"不感兴趣\"}],\"ctime\":1598697029,\"autoplay\":1,\"mid\":3032988,\"name\":\"密子君\",\"face\":\"http://i1.hdslb.com/bfs/face/7a8d14249171e09448f4ddba1e0129584257825f.jpg\",\"official\":{\"role\":1,\"title\":\"bilibili 知名美食UP主\",\"desc\":\"90后美食家\"}},{\"title\":\"LGDvsIG中兮夜发条用大招反杀Ning是否存在bug？看完视频答案已在心中！\",\"cover\":\"https://i2.hdslb.com/bfs/archive/84d5dfff1481015796f0e0ea1d86c862e259f033.jpg\",\"uri\":\"bilibili://video/796883863\",\"param\":\"796883863\",\"goto\":\"av\",\"desc\":\"1285弹幕\",\"play\":417536,\"danmaku\":1285,\"reply\":4123,\"favorite\":1524,\"coin\":5362,\"share\":5782,\"like\":26450,\"duration\":166,\"idx\":1598929862,\"cid\":231003538,\"tid\":171,\"tname\":\"电子竞技\",\"tag\":{\"tag_id\":9222,\"tag_name\":\"英雄联盟\",\"count\":{\"atten\":1415175}},\"dislike_reasons\":[{\"reason_id\":4,\"reason_name\":\"UP主:布锅锅\"},{\"reason_id\":2,\"reason_name\":\"分区:电子竞技\"},{\"reason_id\":3,\"reason_name\":\"标签:英雄联盟\"},{\"reason_id\":1,\"reason_name\":\"不感兴趣\"}],\"ctime\":1598880305,\"autoplay\":1,\"mid\":25503580,\"name\":\"布锅锅\",\"face\":\"http://i2.hdslb.com/bfs/face/ab4607609f06096d5960eb541350a0e318ce4eaf.jpg\",\"official\":{\"role\":1,\"title\":\"bilibili 知名游戏UP主\",\"desc\":\"第二届“bilibili 新星计划”获奖者\"}},{\"title\":\"Ellen和Brian挑战一天只说中文！在美国海底捞补过的七夕约会❤️\",\"cover\":\"https://i0.hdslb.com/bfs/archive/92f894d77b2dfd05d83f19616707cf07a14bf529.jpg\",\"uri\":\"bilibili://video/969498810\",\"param\":\"969498810\",\"goto\":\"av\",\"desc\":\"989弹幕\",\"play\":40907,\"danmaku\":989,\"reply\":530,\"favorite\":791,\"coin\":3274,\"share\":195,\"like\":6108,\"duration\":687,\"idx\":1598929861,\"cid\":230800795,\"tid\":21,\"tname\":\"日常\",\"tag\":{\"tag_id\":2511282,\"tag_name\":\"vlog\",\"count\":{\"atten\":433679}},\"dislike_reasons\":[{\"reason_id\":4,\"reason_name\":\"UP主:Ellen和Brian\"},{\"reason_id\":2,\"reason_name\":\"分区:日常\"},{\"reason_id\":3,\"reason_name\":\"标签:vlog\"},{\"reason_id\":1,\"reason_name\":\"不感兴趣\"}],\"ctime\":1598864401,\"autoplay\":1,\"mid\":399114140,\"name\":\"Ellen和Brian\",\"face\":\"http://i1.hdslb.com/bfs/face/c30fe6813e3f1a6aaf612eb5a899f8bd97150c05.jpg\",\"official\":{\"role\":2,\"title\":\"Ellen and Brian官方账号\"}},{\"title\":\"所向无前！S10全球总决赛LPL出征仪式！\",\"cover\":\"https://i1.hdslb.com/bfs/archive/f8a267e7ba09738a3b20a293f302390aafbe3695.jpg\",\"uri\":\"bilibili://video/244420977\",\"param\":\"244420977\",\"goto\":\"av\",\"desc\":\"6362弹幕\",\"play\":532257,\"danmaku\":6362,\"reply\":4466,\"favorite\":1502,\"coin\":2208,\"share\":1245,\"like\":19388,\"duration\":505,\"idx\":1598929860,\"cid\":230681667,\"tid\":171,\"tname\":\"电子竞技\",\"tag\":{\"tag_id\":1538509,\"tag_name\":\"游戏赛事\",\"count\":{\"atten\":20757}},\"dislike_reasons\":[{\"reason_id\":4,\"reason_name\":\"UP主:哔哩哔哩英雄联盟赛事\"},{\"reason_id\":2,\"reason_name\":\"分区:电子竞技\"},{\"reason_id\":3,\"reason_name\":\"标签:游戏赛事\"},{\"reason_id\":1,\"reason_name\":\"不感兴趣\"}],\"ctime\":1598797816,\"autoplay\":1,\"mid\":50329118,\"name\":\"哔哩哔哩英雄联盟赛事\",\"face\":\"http://i0.hdslb.com/bfs/face/cb620bbb9071974f37843134875d472b47532a97.jpg\",\"official\":{\"role\":3,\"title\":\"哔哩哔哩英雄联盟赛事直播官方账号\"}},{\"title\":\"小青菜也下饭，三份地道美食，全都能独当一面，大sao可以开店了\",\"cover\":\"https://i1.hdslb.com/bfs/archive/dcbd6026314532815e39c46d280ed641f1a2e88e.jpg\",\"uri\":\"bilibili://video/456919601\",\"param\":\"456919601\",\"goto\":\"av\",\"desc\":\"7530弹幕\",\"play\":789258,\"danmaku\":7530,\"reply\":4645,\"favorite\":1979,\"coin\":10635,\"share\":539,\"like\":55894,\"duration\":511,\"idx\":1598929859,\"cid\":230444062,\"tid\":76,\"tname\":\"美食圈\",\"tag\":{\"tag_id\":20215,\"tag_name\":\"美食\",\"count\":{\"atten\":1534080}},\"dislike_reasons\":[{\"reason_id\":4,\"reason_name\":\"UP主:徐大sao\"},{\"reason_id\":2,\"reason_name\":\"分区:美食圈\"},{\"reason_id\":3,\"reason_name\":\"标签:美食\"},{\"reason_id\":1,\"reason_name\":\"不感兴趣\"}],\"ctime\":1598783421,\"autoplay\":1,\"mid\":390461123,\"name\":\"徐大sao\",\"face\":\"http://i0.hdslb.com/bfs/face/17323892be2e17b50acadb89b2e385b493f5fb4d.jpg\",\"official\":{\"role\":1,\"title\":\"bilibili 2019百大UP主、知名美食UP主\"}},{\"title\":\"3A新作《黑神话：寅子》10分钟实机演示【中英双语】\",\"cover\":\"https://i0.hdslb.com/bfs/archive/3aa2503697bc024077227f700aa0961391f01804.jpg\",\"uri\":\"bilibili://video/584478774\",\"param\":\"584478774\",\"goto\":\"av\",\"desc\":\"1750弹幕\",\"play\":421999,\"danmaku\":1750,\"reply\":799,\"favorite\":12289,\"coin\":33133,\"share\":4751,\"like\":29253,\"duration\":623,\"idx\":1598929858,\"cid\":229444338,\"tid\":22,\"tname\":\"鬼畜调教\",\"tag\":{\"tag_id\":68,\"tag_name\":\"鬼畜\",\"count\":{\"atten\":1766312}},\"dislike_reasons\":[{\"reason_id\":4,\"reason_name\":\"UP主:一大坨金子\"},{\"reason_id\":2,\"reason_name\":\"分区:鬼畜调教\"},{\"reason_id\":3,\"reason_name\":\"标签:鬼畜\"},{\"reason_id\":1,\"reason_name\":\"不感兴趣\"}],\"ctime\":1598519931,\"autoplay\":1,\"mid\":32699469,\"name\":\"一大坨金子\",\"face\":\"http://i0.hdslb.com/bfs/face/9b7f153f51b71ceb224cd1d754c953178ee7a326.jpg\"},{\"title\":\"独特辣叕叕层牛皇堡｜成都美味探店\",\"cover\":\"https://i2.hdslb.com/bfs/archive/c87174ec29a6f33d0a2d53e976a197703d313919.jpg\",\"uri\":\"bilibili://video/626997902\",\"param\":\"626997902\",\"goto\":\"av\",\"desc\":\"2028弹幕\",\"play\":247508,\"danmaku\":2028,\"reply\":739,\"favorite\":1112,\"coin\":3302,\"share\":321,\"like\":22761,\"duration\":542,\"idx\":1598929857,\"cid\":230866696,\"tid\":76,\"tname\":\"美食圈\",\"tag\":{\"tag_id\":20215,\"tag_name\":\"美食\",\"count\":{\"atten\":1534080}},\"dislike_reasons\":[{\"reason_id\":4,\"reason_name\":\"UP主:密子君\"},{\"reason_id\":2,\"reason_name\":\"分区:美食圈\"},{\"reason_id\":3,\"reason_name\":\"标签:美食\"},{\"reason_id\":1,\"reason_name\":\"不感兴趣\"}],\"ctime\":1598869846,\"autoplay\":1,\"mid\":3032988,\"name\":\"密子君\",\"face\":\"http://i1.hdslb.com/bfs/face/7a8d14249171e09448f4ddba1e0129584257825f.jpg\",\"official\":{\"role\":1,\"title\":\"bilibili 知名美食UP主\",\"desc\":\"90后美食家\"}},{\"title\":\"天朝8岁小学生最燃现场版极乐净土！小乖神级现场之辽宁大连颁奖舞台\",\"cover\":\"https://i2.hdslb.com/bfs/archive/8b0f8199cc9257d9be93d04dc658330483d2e5d7.jpg\",\"uri\":\"bilibili://video/754408641\",\"param\":\"754408641\",\"goto\":\"av\",\"desc\":\"566弹幕\",\"play\":294408,\"danmaku\":566,\"reply\":1036,\"favorite\":2888,\"coin\":1162,\"share\":935,\"like\":13804,\"duration\":227,\"idx\":1598929856,\"cid\":229040303,\"tid\":20,\"tname\":\"宅舞\",\"tag\":{\"tag_id\":9500,\"tag_name\":\"宅舞\",\"count\":{\"atten\":455781}},\"dislike_reasons\":[{\"reason_id\":4,\"reason_name\":\"UP主:果酱旋律\"},{\"reason_id\":2,\"reason_name\":\"分区:宅舞\"},{\"reason_id\":3,\"reason_name\":\"标签:宅舞\"},{\"reason_id\":1,\"reason_name\":\"不感兴趣\"}],\"ctime\":1598443233,\"autoplay\":1,\"mid\":136913199,\"name\":\"果酱旋律\",\"face\":\"http://i2.hdslb.com/bfs/face/6118150e2ea98a186d11d18de8b2c5e3ae6725a4.jpg\"},{\"title\":\"猛 男 生 存 27\",\"cover\":\"https://i2.hdslb.com/bfs/archive/b6be737af29be3cfa67160a1f28ee70e92b7288a.jpg\",\"uri\":\"bilibili://video/499448381\",\"param\":\"499448381\",\"goto\":\"av\",\"desc\":\"6619弹幕\",\"play\":557056,\"danmaku\":6619,\"reply\":2286,\"favorite\":6430,\"coin\":16058,\"share\":524,\"like\":104079,\"duration\":707,\"idx\":1598929855,\"cid\":230714168,\"tid\":17,\"tname\":\"单机游戏\",\"tag\":{\"tag_id\":47988,\"tag_name\":\"我的世界\",\"count\":{\"atten\":479471}},\"dislike_reasons\":[{\"reason_id\":4,\"reason_name\":\"UP主:籽岷\"},{\"reason_id\":2,\"reason_name\":\"分区:单机游戏\"},{\"reason_id\":3,\"reason_name\":\"标签:我的世界\"},{\"reason_id\":1,\"reason_name\":\"不感兴趣\"}],\"ctime\":1598806697,\"autoplay\":1,\"mid\":686127,\"name\":\"籽岷\",\"face\":\"http://i2.hdslb.com/bfs/face/7efb679569b2faeff38fa08f6f992fa1ada5e948.webp\",\"official\":{\"role\":1,\"title\":\"bilibili 知名游戏UP主\"}}]"},"ts":1598929868308}