{"options":{"awareOfChrome":false,"check_for_updates":true,"comment":null,"compat_arrayleft":false,"compat_foreach":false,"compat_forvarin":false,"compat_metadata":false,"compat_uW_gmonkey":false,"compat_wrappedjsobject":false,"compatopts_for_requires":true,"noframes":null,"override":{"merge_connects":true,"merge_excludes":true,"merge_includes":true,"merge_matches":true,"orig_connects":[],"orig_excludes":[],"orig_includes":[],"orig_matches":["https://*.summer-plus.net","https://*.summer-plus.net/index.php","https://*.level-plus.net","https://*.level-plus.net/index.php","https://*.white-plus.net","https://*.white-plus.net/index.php","https://*.south-plus.net","https://*.white-plus.net/index.php","https://*.imoutolove.me","https://*.imoutolove.me/index.php"],"orig_noframes":null,"orig_run_at":"document-idle","use_blockers":[],"use_connects":[],"use_excludes":[],"use_includes":[],"use_matches":[]},"run_at":null},"settings":{"enabled":true,"position":25},"meta":{"name":"North-Plus Auto Task","uuid":"72e47070-9a7d-4806-8693-5219296d0249","modified":1598869521251,"file_url":"https://greasyfork.org/scripts/369548-north-plus-auto-task/code/North-Plus%20Auto%20Task.user.js"}}