{"data":{"CatPW":"o{\"date\":\"2020/7/20\",\"sCode\":\"\",\"unPW\":\"\",\"Src\":\"http://pan.baidu.com/s/1mgGebEw#list/path=%2Fpgdoccn-releases%2F11.2v1.1\",\"surl\":\"\",\"Hash\":\"#list/path=%2Fpgdoccn-releases%2F11.2v1.1\",\"webSrc\":\"https%3A%2F%2Fgithub.com%2Fpostgres-cn%2Fpgdoc-cn%2Freleases\",\"webTitle\":\"Releases%20%C2%B7%20postgres-cn%2Fpgdoc-cn\"}","CatPW_Manage":"o{\"StorageSave\":true,\"UpdataConfig\":{\"UpdataSave\":true,\"UpdataNotify\":true,\"UpdataPlugin\":true,\"UpdataVersion\":\"3.12.7\"},\"StorageExp\":\"999\"}"},"ts":1595236184302}