{"options":{"awareOfChrome":false,"check_for_updates":true,"comment":null,"compat_arrayleft":false,"compat_foreach":false,"compat_forvarin":false,"compat_metadata":false,"compat_uW_gmonkey":false,"compat_wrappedjsobject":false,"compatopts_for_requires":true,"noframes":null,"override":{"merge_connects":true,"merge_excludes":true,"merge_includes":true,"merge_matches":true,"orig_excludes":["https://alt.hentaiverse.org/pages/showequip.php?*"],"orig_includes":["https://*hentaiverse.org/*","https://*alt.hentaiverse.org/*","http://hentaiverse.org/pages/showequip.php?*","http://alt.hentaiverse.org/equip/*","http://hentaiverse.org/equip/*","http://alt.hentaiverse.org/pages/showequip.php?eid=*"],"orig_matches":[],"orig_noframes":null,"orig_run_at":"document-idle","use_blockers":[],"use_connects":[],"use_excludes":[],"use_includes":[],"use_matches":[]},"run_at":null},"settings":{"enabled":true,"position":8},"meta":{"name":"HV 界面与其他汉化","uuid":"c9c6cbf0-b51b-4def-aa78-e0e68768b14b","modified":1565526617373}}