{"data":{"CatPW":"o{\"date\":\"2020/7/4\",\"sCode\":\"\",\"unPW\":\"\",\"Src\":\"https://pan.baidu.com/s/16U-5tzhXFHcS22m9TFfaeQ\",\"surl\":\"\",\"Hash\":\"#2333\",\"webSrc\":\"http%3A%2F%2Fwww.carrotchou.blog%2F11019.html\",\"webTitle\":\"%E7%A7%BB%E5%8A%A8%E5%8A%9E%E5%85%AC%E8%BD%AF%E4%BB%B6%20OfficeSuite%20Premium%20v10.18.28692%20%E5%86%85%E8%B4%AD%E8%A7%A3%E9%94%81%E7%89%88-%E8%83%A1%E8%90%9D%E5%8D%9C%E5%91%A8%E5%8D%9A%E5%AE%A2\"}","CatPW_Manage":"o{\"StorageSave\":true,\"UpdataConfig\":{\"UpdataSave\":true,\"UpdataNotify\":true,\"UpdataPlugin\":true,\"UpdataVersion\":\"3.12.7\"},\"StorageExp\":\"999\"}"},"ts":1593829329229}