{"data":{"CatPW":"o{\"date\":\"2020/6/12\",\"sCode\":\"\",\"unPW\":\"\",\"Src\":\"https://cloud.189.cn/t/VV7n22qiyQnu\",\"surl\":\"\",\"Hash\":\"\",\"webSrc\":\"https%3A%2F%2Fwww.yijingying.com%2F1200.html\",\"webTitle\":\"Office%202016%20%E4%B8%93%E4%B8%9A%E5%A2%9E%E5%BC%BA%E7%89%88%20%E7%BB%BF%E8%89%B2%E7%B2%BE%E7%AE%80%E7%89%88%20-%20QQ%E5%89%8D%E7%BA%BF%E4%B9%90%E5%9B%AD\"}","CatPW_Manage":"o{\"StorageSave\":true,\"UpdataConfig\":{\"UpdataSave\":true,\"UpdataNotify\":true,\"UpdataPlugin\":true,\"UpdataVersion\":\"3.12.7\"},\"StorageExp\":365}"},"ts":1591963105926}