{"data":{"backup":"o{\"西洋剑盾\":{\"version\":\"2.90\",\"lang\":\"0\",\"buffSkillSwitch\":true,\"debuffSkillSwitch\":true,\"skillSwitch\":true,\"dropMonitor\":true,\"recordUsage\":true,\"hp1\":75,\"mp1\":75,\"sp1\":75,\"attackStatus\":0,\"pauseButton\":true,\"pauseHotkey\":true,\"pauseHotkeyStr\":\" \",\"pauseHotkeyCode\":32,\"riddleRadio\":true,\"turnOnSS\":true,\"turnOnSSCondition\":{\"0\":[\"oc,1,249\"]},\"delayAlertTime\":0,\"delayReloadTime\":0,\"riddleAnswerTime\":5,\"staminaLose\":5,\"staminaPause\":true,\"staminaWarn\":true,\"idleArenaTime\":60,\"idleArenaLevels\":\"GF\",\"idleArenaValue\":\"gr\",\"arLevel\":{\"GF\":true},\"idleArenaGrTime\":999,\"repairValue\":0,\"autoPause\":true,\"pauseCondition\":{\"0\":[\"hp,2,30\"]},\"staminaLow\":30,\"delay\":200,\"delay2\":30,\"itemOrderName\":\"Cure,FC,HP,MP,SP,ME\",\"itemOrderValue\":\"311,313,11195,11295,11395,11299\",\"itemOrder\":{\"Cure\":true,\"FC\":true,\"HP\":true,\"MP\":true,\"ME\":true,\"SP\":true},\"item\":{\"Cure\":true,\"FC\":true,\"HP\":true,\"MP\":true,\"ME\":true,\"SP\":true},\"itemCureCondition\":{\"0\":[\"hp,2,60\"]},\"itemFCCondition\":{\"0\":[\"hp,2,40\"]},\"itemHPCondition\":{\"0\":[\"hp,2,50\"]},\"itemMPCondition\":{\"0\":[\"mp,2,50\"]},\"itemMECondition\":{\"0\":[\"mp,2,10\"]},\"itemSPCondition\":{\"0\":[\"sp,2,50\"]},\"channelSkill\":{\"AF\":true,\"He\":true,\"Re\":true},\"channelSkill2\":true,\"channelSkill2OrderName\":\"Cu,FC,AF,He,Re\",\"channelSkill2OrderValue\":\"311,313,432,431,312\",\"channelSkill2Order\":{\"Cu\":true,\"FC\":true,\"AF\":true,\"He\":true,\"Re\":true},\"buffSkillOrderValue\":\"Re,He\",\"buffSkillOrder\":{\"He\":true,\"Re\":true},\"buffSkill\":{\"HD\":true,\"MD\":true,\"SD\":true,\"He\":true,\"Re\":true,\"Ab\":true},\"buffSkillHDCondition\":{\"0\":[\"hp,2,70\"]},\"buffSkillMDCondition\":{\"0\":[\"hp,2,70\"]},\"buffSkillSDCondition\":{\"0\":[\"sp,2,70\"]},\"buffSkillHeCondition\":{\"0\":[\"_buffTurn_,2,2\"]},\"buffSkillReCondition\":{\"0\":[\"hp,2,80\"]},\"buffSkillAbCondition\":{\"0\":[\"_buffTurn_,2,1\"]},\"debuffSkillOrderValue\":\"Slo,Im,Si,Dr,We,MN,Bl\",\"debuffSkillOrder\":{\"Bl\":true,\"Slo\":true,\"Im\":true,\"MN\":true,\"Si\":true,\"Dr\":true,\"We\":true},\"debuffSkill\":{\"Bl\":true,\"Slo\":true,\"Im\":true,\"MN\":true,\"Si\":true,\"Dr\":true,\"We\":true},\"debuffSkillBlCondition\":{\"0\":[\"monsterAlive,4,bossAll\",\"_buffTurn_,2,1\",\"mp,1,50\"]},\"debuffSkillWeSlondition\":{\"0\":[\"monsterAlive,4,bossAll\",\"_buffTurn_,2,1\",\"mp,1,50\"]},\"debuffSkillImCondition\":{\"0\":[\"monsterAlive,4,bossAll\",\"_buffTurn_,2,1\",\"mp,1,50\"]},\"debuffSkillMNCondition\":{\"0\":[\"monsterAlive,4,bossAll\",\"_buffTurn_,2,1\",\"mp,1,50\"]},\"debuffSkillSiCondition\":{\"0\":[\"monsterAlive,4,bossAll\",\"_buffTurn_,2,1\",\"mp,1,50\"]},\"debuffSkillDrCondition\":{\"0\":[\"monsterAlive,4,bossAll\",\"_buffTurn_,2,1\",\"mp,1,50\"]},\"debuffSkillWeCondition\":{\"0\":[\"monsterAlive,4,bossAll\",\"_buffTurn_,2,1\",\"mp,1,50\"]},\"debuffSkillTurn\":{\"Sle\":0,\"Bl\":1,\"Slo\":1,\"Im\":1,\"MN\":1,\"Si\":1,\"Dr\":1,\"We\":1,\"Co\":0},\"skillOrderValue\":\"OFC,T3,T2,T1\",\"skillOrder\":{\"OFC\":true,\"T3\":true,\"T2\":true,\"T1\":true},\"skill\":{\"OFC\":true,\"T3\":true,\"T2\":true,\"T1\":true},\"skillOFCCondition\":{\"0\":[\"oc,1,200\"]},\"fightingStyle\":\"2\",\"mercifulBlow\":true,\"skillT3Condition\":{\"0\":[\"oc,2,200\"]},\"skillT2Condition\":{\"0\":[\"oc,2,200\"]},\"skillT1Condition\":{\"0\":[\"oc,2,200\"]},\"weight\":{\"Sle\":5,\"Bl\":3,\"Slo\":3,\"Im\":-5,\"MN\":-4,\"Si\":-4,\"Dr\":-4,\"We\":-4,\"Co\":-1,\"CM\":-5,\"Stun\":-4,\"PA\":-4,\"BW\":-4},\"dropQuality\":\"5\",\"roundNow\":\"1\",\"roundAll\":\"1\"}}","drop":"o{\"#startTime\":\"2020/5/24 19:29:19\",\"#EXP\":854678998,\"#Credit\":77658,\"Health Draught\":93,\"Crystal of Cunning\":222,\"Infusion of Lightning\":2,\"Health Potion\":32,\"Monster Cuisine\":40,\"Crystal of Vigor\":210,\"Crystal of Corruption\":132,\"Crystal of Knowledge\":174,\"Crystal of Lightning\":180,\"Crystal of Devotion\":198,\"Monster Chow\":79,\"Crystal of Frost\":186,\"Monster Edibles\":55,\"Crystal of Flames\":174,\"Spirit Draught\":35,\"Infusion of Darkness\":2,\"Mana Draught\":102,\"Crystal of Fortitude\":186,\"Spirit Potion\":12,\"Crystal of Swiftness\":144,\"Crystal of Finesse\":120,\"Scroll of Life\":3,\"Mana Potion\":29,\"Crystal of Tempest\":156,\"Hinamatsuri Doll\":1,\"Soul Fragments\":6,\"Happy Pills\":5,\"Scroll of the Gods\":1,\"Scroll of Protection\":3,\"Infusion of Divinity\":4,\"Featherweight Shard\":3,\"Spirit Elixir\":2,\"Mana Elixir\":3,\"Scroll of Swiftness\":6,\"Chaos Token\":5,\"Sapling\":1,\"Equipment of Magnificent\":3,\"Scroll of Absorption\":6,\"Scroll of Shadows\":5,\"Precursor Artifact\":2,\"Dalek Voicebox\":3,\"Bunny-Girl Costume\":1,\"Health Elixir\":1,\"Broken Glasses\":1,\"ManBearPig Tail\":2,\"Mithra's Flower\":2,\"Scroll of the Avatar\":1,\"Infusion of Frost\":1}","lastEncounter":"shttps://hentaiverse.org/?s=Battle&ss=ba&encounter=MzMyMTQ2NS0xNTg4NzU1NTczLTNlYzE3NDZjODAzN2RmYmQ4ZTE5Njk5MGJkMjM2NGI1NjQ3MWMwZjM=","monsterStatus":"o[{\"order\":0,\"id\":1,\"hp\":122322,\"isDead\":true,\"hpNow\":null},{\"order\":1,\"id\":2,\"hp\":157852,\"isDead\":false,\"hpNow\":146014},{\"order\":2,\"id\":3,\"hp\":116896,\"isDead\":true,\"hpNow\":null},{\"order\":3,\"id\":4,\"hp\":155140,\"isDead\":false,\"hpNow\":138334},{\"order\":4,\"id\":5,\"hp\":122322,\"isDead\":false,\"hpNow\":77471},{\"order\":5,\"id\":6,\"hp\":125100,\"isDead\":false,\"hpNow\":88613}]","option":"o{\"version\":\"2.90\",\"lang\":\"0\",\"buffSkillSwitch\":true,\"debuffSkillSwitch\":true,\"skillSwitch\":true,\"dropMonitor\":true,\"recordUsage\":true,\"hp1\":75,\"mp1\":75,\"sp1\":75,\"attackStatus\":0,\"pauseButton\":true,\"pauseHotkey\":true,\"pauseHotkeyStr\":\" \",\"pauseHotkeyCode\":32,\"riddleRadio\":true,\"turnOnSS\":true,\"turnOnSSCondition\":{\"0\":[\"oc,1,249\"]},\"delayAlertTime\":0,\"delayReloadTime\":0,\"riddleAnswerTime\":5,\"staminaLose\":5,\"staminaPause\":true,\"staminaWarn\":true,\"idleArenaTime\":60,\"idleArenaLevels\":\"GF\",\"idleArenaValue\":\"gr\",\"arLevel\":{\"GF\":true},\"idleArenaGrTime\":999,\"repairValue\":0,\"autoPause\":true,\"pauseCondition\":{\"0\":[\"hp,2,30\"]},\"staminaLow\":30,\"delay\":200,\"delay2\":30,\"itemOrderName\":\"Cure,FC,HP,MP,SP,ME\",\"itemOrderValue\":\"311,313,11195,11295,11395,11299\",\"itemOrder\":{\"Cure\":true,\"FC\":true,\"HP\":true,\"MP\":true,\"ME\":true,\"SP\":true},\"item\":{\"Cure\":true,\"FC\":true,\"HP\":true,\"MP\":true,\"ME\":true,\"SP\":true},\"itemCureCondition\":{\"0\":[\"hp,2,60\"]},\"itemFCCondition\":{\"0\":[\"hp,2,40\"]},\"itemHPCondition\":{\"0\":[\"hp,2,50\"]},\"itemMPCondition\":{\"0\":[\"mp,2,50\"]},\"itemMECondition\":{\"0\":[\"mp,2,10\"]},\"itemSPCondition\":{\"0\":[\"sp,2,50\"]},\"channelSkill\":{\"AF\":true,\"He\":true,\"Re\":true},\"channelSkill2\":true,\"channelSkill2OrderName\":\"Cu,FC,AF,He,Re\",\"channelSkill2OrderValue\":\"311,313,432,431,312\",\"channelSkill2Order\":{\"Cu\":true,\"FC\":true,\"AF\":true,\"He\":true,\"Re\":true},\"buffSkillOrderValue\":\"Re,He\",\"buffSkillOrder\":{\"He\":true,\"Re\":true},\"buffSkill\":{\"HD\":true,\"MD\":true,\"SD\":true,\"He\":true,\"Re\":true,\"Ab\":true},\"buffSkillHDCondition\":{\"0\":[\"hp,2,70\"]},\"buffSkillMDCondition\":{\"0\":[\"hp,2,70\"]},\"buffSkillSDCondition\":{\"0\":[\"sp,2,70\"]},\"buffSkillHeCondition\":{\"0\":[\"_buffTurn_,2,2\"]},\"buffSkillReCondition\":{\"0\":[\"hp,2,80\"]},\"buffSkillAbCondition\":{\"0\":[\"_buffTurn_,2,1\"]},\"debuffSkillOrderValue\":\"Slo,Im,Si,Dr,We,MN,Bl\",\"debuffSkillOrder\":{\"Bl\":true,\"Slo\":true,\"Im\":true,\"MN\":true,\"Si\":true,\"Dr\":true,\"We\":true},\"debuffSkill\":{\"Bl\":true,\"Slo\":true,\"Im\":true,\"MN\":true,\"Si\":true,\"Dr\":true,\"We\":true},\"debuffSkillBlCondition\":{\"0\":[\"monsterAlive,4,bossAll\",\"_buffTurn_,2,1\",\"mp,1,50\"]},\"debuffSkillWeSlondition\":{\"0\":[\"monsterAlive,4,bossAll\",\"_buffTurn_,2,1\",\"mp,1,50\"]},\"debuffSkillImCondition\":{\"0\":[\"monsterAlive,4,bossAll\",\"_buffTurn_,2,1\",\"mp,1,50\"]},\"debuffSkillMNCondition\":{\"0\":[\"monsterAlive,4,bossAll\",\"_buffTurn_,2,1\",\"mp,1,50\"]},\"debuffSkillSiCondition\":{\"0\":[\"monsterAlive,4,bossAll\",\"_buffTurn_,2,1\",\"mp,1,50\"]},\"debuffSkillDrCondition\":{\"0\":[\"monsterAlive,4,bossAll\",\"_buffTurn_,2,1\",\"mp,1,50\"]},\"debuffSkillWeCondition\":{\"0\":[\"monsterAlive,4,bossAll\",\"_buffTurn_,2,1\",\"mp,1,50\"]},\"debuffSkillTurn\":{\"Sle\":0,\"Bl\":1,\"Slo\":1,\"Im\":1,\"MN\":1,\"Si\":1,\"Dr\":1,\"We\":1,\"Co\":0},\"skillOrderValue\":\"OFC,T3,T2,T1\",\"skillOrder\":{\"OFC\":true,\"T3\":true,\"T2\":true,\"T1\":true},\"skill\":{\"OFC\":true,\"T3\":true,\"T2\":true,\"T1\":true},\"skillOFCCondition\":{\"0\":[\"oc,1,200\"]},\"fightingStyle\":\"2\",\"mercifulBlow\":true,\"skillT3Condition\":{\"0\":[\"oc,2,200\"]},\"skillT2Condition\":{\"0\":[\"oc,2,200\"]},\"skillT1Condition\":{\"0\":[\"oc,2,200\"]},\"weight\":{\"Sle\":5,\"Bl\":3,\"Slo\":3,\"Im\":-5,\"MN\":-4,\"Si\":-4,\"Dr\":-4,\"We\":-4,\"Co\":-1,\"CM\":-5,\"Stun\":-4,\"PA\":-4,\"BW\":-4},\"dropQuality\":\"5\",\"roundNow\":\"12\",\"roundAll\":\"80\"}","roundAll":"n60","roundNow":"n43","roundType":"sar","staminaLostLog":"o{\"2020/4/9 22:39:57\":3,\"2020/4/10 18:30:53\":3,\"2020/4/12 11:51:28\":3,\"2020/4/17 17:00:58\":1,\"2020/4/18 13:37:48\":2,\"2020/4/21 20:17:45\":1,\"2020/4/26 17:30:38\":1,\"2020/4/27 23:26:40\":2,\"2020/4/29 10:04:32\":2,\"2020/4/29 17:13:03\":3,\"2020/5/3 18:45:45\":1,\"2020/5/10 19:14:15\":2,\"2020/5/16 18:26:48\":1,\"2020/5/17 14:26:41\":2,\"2020/5/17 14:35:14\":3,\"2020/5/17 15:51:12\":5,\"2020/5/18 11:20:11\":5,\"2020/5/19 11:16:31\":7,\"2020/5/19 17:03:28\":3,\"2020/5/19 17:25:12\":5,\"2020/5/20 21:24:24\":7,\"2020/5/22 11:16:14\":7,\"2020/5/22 18:12:07\":5,\"2020/5/23 11:21:48\":5,\"2020/5/23 20:50:02\":5,\"2020/5/24 13:16:16\":7,\"2020/5/24 19:49:45\":7,\"2020/5/24 20:18:56\":10,\"2020/5/25 15:32:54\":10,\"2020/5/25 15:40:20\":10,\"2020/5/25 16:11:44\":15,\"2020/5/25 20:10:42\":10}","stats":"o{\"self\":{\"_startTime\":\"2020/5/24 19:29:05\",\"_turn\":24619,\"_round\":597,\"_battle\":13,\"_monster\":3202,\"_boss\":14,\"evade\":25919,\"miss\":2351,\"focus\":0,\"attack\":19830,\"spirit\":537},\"restore\":{\"Regen\":11695004,\"Replenishment\":74137,\"Regeneration\":1046416,\"Mana Potion\":236981,\"Cure\":905357,\"Spirit Gem\":3570,\"Refreshment\":15007,\"Health Gem\":155606,\"Mana Gem\":9401,\"drain\":220913,\"魔力 药水\":9173,\"Full-Cure\":18100,\"Mana Elixir\":3571},\"items\":{\"Health Draught\":98,\"Mana Draught\":95,\"Mana Potion\":336,\"Spirit Gem\":17,\"Spirit Draught\":25,\"Health Gem\":20,\"Mana Gem\":20,\"Mystic Gem\":29,\"魔力 药水\":13,\"灵力 长效药\":1,\"Mana Elixir\":2},\"magic\":{\"缓慢\":5,\"Orbital Friendship Cannon\":475,\"Shield Bash\":255,\"Slow\":2252,\"Merciful Blow\":135,\"Vital Strike\":133,\"Regen\":119,\"Cure\":83,\"Heartseeker\":46,\"Imperil\":73,\"Silence\":19,\"Drain\":15,\"Weaken\":43,\"MagNet\":11,\"Blind\":7,\"Full-Cure\":1},\"damage\":{\"spike shield\":777310,\"Holy Strike\":30575808,\"hit\":83420045,\"counter\":60278527,\"crit\":121248657,\"Orbital Friendship Cannon\":247857420,\"Shield Bash\":4219340,\"Merciful Blow\":19256723,\"Vital Strike\":10463684,\"Bleeding Wound\":532685,\"Vital Theft\":27000},\"hurt\":{\"mp\":326764,\"oc\":4861,\"_avg\":1406,\"_count\":9908,\"_total\":13933288,\"_mavg\":2981,\"_mcount\":1207,\"_mtotal\":3597921,\"_pavg\":1188,\"_pcount\":8701,\"_ptotal\":10335367,\"crush\":4728297,\"slash\":1821307,\"pierc\":3826743,\"fire\":596555,\"spirit shield_spirit\":13889,\"holy\":1301535,\"dark\":464448,\"elec\":555539,\"cold\":365041,\"wind\":450367,\"void\":1084425},\"proficiency\":{\"supportive magic\":0.075,\"heavy armor\":0.074,\"one-handed weapon\":0.074,\"deprecating magic\":0.074,\"forbidden magic\":0.244,\"divine magic\":0.244,\"elemental magic\":0.244,\"light armor\":0.245,\"cloth armor\":0.244,\"staff\":0.244,\"dual wielding\":0.244,\"two-handed weapon\":0.244}}","url":"shttps://hentaiverse.org"},"ts":1590409347666}