{"data":{"historyRecommend":"s[{\"title\":\"高考失败，人生毁了吗?\",\"cover\":\"https://i2.hdslb.com/bfs/archive/17b94f80ca9245da5bc864ab468026e6f2541da7.jpg\",\"uri\":\"bilibili://video/839042346\",\"param\":\"839042346\",\"goto\":\"av\",\"desc\":\"1982弹幕\",\"play\":232868,\"danmaku\":1982,\"reply\":1591,\"favorite\":18283,\"coin\":17724,\"share\":3586,\"like\":29878,\"duration\":821,\"idx\":1596427804,\"cid\":218934600,\"tid\":208,\"tname\":\"校园学习\",\"tag\":{\"tag_id\":634574,\"tag_name\":\"经验分享\",\"count\":{\"atten\":31164}},\"dislike_reasons\":[{\"reason_id\":4,\"reason_name\":\"UP主:二二酸酸\"},{\"reason_id\":2,\"reason_name\":\"分区:校园学习\"},{\"reason_id\":3,\"reason_name\":\"标签:经验分享\"},{\"reason_id\":1,\"reason_name\":\"不感兴趣\"}],\"ctime\":1596254437,\"autoplay\":1,\"mid\":106685726,\"name\":\"二二酸酸\",\"face\":\"http://i1.hdslb.com/bfs/face/fbcd640668be54fd4cc09489c74bb772cd207663.jpg\",\"official\":{\"role\":1,\"title\":\"bilibili 知名UP主\"},\"autoplay_card\":2},{\"title\":\"猫：不要啊！我裂开了啊啊啊啊！\",\"cover\":\"https://i2.hdslb.com/bfs/archive/be58598f6d3f76b9ee66b5ac003d642fc713fd2a.jpg\",\"uri\":\"bilibili://video/754117257\",\"param\":\"754117257\",\"goto\":\"av\",\"desc\":\"3001弹幕\",\"play\":237008,\"danmaku\":3001,\"reply\":1269,\"favorite\":3162,\"coin\":5264,\"share\":310,\"like\":42133,\"duration\":422,\"idx\":1596427803,\"cid\":219298476,\"tid\":75,\"tname\":\"动物圈\",\"tag\":{\"tag_id\":6943,\"tag_name\":\"萌宠\",\"count\":{\"atten\":400254}},\"dislike_reasons\":[{\"reason_id\":4,\"reason_name\":\"UP主:靖菌命\"},{\"reason_id\":2,\"reason_name\":\"分区:动物圈\"},{\"reason_id\":3,\"reason_name\":\"标签:萌宠\"},{\"reason_id\":1,\"reason_name\":\"不感兴趣\"}],\"ctime\":1596340831,\"autoplay\":1,\"mid\":4059920,\"name\":\"靖菌命\",\"face\":\"http://i2.hdslb.com/bfs/face/6f6411b3d701ad213df75b8f9ad8910fc1ebe408.jpg\",\"official\":{\"role\":1,\"title\":\"bilibili 知名游戏UP主、直播签约主播\"}},{\"title\":\"军方：藏不住了，爷摊牌了！！！\",\"cover\":\"https://i0.hdslb.com/bfs/archive/0eb258ca69d550f646466a5bfe43a8ddeb40e928.jpg\",\"uri\":\"bilibili://video/286551033\",\"param\":\"286551033\",\"goto\":\"av\",\"desc\":\"715弹幕\",\"play\":653002,\"danmaku\":715,\"reply\":732,\"favorite\":5817,\"coin\":8351,\"share\":328,\"like\":42005,\"duration\":334,\"idx\":1596427802,\"cid\":218732191,\"tid\":17,\"tname\":\"单机游戏\",\"tag\":{\"tag_id\":17683,\"tag_name\":\"单机游戏\",\"count\":{\"atten\":704237}},\"dislike_reasons\":[{\"reason_id\":4,\"reason_name\":\"UP主:丢鹏D1uuu\"},{\"reason_id\":2,\"reason_name\":\"分区:单机游戏\"},{\"reason_id\":3,\"reason_name\":\"标签:单机游戏\"},{\"reason_id\":1,\"reason_name\":\"不感兴趣\"}],\"ctime\":1596183422,\"autoplay\":1,\"mid\":10557732,\"name\":\"丢鹏D1uuu\",\"face\":\"http://i2.hdslb.com/bfs/face/86bb54dbdb4159f75c696ed82edb7467f1d256c0.jpg\"},{\"title\":\"人类幼崽可爱大赏\",\"cover\":\"https://i0.hdslb.com/bfs/archive/f4f48104c50432e382c64b68f341153d2c247304.jpg\",\"uri\":\"bilibili://video/201532072\",\"param\":\"201532072\",\"goto\":\"av\",\"desc\":\"395弹幕\",\"play\":73205,\"danmaku\":395,\"reply\":257,\"favorite\":927,\"coin\":912,\"share\":235,\"like\":7851,\"duration\":244,\"idx\":1596427801,\"cid\":219610893,\"tid\":138,\"tname\":\"搞笑\",\"tag\":{\"tag_id\":1240,\"tag_name\":\"萌\",\"count\":{\"atten\":66855}},\"dislike_reasons\":[{\"reason_id\":4,\"reason_name\":\"UP主:中国沙雕协会官方\"},{\"reason_id\":2,\"reason_name\":\"分区:搞笑\"},{\"reason_id\":3,\"reason_name\":\"标签:萌\"},{\"reason_id\":1,\"reason_name\":\"不感兴趣\"}],\"ctime\":1596369884,\"autoplay\":1,\"mid\":285407581,\"name\":\"中国沙雕协会官方\",\"face\":\"http://i2.hdslb.com/bfs/face/e8e3eb39e6e3d7b7a149c3547e453e070094f67b.jpg\",\"official\":{\"role\":1,\"title\":\"bilibili 新星UP主\",\"desc\":\"“2020新星计划春季赛”获奖者\"}},{\"title\":\"帕梅拉 莱孚 10min新手臀腿训练 有间隔！初级友好！(Pamela Reif Official)\",\"cover\":\"https://i0.hdslb.com/bfs/archive/922255317bab89247d4529e204f9707f7a3a34e1.jpg\",\"uri\":\"bilibili://video/329104653\",\"param\":\"329104653\",\"goto\":\"av\",\"desc\":\"808弹幕\",\"play\":193318,\"danmaku\":808,\"reply\":742,\"favorite\":21024,\"coin\":3366,\"share\":1290,\"like\":11359,\"duration\":631,\"idx\":1596427800,\"cid\":218857277,\"tid\":164,\"tname\":\"健身\",\"tag\":{\"tag_id\":1513253,\"tag_name\":\"瘦身塑形\",\"count\":{\"atten\":296147}},\"dislike_reasons\":[{\"reason_id\":4,\"reason_name\":\"UP主:帕梅拉PamelaReif\"},{\"reason_id\":2,\"reason_name\":\"分区:健身\"},{\"reason_id\":3,\"reason_name\":\"标签:瘦身塑形\"},{\"reason_id\":1,\"reason_name\":\"不感兴趣\"}],\"ctime\":1596203094,\"autoplay\":1,\"mid\":604003146,\"name\":\"帕梅拉PamelaReif\",\"face\":\"http://i2.hdslb.com/bfs/face/0fe6383b61e12e876a3ad9f4988454acbce3d59e.jpg\",\"official\":{\"role\":2,\"title\":\"PamelaReif官方账号，健身UP主\"}},{\"title\":\"【灵魂解说/明日方舟】方舟最不当人的打法 全球总决赛第三局 正片\",\"cover\":\"https://i0.hdslb.com/bfs/archive/7588819bb4d0826735d0dde22c87595d111dfef6.jpg\",\"uri\":\"bilibili://video/541623273\",\"param\":\"541623273\",\"goto\":\"av\",\"desc\":\"3824弹幕\",\"play\":267009,\"danmaku\":3824,\"reply\":2572,\"favorite\":12074,\"coin\":23648,\"share\":4347,\"like\":34438,\"duration\":709,\"idx\":1596427799,\"cid\":218919212,\"tid\":172,\"tname\":\"手机游戏\",\"tag\":{\"tag_id\":673152,\"tag_name\":\"实况攻略\",\"count\":{\"atten\":24753}},\"dislike_reasons\":[{\"reason_id\":4,\"reason_name\":\"UP主:北绊半球\"},{\"reason_id\":2,\"reason_name\":\"分区:手机游戏\"},{\"reason_id\":3,\"reason_name\":\"标签:实况攻略\"},{\"reason_id\":1,\"reason_name\":\"不感兴趣\"}],\"ctime\":1596244695,\"autoplay\":1,\"mid\":37870958,\"name\":\"北绊半球\",\"face\":\"http://i0.hdslb.com/bfs/face/150b4d8cac108f46d18cdd9b771cd94a7a6682d5.jpg\"},{\"title\":\"若能化作彗星【本家演唱】(Acoustic \\\"Nightwalker\\\" Arrange)\",\"cover\":\"https://i0.hdslb.com/bfs/archive/b2dc24edbb8f601f95014d44b8cdc4187a5a8e6f.jpg\",\"uri\":\"bilibili://video/329112320\",\"param\":\"329112320\",\"goto\":\"av\",\"desc\":\"198弹幕\",\"play\":28392,\"danmaku\":198,\"reply\":345,\"favorite\":3306,\"coin\":3278,\"share\":504,\"like\":6406,\"duration\":240,\"idx\":1596427798,\"cid\":219560005,\"tid\":28,\"tname\":\"原创音乐\",\"tag\":{\"tag_id\":72138,\"tag_name\":\"原创歌曲\",\"count\":{\"atten\":204048}},\"dislike_reasons\":[{\"reason_id\":4,\"reason_name\":\"UP主:春卷饭harumakigohan\"},{\"reason_id\":2,\"reason_name\":\"分区:原创音乐\"},{\"reason_id\":3,\"reason_name\":\"标签:原创歌曲\"},{\"reason_id\":1,\"reason_name\":\"不感兴趣\"}],\"ctime\":1596365355,\"autoplay\":1,\"mid\":251134371,\"name\":\"春卷饭harumakigohan\",\"face\":\"http://i2.hdslb.com/bfs/face/a8474a456efad20c20660ed53723e772fc7676d6.jpg\"},{\"title\":\"全是奥尔加的街道\",\"cover\":\"https://i2.hdslb.com/bfs/archive/98efbf31f7ba50c74761df32ee2dab9155bae861.jpg\",\"uri\":\"bilibili://video/884095329\",\"param\":\"884095329\",\"goto\":\"av\",\"desc\":\"136弹幕\",\"play\":26592,\"danmaku\":136,\"reply\":167,\"favorite\":1040,\"coin\":541,\"share\":377,\"like\":2596,\"duration\":111,\"idx\":1596427797,\"cid\":219652135,\"tid\":27,\"tname\":\"综合\",\"tag\":{\"tag_id\":307668,\"tag_name\":\"希望之花\",\"count\":{\"atten\":783}},\"dislike_reasons\":[{\"reason_id\":4,\"reason_name\":\"UP主:十進制\"},{\"reason_id\":2,\"reason_name\":\"分区:综合\"},{\"reason_id\":3,\"reason_name\":\"标签:希望之花\"},{\"reason_id\":1,\"reason_name\":\"不感兴趣\"}],\"ctime\":1596365801,\"autoplay\":1,\"mid\":34171704,\"name\":\"十進制\",\"face\":\"http://i0.hdslb.com/bfs/face/bd655bfd03f68310b95d8e332b986ee0e0e8ea44.jpg\"},{\"title\":\"又好吃又好看又不难制作“海鲜芒果盏”，不正是大家要找的吗？\",\"cover\":\"https://i2.hdslb.com/bfs/archive/e07695e3ffab6f04607180cc1dfd66ecf28463b0.jpg\",\"uri\":\"bilibili://video/841604819\",\"param\":\"841604819\",\"goto\":\"av\",\"desc\":\"751弹幕\",\"play\":145516,\"danmaku\":751,\"reply\":433,\"favorite\":1817,\"coin\":3745,\"share\":269,\"like\":14535,\"duration\":229,\"idx\":1596427796,\"cid\":219416835,\"tid\":76,\"tname\":\"美食圈\",\"tag\":{\"tag_id\":20215,\"tag_name\":\"美食\",\"count\":{\"atten\":1462204}},\"dislike_reasons\":[{\"reason_id\":4,\"reason_name\":\"UP主:主厨农国栋\"},{\"reason_id\":2,\"reason_name\":\"分区:美食圈\"},{\"reason_id\":3,\"reason_name\":\"标签:美食\"},{\"reason_id\":1,\"reason_name\":\"不感兴趣\"}],\"ctime\":1596344299,\"autoplay\":1,\"mid\":415479453,\"name\":\"主厨农国栋\",\"face\":\"http://i0.hdslb.com/bfs/face/29b739d5dee8635015fdeeac77e68e58f3de3cb0.jpg\",\"official\":{\"role\":1,\"title\":\"bilibili 知名美食UP主\"}},{\"title\":\"第四次婴儿潮缺席，影响了5亿人的养老。【牛先森避坑指南】\",\"cover\":\"https://i2.hdslb.com/bfs/archive/babec8016ae8098b5647b165c599d675ad47bf2a.jpg\",\"uri\":\"bilibili://video/669061969\",\"param\":\"669061969\",\"goto\":\"av\",\"desc\":\"5902弹幕\",\"play\":116485,\"danmaku\":5902,\"reply\":3725,\"favorite\":2120,\"coin\":1124,\"share\":2108,\"like\":4218,\"duration\":1072,\"idx\":1596427795,\"cid\":219115332,\"tid\":207,\"tname\":\"财经\",\"tag\":{\"tag_id\":39107,\"tag_name\":\"金融\",\"count\":{\"atten\":8254}},\"dislike_reasons\":[{\"reason_id\":4,\"reason_name\":\"UP主:牛先森财商\"},{\"reason_id\":2,\"reason_name\":\"分区:财经\"},{\"reason_id\":3,\"reason_name\":\"标签:金融\"},{\"reason_id\":1,\"reason_name\":\"不感兴趣\"}],\"ctime\":1596287630,\"autoplay\":1,\"mid\":550548301,\"name\":\"牛先森财商\",\"face\":\"http://i0.hdslb.com/bfs/face/45d2a29476dd889bf8df28fdf741b5db37c2a23b.jpg\",\"official\":{\"role\":3,\"title\":\"云禾科技（北京）有限公司官方账号\"}}]"},"ts":1596427801353}