{"data":{"CatPW":"o{\"date\":\"2020/7/31\",\"sCode\":\"\",\"unPW\":\"\",\"Src\":\"http://pan.baidu.com/s/1pJjpkkb\",\"surl\":\"\",\"Hash\":\"\",\"webSrc\":\"https%3A%2F%2Fwww.chiphell.com%2Fthread-1028910-1-1.html\",\"webTitle\":\"%E5%BF%AB%E9%80%9F%E8%8E%B7%E5%8F%96%E8%87%AA%E5%B7%B1%E7%AC%94%E8%AE%B0%E6%9C%AC%E5%B1%8F%E5%B9%95%E8%89%B2%E5%9F%9F%E7%9A%84%E6%96%B9%E6%B3%95%EF%BC%88%E8%BD%AC%E5%B8%96%EF%BC%89%20-%20%E6%8E%8C%E8%AE%BE%E7%AC%94%E7%94%B5%20-%20Chiphell%20-%20%E5%88%86%E4%BA%AB%E4%B8%8E%E4%BA%A4%E6%B5%81%E7%94%A8%E6%88%B7%E4%BD%93%E9%AA%8C\"}","CatPW_Manage":"o{\"StorageSave\":true,\"UpdataConfig\":{\"UpdataSave\":true,\"UpdataNotify\":true,\"UpdataPlugin\":true,\"UpdataVersion\":\"3.12.7\"},\"StorageExp\":\"999\"}"},"ts":1596167619236}