{"data":{"historyRecommend":"s[{\"title\":\"【史里芬】经验再丰富的导游也怕带教师团\",\"cover\":\"https://i1.hdslb.com/bfs/archive/63ab83bc644beaa656b9340aa97a156f38f4fe2f.jpg\",\"uri\":\"bilibili://video/371687471\",\"param\":\"371687471\",\"goto\":\"av\",\"desc\":\"694弹幕\",\"play\":105459,\"danmaku\":694,\"reply\":391,\"favorite\":1192,\"coin\":3129,\"share\":1220,\"like\":8097,\"duration\":356,\"idx\":1597220475,\"cid\":223008278,\"tid\":138,\"tname\":\"搞笑\",\"tag\":{\"tag_id\":2511282,\"tag_name\":\"vlog\",\"count\":{\"atten\":424348}},\"dislike_reasons\":[{\"reason_id\":4,\"reason_name\":\"UP主:史里芬Schlieffen\"},{\"reason_id\":2,\"reason_name\":\"分区:搞笑\"},{\"reason_id\":3,\"reason_name\":\"标签:vlog\"},{\"reason_id\":1,\"reason_name\":\"不感兴趣\"}],\"ctime\":1597143626,\"autoplay\":1,\"mid\":323733137,\"name\":\"史里芬Schlieffen\",\"face\":\"http://i0.hdslb.com/bfs/face/a9282f46a33b087983d161d4f23a20e7df2da32b.jpg\",\"official\":{\"role\":1,\"title\":\"Vlog领域优质UP主，史里芬官方账号\"},\"autoplay_card\":2},{\"title\":\"华农兄弟：炸点烫皮，边钓鱼边吃，钓不到就下去抓\",\"cover\":\"https://i1.hdslb.com/bfs/archive/38e2be19c12e03068d8215b2c0647a2abf97c4af.jpg\",\"uri\":\"bilibili://video/711703359\",\"param\":\"711703359\",\"goto\":\"av\",\"desc\":\"21750弹幕\",\"play\":1525853,\"danmaku\":21750,\"reply\":3415,\"favorite\":3655,\"coin\":16068,\"share\":1410,\"like\":108879,\"duration\":492,\"idx\":1597220474,\"cid\":222068465,\"tid\":76,\"tname\":\"美食圈\",\"tag\":{\"tag_id\":20215,\"tag_name\":\"美食\",\"count\":{\"atten\":1487040}},\"dislike_reasons\":[{\"reason_id\":4,\"reason_name\":\"UP主:华农兄弟\"},{\"reason_id\":2,\"reason_name\":\"分区:美食圈\"},{\"reason_id\":3,\"reason_name\":\"标签:美食\"},{\"reason_id\":1,\"reason_name\":\"不感兴趣\"}],\"ctime\":1596944104,\"autoplay\":1,\"mid\":250858633,\"name\":\"华农兄弟\",\"face\":\"http://i0.hdslb.com/bfs/face/bac504655c69ab937b0be4557e27535f794b0c66.jpg\",\"official\":{\"role\":1,\"title\":\"bilibili 知名UP主\"}},{\"title\":\"感动！宝哥登台献唱引发粉丝互动大合唱！up瞬间没忍住！\",\"cover\":\"https://i1.hdslb.com/bfs/archive/470b3e23ec4a3488baaa8a44e937ff62a89d4d22.jpg\",\"uri\":\"bilibili://video/201632956\",\"param\":\"201632956\",\"goto\":\"av\",\"desc\":\"508弹幕\",\"play\":111035,\"danmaku\":508,\"reply\":443,\"favorite\":890,\"coin\":1709,\"share\":491,\"like\":4244,\"duration\":378,\"idx\":1597220473,\"cid\":223238164,\"tid\":65,\"tname\":\"网络游戏\",\"tag\":{\"tag_id\":5033,\"tag_name\":\"DNF\",\"count\":{\"atten\":227150}},\"dislike_reasons\":[{\"reason_id\":4,\"reason_name\":\"UP主:不二青风\"},{\"reason_id\":2,\"reason_name\":\"分区:网络游戏\"},{\"reason_id\":3,\"reason_name\":\"标签:DNF\"},{\"reason_id\":1,\"reason_name\":\"不感兴趣\"}],\"ctime\":1597153555,\"autoplay\":1,\"mid\":40936534,\"name\":\"不二青风\",\"face\":\"http://i2.hdslb.com/bfs/face/f1bb187a33ed1b0727c7094b09d5dc6a302ea50b.jpg\"},{\"title\":\"【三十而已】如果林有有遇到的是钟美美，要哭惨了吧\",\"cover\":\"https://i1.hdslb.com/bfs/archive/8ba867456cd2cf4fdcecafafb4a7301380ca0043.jpg\",\"uri\":\"bilibili://video/244185814\",\"param\":\"244185814\",\"goto\":\"av\",\"desc\":\"1161弹幕\",\"play\":258648,\"danmaku\":1161,\"reply\":318,\"favorite\":3814,\"coin\":3778,\"share\":4148,\"like\":15160,\"duration\":151,\"idx\":1597220472,\"cid\":222932700,\"tid\":138,\"tname\":\"搞笑\",\"tag\":{\"tag_id\":14560586,\"tag_name\":\"钟美美\",\"count\":{\"atten\":1637}},\"dislike_reasons\":[{\"reason_id\":4,\"reason_name\":\"UP主:北七和瓜呆的日常\"},{\"reason_id\":2,\"reason_name\":\"分区:搞笑\"},{\"reason_id\":3,\"reason_name\":\"标签:钟美美\"},{\"reason_id\":1,\"reason_name\":\"不感兴趣\"}],\"ctime\":1597086342,\"autoplay\":1,\"mid\":457474515,\"name\":\"北七和瓜呆的日常\",\"face\":\"http://i1.hdslb.com/bfs/face/b4b1f41c5ff7596353b88697abc34e0b5e254930.jpg\"},{\"title\":\"【戴建业】曹操好人妻？还对关羽横刀夺爱？\",\"cover\":\"https://i0.hdslb.com/bfs/archive/15031ab80825a799e2c8b56158f421bbd8db3ed7.jpg\",\"uri\":\"bilibili://video/796658327\",\"param\":\"796658327\",\"goto\":\"av\",\"desc\":\"1907弹幕\",\"play\":91375,\"danmaku\":1907,\"reply\":778,\"favorite\":1124,\"coin\":4012,\"share\":1022,\"like\":16256,\"duration\":284,\"idx\":1597220471,\"cid\":223101437,\"tid\":124,\"tname\":\"社科人文\",\"tag\":{\"tag_id\":15741883,\"tag_name\":\"知识分享官招募令·第五期\",\"count\":{\"atten\":280}},\"dislike_reasons\":[{\"reason_id\":4,\"reason_name\":\"UP主:戴建业老师\"},{\"reason_id\":2,\"reason_name\":\"分区:社科人文\"},{\"reason_id\":3,\"reason_name\":\"标签:知识分享官招募令·第五期\"},{\"reason_id\":1,\"reason_name\":\"不感兴趣\"}],\"ctime\":1597203050,\"autoplay\":1,\"mid\":532741557,\"name\":\"戴建业老师\",\"face\":\"http://i0.hdslb.com/bfs/face/aa1285817e741dac834daafe963780cf75b5ae5b.jpg\",\"official\":{\"role\":2,\"title\":\"华中师范大学教授\"}},{\"title\":\"【Minus丨官方试听曲】零和Zero-Sum【SynthV side】\",\"cover\":\"https://i0.hdslb.com/bfs/archive/117e001bb2a066eb2812c9a8cda0fd542f278851.jpg\",\"uri\":\"bilibili://video/754213280\",\"param\":\"754213280\",\"goto\":\"av\",\"desc\":\"463弹幕\",\"play\":41565,\"danmaku\":463,\"reply\":910,\"favorite\":3182,\"coin\":2595,\"share\":734,\"like\":4297,\"duration\":301,\"idx\":1597220470,\"cid\":223280373,\"tid\":30,\"tname\":\"VOCALOID·UTAU\",\"tag\":{\"tag_id\":72138,\"tag_name\":\"原创歌曲\",\"count\":{\"atten\":205929}},\"dislike_reasons\":[{\"reason_id\":4,\"reason_name\":\"UP主:五维介质Official\"},{\"reason_id\":2,\"reason_name\":\"分区:VOCALOID·UTAU\"},{\"reason_id\":3,\"reason_name\":\"标签:原创歌曲\"},{\"reason_id\":1,\"reason_name\":\"不感兴趣\"}],\"ctime\":1597161930,\"autoplay\":1,\"mid\":623328493,\"name\":\"五维介质Official\",\"face\":\"http://i1.hdslb.com/bfs/face/cdfa34d46808cbcb515031626e3c3f6804a9f8d4.jpg\"},{\"title\":\"当你请到了大老师本人来跟你连麦会怎么样！全程自爆\",\"cover\":\"https://i1.hdslb.com/bfs/archive/9f8f9ecf520c72eac64b992b7d6f1a19f831cb3e.jpg\",\"uri\":\"bilibili://video/626718795\",\"param\":\"626718795\",\"goto\":\"av\",\"desc\":\"2544弹幕\",\"play\":79960,\"danmaku\":2544,\"reply\":1252,\"favorite\":1335,\"coin\":2356,\"share\":210,\"like\":14188,\"duration\":411,\"idx\":1597220469,\"cid\":223178432,\"tid\":138,\"tname\":\"搞笑\",\"tag\":{\"tag_id\":1833,\"tag_name\":\"搞笑\",\"count\":{\"atten\":1952601}},\"dislike_reasons\":[{\"reason_id\":4,\"reason_name\":\"UP主:俺是小熊\"},{\"reason_id\":2,\"reason_name\":\"分区:搞笑\"},{\"reason_id\":3,\"reason_name\":\"标签:搞笑\"},{\"reason_id\":1,\"reason_name\":\"不感兴趣\"}],\"ctime\":1597146133,\"autoplay\":1,\"mid\":24218974,\"name\":\"俺是小熊\",\"face\":\"http://i1.hdslb.com/bfs/face/632a0109b8936449ecabcdefcbdfbfc8c2bc7e50.jpg\",\"official\":{\"role\":2,\"title\":\"bilibili 新星UP主\",\"desc\":\"第四届“bilibili 新星计划”获奖者\"}},{\"title\":\"【公主连结】夏日增量活动简单攻略~水妈碎片新刷取建议.N3H3刷取建议~\",\"cover\":\"https://i1.hdslb.com/bfs/archive/f77fe43994c10096fdcc43ed35ae35e2da25e8d5.jpg\",\"uri\":\"bilibili://video/711724932\",\"param\":\"711724932\",\"goto\":\"av\",\"desc\":\"375弹幕\",\"play\":129437,\"danmaku\":375,\"reply\":1037,\"favorite\":1732,\"coin\":2188,\"share\":422,\"like\":11532,\"duration\":250,\"idx\":1597220468,\"cid\":223271156,\"tid\":172,\"tname\":\"手机游戏\",\"tag\":{\"tag_id\":3007,\"tag_name\":\"手机游戏\",\"count\":{\"atten\":171480}},\"dislike_reasons\":[{\"reason_id\":4,\"reason_name\":\"UP主:丸子\"},{\"reason_id\":2,\"reason_name\":\"分区:手机游戏\"},{\"reason_id\":3,\"reason_name\":\"标签:手机游戏\"},{\"reason_id\":1,\"reason_name\":\"不感兴趣\"}],\"ctime\":1597156675,\"autoplay\":1,\"mid\":75,\"name\":\"丸子\",\"face\":\"http://i2.hdslb.com/bfs/face/8558700537e482f188c12dc22ded6ddb328e6cff.jpg\",\"official\":{\"role\":2,\"title\":\"bilibili 直播签约主播\"}},{\"title\":\"【前方高能】当歪嘴战神配上四川话，你没看过的船新版本\",\"cover\":\"https://i1.hdslb.com/bfs/archive/cf2527ef1e9abd49eb8ad6d84e8125aab2ca0c1e.jpg\",\"uri\":\"bilibili://video/201704957\",\"param\":\"201704957\",\"goto\":\"av\",\"desc\":\"974弹幕\",\"play\":350418,\"danmaku\":974,\"reply\":891,\"favorite\":2877,\"coin\":5301,\"share\":2139,\"like\":47222,\"duration\":114,\"idx\":1597220467,\"cid\":223129724,\"tid\":138,\"tname\":\"搞笑\",\"tag\":{\"tag_id\":1833,\"tag_name\":\"搞笑\",\"count\":{\"atten\":1952601}},\"dislike_reasons\":[{\"reason_id\":4,\"reason_name\":\"UP主:文西与阿漆\"},{\"reason_id\":2,\"reason_name\":\"分区:搞笑\"},{\"reason_id\":3,\"reason_name\":\"标签:搞笑\"},{\"reason_id\":1,\"reason_name\":\"不感兴趣\"}],\"ctime\":1597136384,\"autoplay\":1,\"mid\":94281836,\"name\":\"文西与阿漆\",\"face\":\"http://i2.hdslb.com/bfs/face/ae7a0c58232beb681c8d7470914b78f03dc2d313.jpg\",\"official\":{\"role\":1,\"title\":\"bilibili 知名搞笑UP主\"}},{\"title\":\"外卖买的披萨真的都会偷工减料吗？帅小伙一次性买五家披萨求真\",\"cover\":\"https://i0.hdslb.com/bfs/archive/c5363c4912ef55659c6c8739b0bcf83d07073492.jpg\",\"uri\":\"bilibili://video/456719094\",\"param\":\"456719094\",\"goto\":\"av\",\"desc\":\"14605弹幕\",\"play\":1996732,\"danmaku\":14605,\"reply\":4638,\"favorite\":9765,\"coin\":35234,\"share\":1523,\"like\":174324,\"duration\":319,\"idx\":1597220466,\"cid\":221612223,\"tid\":76,\"tname\":\"美食圈\",\"tag\":{\"tag_id\":20215,\"tag_name\":\"美食\",\"count\":{\"atten\":1487040}},\"dislike_reasons\":[{\"reason_id\":4,\"reason_name\":\"UP主:记录生活的蛋黄派\"},{\"reason_id\":2,\"reason_name\":\"分区:美食圈\"},{\"reason_id\":3,\"reason_name\":\"标签:美食\"},{\"reason_id\":1,\"reason_name\":\"不感兴趣\"}],\"ctime\":1596791911,\"autoplay\":1,\"mid\":337521240,\"name\":\"记录生活的蛋黄派\",\"face\":\"http://i1.hdslb.com/bfs/face/9ba6c7a0d3a2ebfe9db2f46219ece98e210d0269.jpg\",\"official\":{\"role\":1,\"title\":\"bilibili 2019百大UP主、知名美食UP主\",\"desc\":\"第一届“bilibili新星计划”获奖者\"}}]"},"ts":1597220928795}