{"data":{"CatPW":"o{\"date\":\"2020/8/12\",\"sCode\":\"\",\"unPW\":\"\",\"Src\":\"https://wwa.lanzous.com/iIT8dfhbrgb\",\"surl\":\"\",\"Hash\":\"\",\"webSrc\":\"https%3A%2F%2Fbbs.xiaolz.cn%2Fforum.php%3Fmod%3Dviewthread%26tid%3D227%26extra%3Dpage%253D2\",\"webTitle\":\"bilibili-%E5%93%94%E5%93%A9%E5%93%94%E5%93%A9%E6%8F%92%E4%BB%B6%20-%20%E6%8F%92%E4%BB%B6%E5%8F%91%E5%B8%83%20-%20%E5%B0%8F%E6%A0%97%E5%AD%90%E6%9C%BA%E5%99%A8%E4%BA%BA%E7%A4%BE%E5%8C%BA%20-%20Powered%20by%20Discuz!\"}","CatPW_Manage":"o{\"StorageSave\":true,\"UpdataConfig\":{\"UpdataSave\":true,\"UpdataNotify\":true,\"UpdataPlugin\":true,\"UpdataVersion\":\"3.12.7\"},\"StorageExp\":\"999\"}"},"ts":1597219630817}